case_id,canonical_selection_index,release_relative_path,private_reference_filename,historical_private_filename,match_status,identity_status,dataset_repository,dataset_revision,split,streaming,shuffle_seed,shuffle_buffer_size,minimum_resolution,selected_stream_index,source_path_or_key,imagenet_label,source_width,source_height,pre_transform_width,pre_transform_height,post_exif_width,post_exif_height,post_transform_width,post_transform_height,source_exif_orientation,applied_exif_transform,applied_resize,resize_resampling,resize_dimension_rounding,max_side,pre_normalization_png_size_bytes,png_size_trigger_bytes,png_compress_level,png_optimize,icc_profile_preserved,source_file_sha256,source_decoded_rgb_sha256,reconstructed_decoded_rgb_sha256,archived_decoded_rgb_sha256,private_file_sha256,post_preprocessing_match_status,datasets_version,pillow_version,python_version,hash_algorithm
1,1,data/raw_images/normal/1.png,1.png,1.png,exact_post_preprocessing_match,exact_post_preprocessing_match,ILSVRC/imagenet-1k,49e2ee26f3810fb5a7536bbf732a7b07389a47b5,train,true,42,10000,256,1,n02105162_3689_n02105162.JPEG,225,500,333,500,333,500,333,500,333,,false,false,,,,389990,3145728,6,false,false,90f83d90b0f0ad2c3d3aad6199d4a9258602da8097743ca598b246e1a793b388,f748f91199c31885e836453be0ed93336f5f0a6237736d360aa77750caf84fac,f748f91199c31885e836453be0ed93336f5f0a6237736d360aa77750caf84fac,f748f91199c31885e836453be0ed93336f5f0a6237736d360aa77750caf84fac,36a204c2b79fd2c93be4863ba205d79b2fa4c032f3bf9f3330bb7edfce8e4e87,exact,4.4.2,12.3.0,3.11.15,sha256(big_endian_uint32(width) || big_endian_uint32(height) || RGB_pixel_bytes_row_major)
2,2,data/raw_images/normal/2.png,2.png,2.png,exact_post_preprocessing_match,exact_post_preprocessing_match,ILSVRC/imagenet-1k,49e2ee26f3810fb5a7536bbf732a7b07389a47b5,train,true,42,10000,256,2,n02108422_11084_n02108422.JPEG,243,333,500,333,500,333,500,333,500,,false,false,,,,379127,3145728,6,false,true,9d1ac580b32cc930ee15656856328e0a70a349fb1d1e09571dec2a7741f819c5,7696eb1603a9268deb486a95094337771b8c676b200b603e3e21e4b041f28bc7,7696eb1603a9268deb486a95094337771b8c676b200b603e3e21e4b041f28bc7,7696eb1603a9268deb486a95094337771b8c676b200b603e3e21e4b041f28bc7,c6da3355c34c4caf2f6069a1d8bb1835afca4ed86880b8e31a808c5118032c3c,exact,4.4.2,12.3.0,3.11.15,sha256(big_endian_uint32(width) || big_endian_uint32(height) || RGB_pixel_bytes_row_major)
3,3,data/raw_images/normal/3.png,3.png,3.png,exact_post_preprocessing_match,exact_post_preprocessing_match,ILSVRC/imagenet-1k,49e2ee26f3810fb5a7536bbf732a7b07389a47b5,train,true,42,10000,256,3,n03461385_55493_n03461385.JPEG,582,500,402,500,402,500,402,500,402,,false,false,,,,420214,3145728,6,false,true,a54b714b3420f89a54d392e68bf0c28bf38da365daa0b2e4180c8f8482365012,41c4daae467cc8362b5058dddee569c3c946492f216ec51e183785ee05cbfeeb,41c4daae467cc8362b5058dddee569c3c946492f216ec51e183785ee05cbfeeb,41c4daae467cc8362b5058dddee569c3c946492f216ec51e183785ee05cbfeeb,200e8ed31040949bb29fc8eacf17ba10822a0e098774d9774d389c8718aba18a,exact,4.4.2,12.3.0,3.11.15,sha256(big_endian_uint32(width) || big_endian_uint32(height) || RGB_pixel_bytes_row_major)
4,4,data/raw_images/normal/4.png,4.png,4.png,exact_post_preprocessing_match,exact_post_preprocessing_match,ILSVRC/imagenet-1k,49e2ee26f3810fb5a7536bbf732a7b07389a47b5,train,true,42,10000,256,4,n03063599_2678_n03063599.JPEG,504,640,480,640,480,640,480,640,480,1,false,false,,,,160340,3145728,6,false,false,3b79dbe51be35b1c71b31672cfada687e52164ba8e1dfd0e90369d9a826c4a8d,ccee874db18770c75b63900455c1968de67b2eee563e6d9d97b61765a70a9549,ccee874db18770c75b63900455c1968de67b2eee563e6d9d97b61765a70a9549,ccee874db18770c75b63900455c1968de67b2eee563e6d9d97b61765a70a9549,2f51a4cde5d75bfe89cb3a9d448f087ecdf80c2ad1354f389f21256d90567a91,exact,4.4.2,12.3.0,3.11.15,sha256(big_endian_uint32(width) || big_endian_uint32(height) || RGB_pixel_bytes_row_major)
5,5,data/raw_images/normal/5.png,5.png,5.png,exact_post_preprocessing_match,exact_post_preprocessing_match,ILSVRC/imagenet-1k,49e2ee26f3810fb5a7536bbf732a7b07389a47b5,train,true,42,10000,256,6,n01630670_4859_n01630670.JPEG,26,500,375,500,375,500,375,500,375,,false,false,,,,405315,3145728,6,false,false,be19fbe313a7782dd60b19287be2f59c19d6562c69a8d99cc09cf06fa46a50dc,6c4a6d0a46127c01264c64f3d4ebfa1c6d049c50bf4d3e49f309e8a69a1eadf0,6c4a6d0a46127c01264c64f3d4ebfa1c6d049c50bf4d3e49f309e8a69a1eadf0,6c4a6d0a46127c01264c64f3d4ebfa1c6d049c50bf4d3e49f309e8a69a1eadf0,68b456c180892fcb82a2c11deaae707df2fefda8abc0c6e421d77b7f047797c8,exact,4.4.2,12.3.0,3.11.15,sha256(big_endian_uint32(width) || big_endian_uint32(height) || RGB_pixel_bytes_row_major)
6,6,data/raw_images/normal/6.png,6.png,6.png,exact_post_preprocessing_match,exact_post_preprocessing_match,ILSVRC/imagenet-1k,49e2ee26f3810fb5a7536bbf732a7b07389a47b5,train,true,42,10000,256,7,n01872401_3843_n01872401.JPEG,102,500,333,500,333,500,333,500,333,,false,false,,,,402169,3145728,6,false,false,2df78bf8f4052c55d0b309f1472628939c7cd92d0414e0eee7e7bcc42c76ae8f,47a039700f15339d02e47f458f693a0feafa7362e59d3feea24c4ae788e6af27,47a039700f15339d02e47f458f693a0feafa7362e59d3feea24c4ae788e6af27,47a039700f15339d02e47f458f693a0feafa7362e59d3feea24c4ae788e6af27,e4c7fb0dce482bebe0d3b0c74506f49a3e3da208e7ca740210f48d9126250a51,exact,4.4.2,12.3.0,3.11.15,sha256(big_endian_uint32(width) || big_endian_uint32(height) || RGB_pixel_bytes_row_major)
7,7,data/raw_images/normal/7.png,7.png,7.png,exact_post_preprocessing_match,exact_post_preprocessing_match,ILSVRC/imagenet-1k,49e2ee26f3810fb5a7536bbf732a7b07389a47b5,train,true,42,10000,256,8,n04317175_4409_n04317175.JPEG,823,500,375,500,375,500,375,500,375,,false,false,,,,292443,3145728,6,false,true,410eeaa1f55cffe2cb9dc4e36778e336e9dc826046e627e33a3a6adba44a6e4c,661b3c557fa784bed5776fb9c04a19fad39203aff821a7705efa3479e6b55b04,661b3c557fa784bed5776fb9c04a19fad39203aff821a7705efa3479e6b55b04,661b3c557fa784bed5776fb9c04a19fad39203aff821a7705efa3479e6b55b04,7f7a1e83fd3259e9736cf21a1dc0f7f204706fde5872691a1f073495f16356c4,exact,4.4.2,12.3.0,3.11.15,sha256(big_endian_uint32(width) || big_endian_uint32(height) || RGB_pixel_bytes_row_major)
8,8,data/raw_images/normal/8.png,8.png,8.png,exact_post_preprocessing_match,exact_post_preprocessing_match,ILSVRC/imagenet-1k,49e2ee26f3810fb5a7536bbf732a7b07389a47b5,train,true,42,10000,256,9,n02099712_2879_n02099712.JPEG,208,568,512,568,512,568,512,568,512,,false,false,,,,208466,3145728,6,false,false,6b66e78a2bec0ea7ec0730761415a3119c7a19e791e545c8124e3d23274ddfc9,b151b77bbb465231e1adb71f5e547c16826244183e52c3f440e0d5f3be753f13,b151b77bbb465231e1adb71f5e547c16826244183e52c3f440e0d5f3be753f13,b151b77bbb465231e1adb71f5e547c16826244183e52c3f440e0d5f3be753f13,0783f23a5193713383ab060351e64886e330bec1c4157d9151ccbe094ffe73e5,exact,4.4.2,12.3.0,3.11.15,sha256(big_endian_uint32(width) || big_endian_uint32(height) || RGB_pixel_bytes_row_major)
9,9,data/raw_images/normal/9.png,9.png,9.png,exact_post_preprocessing_match,exact_post_preprocessing_match,ILSVRC/imagenet-1k,49e2ee26f3810fb5a7536bbf732a7b07389a47b5,train,true,42,10000,256,10,n02480495_16764_n02480495.JPEG,365,500,375,500,375,500,375,500,375,,false,false,,,,431455,3145728,6,false,true,ce5d9fab001ff9e6ac3a35a1b9a78fdd4dfe95cc10f66fab5ccf46e6d72bd73b,c68378cd8f4d30abd4ec6c83175029746d0d0455ec4687c673f6d7600ad97e14,c68378cd8f4d30abd4ec6c83175029746d0d0455ec4687c673f6d7600ad97e14,c68378cd8f4d30abd4ec6c83175029746d0d0455ec4687c673f6d7600ad97e14,b7fbf18c01a358d5bf4b130f682e57119ab5fc83dad22bf06a7235acb8279d28,exact,4.4.2,12.3.0,3.11.15,sha256(big_endian_uint32(width) || big_endian_uint32(height) || RGB_pixel_bytes_row_major)
10,10,data/raw_images/normal/10.png,10.png,10.png,exact_post_preprocessing_match,exact_post_preprocessing_match,ILSVRC/imagenet-1k,49e2ee26f3810fb5a7536bbf732a7b07389a47b5,train,true,42,10000,256,11,n04335435_75775_n04335435.JPEG,829,500,334,500,334,500,334,500,334,,false,false,,,,328233,3145728,6,false,false,75c5f1351da7ed40e8aec6c9ba90a3d516b9d2a78caaf66f2b129dd58d6b94ba,3051269bc6baaa9c5786fedad5f920e0ccd01e8f1ca69e53e25effcddc574552,3051269bc6baaa9c5786fedad5f920e0ccd01e8f1ca69e53e25effcddc574552,3051269bc6baaa9c5786fedad5f920e0ccd01e8f1ca69e53e25effcddc574552,43dbf6d543fe4cde032041e8f28a3b98d2e8bd6c64e4b4aa5a358124287424c4,exact,4.4.2,12.3.0,3.11.15,sha256(big_endian_uint32(width) || big_endian_uint32(height) || RGB_pixel_bytes_row_major)
11,11,data/raw_images/normal/11.png,11.png,11.png,exact_post_preprocessing_match,exact_post_preprocessing_match,ILSVRC/imagenet-1k,49e2ee26f3810fb5a7536bbf732a7b07389a47b5,train,true,42,10000,256,12,n04136333_10752_n04136333.JPEG,775,500,375,500,375,500,375,500,375,,false,false,,,,248302,3145728,6,false,false,77968d88ae3990b0c4ddf4818eb0dc541731d37c561945d962d7a673512b5a5a,1e72b04e69f83d7edb37cde2911f6d1f97e2e520e8461cd9cfd658ce03e496a2,1e72b04e69f83d7edb37cde2911f6d1f97e2e520e8461cd9cfd658ce03e496a2,1e72b04e69f83d7edb37cde2911f6d1f97e2e520e8461cd9cfd658ce03e496a2,385e1cd2b10aba4d144eca2db83a5d1954fb5b04a8031a8494465c1d0941cebd,exact,4.4.2,12.3.0,3.11.15,sha256(big_endian_uint32(width) || big_endian_uint32(height) || RGB_pixel_bytes_row_major)
12,12,data/raw_images/normal/12.png,12.png,12.png,exact_post_preprocessing_match,exact_post_preprocessing_match,ILSVRC/imagenet-1k,49e2ee26f3810fb5a7536bbf732a7b07389a47b5,train,true,42,10000,256,13,n03461385_11271_n03461385.JPEG,582,500,375,500,375,500,375,500,375,,false,false,,,,418676,3145728,6,false,false,0287c8cf6363647ffda32cfb12e6dc10bae37e1d7ad0eb524f47e9df7caebdde,45cd52359751cf3933135f3bf42dc8d9376320697bb45a6ac9c70e49f68e17dd,45cd52359751cf3933135f3bf42dc8d9376320697bb45a6ac9c70e49f68e17dd,45cd52359751cf3933135f3bf42dc8d9376320697bb45a6ac9c70e49f68e17dd,97064406df0b6637ef5036da8e82c29d068b4a06ddf8b9f4739c4ff1e3bc6298,exact,4.4.2,12.3.0,3.11.15,sha256(big_endian_uint32(width) || big_endian_uint32(height) || RGB_pixel_bytes_row_major)
13,13,data/raw_images/normal/13.png,13.png,13.png,exact_post_preprocessing_match,exact_post_preprocessing_match,ILSVRC/imagenet-1k,49e2ee26f3810fb5a7536bbf732a7b07389a47b5,train,true,42,10000,256,14,n04584207_2347_n04584207.JPEG,903,425,500,425,500,425,500,425,500,,false,false,,,,393632,3145728,6,false,true,50af9b985d485d8d824669b47d390d18e84a51f5fe8d373269a09183a85cc6ad,c1e18a8a55fc7e2b7a1b13ed870b9f9590fa183e22b083b451a7b1fcec1ec177,c1e18a8a55fc7e2b7a1b13ed870b9f9590fa183e22b083b451a7b1fcec1ec177,c1e18a8a55fc7e2b7a1b13ed870b9f9590fa183e22b083b451a7b1fcec1ec177,2556cf1a84bd1118c561c0f7a8524762157559128c197e7ff0a92ebd2d3cedcc,exact,4.4.2,12.3.0,3.11.15,sha256(big_endian_uint32(width) || big_endian_uint32(height) || RGB_pixel_bytes_row_major)
14,14,data/raw_images/normal/14.png,14.png,14.png,exact_post_preprocessing_match,exact_post_preprocessing_match,ILSVRC/imagenet-1k,49e2ee26f3810fb5a7536bbf732a7b07389a47b5,train,true,42,10000,256,15,n03482405_32790_n03482405.JPEG,588,381,500,381,500,381,500,381,500,,false,false,,,,400287,3145728,6,false,false,f30e17f78fa51396c400dd95fa2d85e8d1a9d085b16051755c28703d482c0c2a,3f9d2f3f0eeba3cd739074046aeae6a2762620ca4278add8ca6e90cb1136db12,3f9d2f3f0eeba3cd739074046aeae6a2762620ca4278add8ca6e90cb1136db12,3f9d2f3f0eeba3cd739074046aeae6a2762620ca4278add8ca6e90cb1136db12,412ffb229900d76d31460020a3dfb4b3faa3b55b6d523b1ce7af83be268a6b12,exact,4.4.2,12.3.0,3.11.15,sha256(big_endian_uint32(width) || big_endian_uint32(height) || RGB_pixel_bytes_row_major)
15,15,data/raw_images/normal/15.png,15.png,15.png,exact_post_preprocessing_match,exact_post_preprocessing_match,ILSVRC/imagenet-1k,49e2ee26f3810fb5a7536bbf732a7b07389a47b5,train,true,42,10000,256,16,n02113186_2039_n02113186.JPEG,264,500,375,500,375,500,375,500,375,,false,false,,,,378129,3145728,6,false,false,5fc0f89251b3167b511fb1533e3ad6c870624c2ba51d2d8e25dcddc4aa926591,2d0b4b8b5f71c34bc2342cecc5343f1de451b2256c4d7c5292871be8ae5f9dd8,2d0b4b8b5f71c34bc2342cecc5343f1de451b2256c4d7c5292871be8ae5f9dd8,2d0b4b8b5f71c34bc2342cecc5343f1de451b2256c4d7c5292871be8ae5f9dd8,8c61dadfcfe077e48ba391956a0ef06bd0e85fe7f0371f52b28958a648dd081c,exact,4.4.2,12.3.0,3.11.15,sha256(big_endian_uint32(width) || big_endian_uint32(height) || RGB_pixel_bytes_row_major)
16,16,data/raw_images/normal/16.png,16.png,16.png,exact_post_preprocessing_match,exact_post_preprocessing_match,ILSVRC/imagenet-1k,49e2ee26f3810fb5a7536bbf732a7b07389a47b5,train,true,42,10000,256,17,n03400231_7542_n03400231.JPEG,567,500,333,500,333,500,333,500,333,,false,false,,,,391234,3145728,6,false,false,23bf3e27ad839474cd19044639441f2fc488f21fd08fa4d1d81dfa6974e0a405,ccdd6e1823fa25d4d96c2dfefd83ce3482e80c5a5ae5b8f4d3cde54172b41dc8,ccdd6e1823fa25d4d96c2dfefd83ce3482e80c5a5ae5b8f4d3cde54172b41dc8,ccdd6e1823fa25d4d96c2dfefd83ce3482e80c5a5ae5b8f4d3cde54172b41dc8,f18c939cf679e67cf4870508313297430fcf9c4cc0d095adb7520ce3a6fa085f,exact,4.4.2,12.3.0,3.11.15,sha256(big_endian_uint32(width) || big_endian_uint32(height) || RGB_pixel_bytes_row_major)
17,17,data/raw_images/normal/17.png,17.png,17.png,exact_post_preprocessing_match,exact_post_preprocessing_match,ILSVRC/imagenet-1k,49e2ee26f3810fb5a7536bbf732a7b07389a47b5,train,true,42,10000,256,18,n04355338_5890_n04355338.JPEG,835,500,332,500,332,500,332,500,332,,false,false,,,,251400,3145728,6,false,true,1badc919be66ed1c018d46dd880688b90c0c2ae17763f2c0ecff84a5b52eaaa8,c30368407cd46d8a85d33e6714a061fbc18baa9028c90ae535c52615210ee081,c30368407cd46d8a85d33e6714a061fbc18baa9028c90ae535c52615210ee081,c30368407cd46d8a85d33e6714a061fbc18baa9028c90ae535c52615210ee081,8a87920d24b134a02e7d62f329d4aede6a94f3cf0e67aea7220502c1fc7558b5,exact,4.4.2,12.3.0,3.11.15,sha256(big_endian_uint32(width) || big_endian_uint32(height) || RGB_pixel_bytes_row_major)
18,18,data/raw_images/normal/18.png,18.png,18.png,exact_post_preprocessing_match,exact_post_preprocessing_match,ILSVRC/imagenet-1k,49e2ee26f3810fb5a7536bbf732a7b07389a47b5,train,true,42,10000,256,19,n02484975_10353_n02484975.JPEG,370,334,500,334,500,334,500,334,500,,false,false,,,,340438,3145728,6,false,true,ec17af01e290f73d6916832b04658d6706ab4c1581e4698d3094ce9b2adc1d60,74e3623ec9e5412d2e55f2de24df8fb3abf14cebe88b8c7bc67e3f2dc2b1a725,74e3623ec9e5412d2e55f2de24df8fb3abf14cebe88b8c7bc67e3f2dc2b1a725,74e3623ec9e5412d2e55f2de24df8fb3abf14cebe88b8c7bc67e3f2dc2b1a725,d29ce1ca82b76283ab50c6f4dacc3004ca75d23ea8e28d0ad03a1089dc3201c8,exact,4.4.2,12.3.0,3.11.15,sha256(big_endian_uint32(width) || big_endian_uint32(height) || RGB_pixel_bytes_row_major)
19,19,data/raw_images/normal/19.png,19.png,19.png,exact_post_preprocessing_match,exact_post_preprocessing_match,ILSVRC/imagenet-1k,49e2ee26f3810fb5a7536bbf732a7b07389a47b5,train,true,42,10000,256,20,n02965783_1624_n02965783.JPEG,475,500,401,500,401,500,401,500,401,,false,false,,,,401361,3145728,6,false,true,b669efb5173068bd32f9a44d2eb7bf622a576dc3045b2232e03d4004d7e7f4e2,739df7841050e350e4b5e9e8a83fcc5bd2cf9b71186118ffe11304fb43c04fb9,739df7841050e350e4b5e9e8a83fcc5bd2cf9b71186118ffe11304fb43c04fb9,739df7841050e350e4b5e9e8a83fcc5bd2cf9b71186118ffe11304fb43c04fb9,f19e96fff4c56e9c3cb020d4842eb8d6e2d73d975cd165b419973ca48f656fa2,exact,4.4.2,12.3.0,3.11.15,sha256(big_endian_uint32(width) || big_endian_uint32(height) || RGB_pixel_bytes_row_major)
20,20,data/raw_images/normal/20.png,20.png,20.png,exact_post_preprocessing_match,exact_post_preprocessing_match,ILSVRC/imagenet-1k,49e2ee26f3810fb5a7536bbf732a7b07389a47b5,train,true,42,10000,256,21,n03792972_16299_n03792972.JPEG,672,500,333,500,333,500,333,500,333,,false,false,,,,309833,3145728,6,false,false,40fc32a1b51a8e4578b13c54e6ea76f323c8dad96ed7df25dd947f6f7934b3c2,1a3410c412d480fe4e6562952700b10f49ebcf2ee4ece557b05106ffddd2c694,1a3410c412d480fe4e6562952700b10f49ebcf2ee4ece557b05106ffddd2c694,1a3410c412d480fe4e6562952700b10f49ebcf2ee4ece557b05106ffddd2c694,a474a6adb48bebb49fed4a9bd78260b29ce84183a1008c196e513e7d112f04e2,exact,4.4.2,12.3.0,3.11.15,sha256(big_endian_uint32(width) || big_endian_uint32(height) || RGB_pixel_bytes_row_major)
21,21,data/raw_images/normal/21.png,21.png,21.png,exact_post_preprocessing_match,exact_post_preprocessing_match,ILSVRC/imagenet-1k,49e2ee26f3810fb5a7536bbf732a7b07389a47b5,train,true,42,10000,256,22,n02106662_47137_n02106662.JPEG,235,600,449,600,449,600,449,600,449,,false,false,,,,555376,3145728,6,false,false,0c92aed4b475b8a206c6f5bdb564cd8f4b75044d4b29545e5d9c968918e2ab51,3e6dbdcf358c85a6342754554e2408783435100b9ad81be617b52ba4b0cf8021,3e6dbdcf358c85a6342754554e2408783435100b9ad81be617b52ba4b0cf8021,3e6dbdcf358c85a6342754554e2408783435100b9ad81be617b52ba4b0cf8021,1987e4ebec44a4b4bdb83779d3423fcc835ee0b63918985bb79f75e796e714b1,exact,4.4.2,12.3.0,3.11.15,sha256(big_endian_uint32(width) || big_endian_uint32(height) || RGB_pixel_bytes_row_major)
22,22,data/raw_images/normal/22.png,22.png,22.png,exact_post_preprocessing_match,exact_post_preprocessing_match,ILSVRC/imagenet-1k,49e2ee26f3810fb5a7536bbf732a7b07389a47b5,train,true,42,10000,256,24,n02098413_13538_n02098413.JPEG,204,500,334,500,334,500,334,500,334,,false,false,,,,293740,3145728,6,false,true,68e244a8b47aa86cb8c413e19254ccf118f7fd229735ec1fee2d4bc0ab4aca05,e335632bd36bc67ce86bf22e316f3b13c49de33cd879312601a23a2b3593ba01,e335632bd36bc67ce86bf22e316f3b13c49de33cd879312601a23a2b3593ba01,e335632bd36bc67ce86bf22e316f3b13c49de33cd879312601a23a2b3593ba01,76b2c4fb9ea8c5c493a1ccce76041b09c32e1a8f9e8f938a2e454093a02b81bd,exact,4.4.2,12.3.0,3.11.15,sha256(big_endian_uint32(width) || big_endian_uint32(height) || RGB_pixel_bytes_row_major)
23,23,data/raw_images/normal/23.png,23.png,23.png,exact_post_preprocessing_match,exact_post_preprocessing_match,ILSVRC/imagenet-1k,49e2ee26f3810fb5a7536bbf732a7b07389a47b5,train,true,42,10000,256,25,n01685808_10472_n01685808.JPEG,41,500,281,500,281,500,281,500,281,,false,false,,,,341544,3145728,6,false,true,c9e5f80afa28ec65b5861335de5f85010bc74de5850d60ed7fa1495f3212e67e,ee77552fb5c1d6ef63dac68a1329ceca7247d8b4232c122adccd3b8e388c01aa,ee77552fb5c1d6ef63dac68a1329ceca7247d8b4232c122adccd3b8e388c01aa,ee77552fb5c1d6ef63dac68a1329ceca7247d8b4232c122adccd3b8e388c01aa,6daa75c5fe9f60c160ce65ee813da0333e495e2bb84df1a7a2e437d84fcdf13a,exact,4.4.2,12.3.0,3.11.15,sha256(big_endian_uint32(width) || big_endian_uint32(height) || RGB_pixel_bytes_row_major)
24,24,data/raw_images/normal/24.png,24.png,24.png,exact_post_preprocessing_match,exact_post_preprocessing_match,ILSVRC/imagenet-1k,49e2ee26f3810fb5a7536bbf732a7b07389a47b5,train,true,42,10000,256,26,n02109525_72090_n02109525.JPEG,247,500,334,500,334,500,334,500,334,,false,false,,,,374519,3145728,6,false,true,aae91e6c45245648aff5a133171dc26476dc6a96514b8b59ecc96b7955064a06,56b3e8485c48c8c54e1c88eef49d002d8f6222a9eab777199a9b940e2541aed2,56b3e8485c48c8c54e1c88eef49d002d8f6222a9eab777199a9b940e2541aed2,56b3e8485c48c8c54e1c88eef49d002d8f6222a9eab777199a9b940e2541aed2,f0a7e4b8ce20ffe621e1689c7b5259bbc68e434c5022d82cbe8481c6a3d09d5a,exact,4.4.2,12.3.0,3.11.15,sha256(big_endian_uint32(width) || big_endian_uint32(height) || RGB_pixel_bytes_row_major)
25,25,data/raw_images/normal/25.png,25.png,25.png,exact_post_preprocessing_match,exact_post_preprocessing_match,ILSVRC/imagenet-1k,49e2ee26f3810fb5a7536bbf732a7b07389a47b5,train,true,42,10000,256,27,n07860988_21966_n07860988.JPEG,961,333,500,333,500,333,500,333,500,,false,false,,,,189651,3145728,6,false,false,d59d0864d3a67704b99c559c72072fb9f57191932e1f696a32df3871523940d5,ffe6a63c26c6c34dc122ed3b00f1dcd850793db491daa6a4cba64fafd51ae308,ffe6a63c26c6c34dc122ed3b00f1dcd850793db491daa6a4cba64fafd51ae308,ffe6a63c26c6c34dc122ed3b00f1dcd850793db491daa6a4cba64fafd51ae308,5467ae91a4ee3d575b7d0cc3bd57b5f14de5779459b39d3c25fc6837a77e049e,exact,4.4.2,12.3.0,3.11.15,sha256(big_endian_uint32(width) || big_endian_uint32(height) || RGB_pixel_bytes_row_major)
26,26,data/raw_images/normal/26.png,26.png,26.png,exact_post_preprocessing_match,exact_post_preprocessing_match,ILSVRC/imagenet-1k,49e2ee26f3810fb5a7536bbf732a7b07389a47b5,train,true,42,10000,256,28,n03770679_4539_n03770679.JPEG,656,500,375,500,375,500,375,500,375,,false,false,,,,423815,3145728,6,false,false,469c75b35720569b27aa3ca2fa164b34fe864bbc41f9c3405412a772d46c4f5e,dfa18359eda139b12645c3d27ad519d64635a7f75d2052b274fed3bf4f372bf0,dfa18359eda139b12645c3d27ad519d64635a7f75d2052b274fed3bf4f372bf0,dfa18359eda139b12645c3d27ad519d64635a7f75d2052b274fed3bf4f372bf0,c673f39ab07a0f84edaabbe92260eb015011b931fdba41df1a5c7851136a936a,exact,4.4.2,12.3.0,3.11.15,sha256(big_endian_uint32(width) || big_endian_uint32(height) || RGB_pixel_bytes_row_major)
27,27,data/raw_images/normal/27.png,27.png,27.png,exact_post_preprocessing_match,exact_post_preprocessing_match,ILSVRC/imagenet-1k,49e2ee26f3810fb5a7536bbf732a7b07389a47b5,train,true,42,10000,256,30,n01629819_1686_n01629819.JPEG,25,510,384,510,384,510,384,510,384,1,false,false,,,,395020,3145728,6,false,false,81b38e9f85fd41ea807012db12fb779d42c740b66895881aa983f727454bc95d,7a021f77f61c28398616e2b2cf92c8fabd1039783fba0ebdbcd08b68a704050c,7a021f77f61c28398616e2b2cf92c8fabd1039783fba0ebdbcd08b68a704050c,7a021f77f61c28398616e2b2cf92c8fabd1039783fba0ebdbcd08b68a704050c,f0abe6cc397f05cd04601c22894cac52e75d0ae9bab3f4cdaace9a0cc13d5b10,exact,4.4.2,12.3.0,3.11.15,sha256(big_endian_uint32(width) || big_endian_uint32(height) || RGB_pixel_bytes_row_major)
28,28,data/raw_images/normal/28.png,28.png,28.png,exact_post_preprocessing_match,exact_post_preprocessing_match,ILSVRC/imagenet-1k,49e2ee26f3810fb5a7536bbf732a7b07389a47b5,train,true,42,10000,256,31,n02504458_11258_n02504458.JPEG,386,333,500,333,500,333,500,333,500,,false,false,,,,379602,3145728,6,false,false,51d0dc249cce6f8e9281c1937c7262136517b9dff5638d0940caeaac8ada4562,66ff863923e6f004cde54953faa96cd28d06a5f045a1a7d65222778068c33d18,66ff863923e6f004cde54953faa96cd28d06a5f045a1a7d65222778068c33d18,66ff863923e6f004cde54953faa96cd28d06a5f045a1a7d65222778068c33d18,82cab11081d55499bcf9d4d2c52d6b14c6d4b268c266b3c57f89d3e4bb6376b4,exact,4.4.2,12.3.0,3.11.15,sha256(big_endian_uint32(width) || big_endian_uint32(height) || RGB_pixel_bytes_row_major)
29,29,data/raw_images/normal/29.png,29.png,29.png,exact_post_preprocessing_match,exact_post_preprocessing_match,ILSVRC/imagenet-1k,49e2ee26f3810fb5a7536bbf732a7b07389a47b5,train,true,42,10000,256,32,n09399592_70886_n09399592.JPEG,976,500,385,500,385,500,385,500,385,,false,false,,,,330014,3145728,6,false,false,f7a2f67fb32f09a0d256e253b134e9b17996fca58dc00352b04a226887a2db22,c9b976b158ba82832ee267ddeefe3cd12defebb72a140b05158e52e2b7d16bd7,c9b976b158ba82832ee267ddeefe3cd12defebb72a140b05158e52e2b7d16bd7,c9b976b158ba82832ee267ddeefe3cd12defebb72a140b05158e52e2b7d16bd7,4ed20764899e5bc5d900ab34497b8e93cbb81152d7fe1599348473cc792e89c0,exact,4.4.2,12.3.0,3.11.15,sha256(big_endian_uint32(width) || big_endian_uint32(height) || RGB_pixel_bytes_row_major)
30,30,data/raw_images/normal/30.png,30.png,30.png,exact_post_preprocessing_match,exact_post_preprocessing_match,ILSVRC/imagenet-1k,49e2ee26f3810fb5a7536bbf732a7b07389a47b5,train,true,42,10000,256,33,n02137549_17818_n02137549.JPEG,298,1000,664,1000,664,1000,664,1000,664,1,false,false,,,,1239675,3145728,6,false,true,70a7716c939da352dbe9c2cbdc8714346b6abd597502a3ffb06075f796946019,31ba0d87a5bea67291fbbf60291ab1b03288d71a65ba34fc329172d90408c6c9,31ba0d87a5bea67291fbbf60291ab1b03288d71a65ba34fc329172d90408c6c9,31ba0d87a5bea67291fbbf60291ab1b03288d71a65ba34fc329172d90408c6c9,986cc391737e70a88085df2c5a5a450996f6304f021f0ee5bc426b9fe18ce79a,exact,4.4.2,12.3.0,3.11.15,sha256(big_endian_uint32(width) || big_endian_uint32(height) || RGB_pixel_bytes_row_major)
31,31,data/raw_images/normal/31.png,31.png,31.png,exact_post_preprocessing_match,exact_post_preprocessing_match,ILSVRC/imagenet-1k,49e2ee26f3810fb5a7536bbf732a7b07389a47b5,train,true,42,10000,256,34,n02500267_2292_n02500267.JPEG,384,720,576,720,576,720,576,720,576,,false,false,,,,1026367,3145728,6,false,false,9860e5fe99675141f2bdc9d90d6032bf062d5bfc1d83008ce7e200e254df3b09,9002b04edab7e1e9412b2673af5c380761c314b9aec97853242f5be539ecb02f,9002b04edab7e1e9412b2673af5c380761c314b9aec97853242f5be539ecb02f,9002b04edab7e1e9412b2673af5c380761c314b9aec97853242f5be539ecb02f,d0d3c8f793e7492624ce1a88361805939ea55cce9366f2034546159e009b9097,exact,4.4.2,12.3.0,3.11.15,sha256(big_endian_uint32(width) || big_endian_uint32(height) || RGB_pixel_bytes_row_major)
32,32,data/raw_images/normal/32.png,32.png,32.png,exact_post_preprocessing_match,exact_post_preprocessing_match,ILSVRC/imagenet-1k,49e2ee26f3810fb5a7536bbf732a7b07389a47b5,train,true,42,10000,256,35,n01514668_15095_n01514668.JPEG,7,500,334,500,334,500,334,500,334,,false,false,,,,478249,3145728,6,false,false,de9536ccfcdafd641bcab372e29dea2c50aa7ddeb989496f9d81ae6c6bf0be5a,ec947da13856743d21acccb283b28c323738661f0545c220447966c7c9bda141,ec947da13856743d21acccb283b28c323738661f0545c220447966c7c9bda141,ec947da13856743d21acccb283b28c323738661f0545c220447966c7c9bda141,17e20f05e49f0538d9bdbc4120d0d2b50e5d6ef78c5686f1646e0b78b2ad9e38,exact,4.4.2,12.3.0,3.11.15,sha256(big_endian_uint32(width) || big_endian_uint32(height) || RGB_pixel_bytes_row_major)
33,33,data/raw_images/normal/33.png,33.png,33.png,exact_post_preprocessing_match,exact_post_preprocessing_match,ILSVRC/imagenet-1k,49e2ee26f3810fb5a7536bbf732a7b07389a47b5,train,true,42,10000,256,37,n07802026_19659_n07802026.JPEG,958,500,333,500,333,500,333,500,333,,false,false,,,,317209,3145728,6,false,false,6d8051f649f12f9f333de44c1ed68648c025e5cbe29bc1a8496f9b4d3a1c9caa,638d3aa72933307f81f6478929da3ca74fe3bcce9feeacbe2ae8706744554d19,638d3aa72933307f81f6478929da3ca74fe3bcce9feeacbe2ae8706744554d19,638d3aa72933307f81f6478929da3ca74fe3bcce9feeacbe2ae8706744554d19,306e284b1fc6e2f8458720527719ce80a92c6eaf37805830bd94da94370c28f0,exact,4.4.2,12.3.0,3.11.15,sha256(big_endian_uint32(width) || big_endian_uint32(height) || RGB_pixel_bytes_row_major)
34,34,data/raw_images/normal/34.png,34.png,34.png,exact_post_preprocessing_match,exact_post_preprocessing_match,ILSVRC/imagenet-1k,49e2ee26f3810fb5a7536bbf732a7b07389a47b5,train,true,42,10000,256,38,n02974003_1627_n02974003.JPEG,479,336,336,336,336,336,336,336,336,,false,false,,,,100397,3145728,6,false,false,16da5415ed5b796ef829120dbff16c4f68350c7442f39b645bf6f2e0f0f1bb33,6b78718295325e041398dddb8718c5c935598ce785d09867462fbfe7d8fe6db6,6b78718295325e041398dddb8718c5c935598ce785d09867462fbfe7d8fe6db6,6b78718295325e041398dddb8718c5c935598ce785d09867462fbfe7d8fe6db6,b98c5032adbbcc7b7338c428c2046d31fa902df730d9e61e09a18001edcdecaf,exact,4.4.2,12.3.0,3.11.15,sha256(big_endian_uint32(width) || big_endian_uint32(height) || RGB_pixel_bytes_row_major)
35,35,data/raw_images/normal/35.png,35.png,35.png,exact_post_preprocessing_match,exact_post_preprocessing_match,ILSVRC/imagenet-1k,49e2ee26f3810fb5a7536bbf732a7b07389a47b5,train,true,42,10000,256,39,n04209133_11547_n04209133.JPEG,793,608,568,608,568,608,568,608,568,,false,false,,,,451178,3145728,6,false,false,0a7ef4ae4ba40ce079fa100d87284eb75cb3184a355b6981dacc7334ee3a4d28,64f3c678c7bd570ad81465d1702dbf3b81bfbc133eb5eaa24ed599a98c3aefb6,64f3c678c7bd570ad81465d1702dbf3b81bfbc133eb5eaa24ed599a98c3aefb6,64f3c678c7bd570ad81465d1702dbf3b81bfbc133eb5eaa24ed599a98c3aefb6,1b0b77e8caff4c19c377aa9b4f87d73445e524f686ef3588a035c6602eded71a,exact,4.4.2,12.3.0,3.11.15,sha256(big_endian_uint32(width) || big_endian_uint32(height) || RGB_pixel_bytes_row_major)
36,36,data/raw_images/normal/36.png,36.png,36.png,exact_post_preprocessing_match,exact_post_preprocessing_match,ILSVRC/imagenet-1k,49e2ee26f3810fb5a7536bbf732a7b07389a47b5,train,true,42,10000,256,40,n02930766_31155_n02930766.JPEG,468,500,367,500,367,500,367,500,367,,false,false,,,,380260,3145728,6,false,false,22b512d52edfc09d6fc31e35c7f3630c34ebb0b9173b31fdb6df15a14ecb1991,1ded7dbc284912c5b3663a66e80bbb4a30249503d032bd3af4488212029db076,1ded7dbc284912c5b3663a66e80bbb4a30249503d032bd3af4488212029db076,1ded7dbc284912c5b3663a66e80bbb4a30249503d032bd3af4488212029db076,cc3f6cc0f8258951f94d919739604399201ddb50791aa531325ebc9e979c1610,exact,4.4.2,12.3.0,3.11.15,sha256(big_endian_uint32(width) || big_endian_uint32(height) || RGB_pixel_bytes_row_major)
37,37,data/raw_images/normal/37.png,37.png,37.png,exact_post_preprocessing_match,exact_post_preprocessing_match,ILSVRC/imagenet-1k,49e2ee26f3810fb5a7536bbf732a7b07389a47b5,train,true,42,10000,256,41,n01855032_1415_n01855032.JPEG,98,500,334,500,334,500,334,500,334,,false,false,,,,265174,3145728,6,false,true,fd2b1e605f1f62476a98393e0bf99a847405dce1366cbb0a8ad5d4d242eb3f12,773fd4ff495acca9f339c7c06311514afdb4d609f84581a95b2f61558613f4f4,773fd4ff495acca9f339c7c06311514afdb4d609f84581a95b2f61558613f4f4,773fd4ff495acca9f339c7c06311514afdb4d609f84581a95b2f61558613f4f4,41fedcdcb739360721b0b93935491eceb4b9f8d9dacb757ef4aa319cda800bff,exact,4.4.2,12.3.0,3.11.15,sha256(big_endian_uint32(width) || big_endian_uint32(height) || RGB_pixel_bytes_row_major)
38,38,data/raw_images/normal/38.png,38.png,38.png,exact_post_preprocessing_match,exact_post_preprocessing_match,ILSVRC/imagenet-1k,49e2ee26f3810fb5a7536bbf732a7b07389a47b5,train,true,42,10000,256,42,n02058221_11588_n02058221.JPEG,146,500,333,500,333,500,333,500,333,,false,false,,,,291385,3145728,6,false,false,593f0e1b2b5f2514d1416280eaf693aaf316f16714efe1d02e2faf799f019518,c2c86cc19696ae9326029c62d994714131358f2ddcac13344a426d11c5d4e39d,c2c86cc19696ae9326029c62d994714131358f2ddcac13344a426d11c5d4e39d,c2c86cc19696ae9326029c62d994714131358f2ddcac13344a426d11c5d4e39d,6628164e32f11a019ea7214697837b5ac5020a2ec47b3661ea618b684c415869,exact,4.4.2,12.3.0,3.11.15,sha256(big_endian_uint32(width) || big_endian_uint32(height) || RGB_pixel_bytes_row_major)
39,39,data/raw_images/normal/39.png,39.png,39.png,exact_post_preprocessing_match,exact_post_preprocessing_match,ILSVRC/imagenet-1k,49e2ee26f3810fb5a7536bbf732a7b07389a47b5,train,true,42,10000,256,43,n07760859_5559_n07760859.JPEG,956,461,346,461,346,461,346,461,346,,false,false,,,,190361,3145728,6,false,false,9a6f065ac8073edd5ce81f43ea2d0dfc33ff4a6a600f26753cd614e1617c1b9d,8adeb27a2dfd9aeb48c12ddcc65aa87493ed0f79554a59d04cb0be2e7fc9d439,8adeb27a2dfd9aeb48c12ddcc65aa87493ed0f79554a59d04cb0be2e7fc9d439,8adeb27a2dfd9aeb48c12ddcc65aa87493ed0f79554a59d04cb0be2e7fc9d439,0352e12695fe660f29b3a6732db41ac0c6c321d7f1be1e0657005a89e9652930,exact,4.4.2,12.3.0,3.11.15,sha256(big_endian_uint32(width) || big_endian_uint32(height) || RGB_pixel_bytes_row_major)
40,40,data/raw_images/normal/40.png,40.png,40.png,exact_post_preprocessing_match,exact_post_preprocessing_match,ILSVRC/imagenet-1k,49e2ee26f3810fb5a7536bbf732a7b07389a47b5,train,true,42,10000,256,44,n02108551_9916_n02108551.JPEG,244,500,333,500,333,500,333,500,333,,false,false,,,,316529,3145728,6,false,false,9695399b81edb306a6cec7bcb5a97d9ed123d2bbaab940611b1d4f771cf2d770,4f57b67c37962876a3dff5481ba13dda52e49b33c34a1c85504e729ce4aae3e0,4f57b67c37962876a3dff5481ba13dda52e49b33c34a1c85504e729ce4aae3e0,4f57b67c37962876a3dff5481ba13dda52e49b33c34a1c85504e729ce4aae3e0,10da80b9d166bb2f9d2f61f6e69075b9bf7c36efa5e0caf64b31222d4a3e7493,exact,4.4.2,12.3.0,3.11.15,sha256(big_endian_uint32(width) || big_endian_uint32(height) || RGB_pixel_bytes_row_major)
41,41,data/raw_images/normal/41.png,41.png,41.png,exact_post_preprocessing_match,exact_post_preprocessing_match,ILSVRC/imagenet-1k,49e2ee26f3810fb5a7536bbf732a7b07389a47b5,train,true,42,10000,256,45,n02093754_5627_n02093754.JPEG,182,500,374,500,374,500,374,500,374,,false,false,,,,390502,3145728,6,false,false,23d51e8213ca90e97390ba57ad158353ee2e766f65fbcdd6c36a2230f994e876,31c526dc2ae2406b01259b1adeadfcaf64b13419e75c4039006113e5d999b5cb,31c526dc2ae2406b01259b1adeadfcaf64b13419e75c4039006113e5d999b5cb,31c526dc2ae2406b01259b1adeadfcaf64b13419e75c4039006113e5d999b5cb,0f669b01eeadd8c49517f01f2f0fb533d84acf979a456027d8c4a2a92e207e9b,exact,4.4.2,12.3.0,3.11.15,sha256(big_endian_uint32(width) || big_endian_uint32(height) || RGB_pixel_bytes_row_major)
42,42,data/raw_images/normal/42.png,42.png,42.png,exact_post_preprocessing_match,exact_post_preprocessing_match,ILSVRC/imagenet-1k,49e2ee26f3810fb5a7536bbf732a7b07389a47b5,train,true,42,10000,256,46,n02133161_1268_n02133161.JPEG,295,500,425,500,425,500,425,500,425,,false,false,,,,479955,3145728,6,false,true,7feb73877ff832e8fca11f2f04f9ea663432beb0d7997e011b4943bff5d98152,e3a87e60b11bd5f519f6b136ff34a930ac8735b1b381fd45c4d775760ee8aa18,e3a87e60b11bd5f519f6b136ff34a930ac8735b1b381fd45c4d775760ee8aa18,e3a87e60b11bd5f519f6b136ff34a930ac8735b1b381fd45c4d775760ee8aa18,ec48b66e903fc2e93acd1e96f189c9ff01fe66ed98888fd63ca0795add4c0fa1,exact,4.4.2,12.3.0,3.11.15,sha256(big_endian_uint32(width) || big_endian_uint32(height) || RGB_pixel_bytes_row_major)
43,43,data/raw_images/normal/43.png,43.png,43.png,exact_post_preprocessing_match,exact_post_preprocessing_match,ILSVRC/imagenet-1k,49e2ee26f3810fb5a7536bbf732a7b07389a47b5,train,true,42,10000,256,48,n02130308_22105_n02130308.JPEG,293,800,533,800,533,800,533,800,533,,false,false,,,,714036,3145728,6,false,false,aa82b4511e140c6a987a97b4af985d47e8e90fb7302df834d9bcd08822e99b76,d3b422281dae8b0839b3f87f613f2db2bb3be47f39b907e73ea606c189fe04fd,d3b422281dae8b0839b3f87f613f2db2bb3be47f39b907e73ea606c189fe04fd,d3b422281dae8b0839b3f87f613f2db2bb3be47f39b907e73ea606c189fe04fd,49e127207bb073245ad6e811013ab885d9caf7641800c1794d9e0fd4faf53a6a,exact,4.4.2,12.3.0,3.11.15,sha256(big_endian_uint32(width) || big_endian_uint32(height) || RGB_pixel_bytes_row_major)
44,44,data/raw_images/normal/44.png,44.png,44.png,exact_post_preprocessing_match,exact_post_preprocessing_match,ILSVRC/imagenet-1k,49e2ee26f3810fb5a7536bbf732a7b07389a47b5,train,true,42,10000,256,49,n01601694_4641_n01601694.JPEG,20,333,500,333,500,333,500,333,500,,false,false,,,,290373,3145728,6,false,true,df25d298c60a326c47f01799b130d8a3fe26e9d4923d4dae6db74dbab8b3f033,8aba7862cfa0ddf39ff294b6053db984ad7434e1c51b5fdee889daca4bd8e4dc,8aba7862cfa0ddf39ff294b6053db984ad7434e1c51b5fdee889daca4bd8e4dc,8aba7862cfa0ddf39ff294b6053db984ad7434e1c51b5fdee889daca4bd8e4dc,6f54686bb0cb001feedbe0ea997256af566ef3c31b856b3380b746154901f6e9,exact,4.4.2,12.3.0,3.11.15,sha256(big_endian_uint32(width) || big_endian_uint32(height) || RGB_pixel_bytes_row_major)
45,45,data/raw_images/normal/45.png,45.png,45.png,exact_post_preprocessing_match,exact_post_preprocessing_match,ILSVRC/imagenet-1k,49e2ee26f3810fb5a7536bbf732a7b07389a47b5,train,true,42,10000,256,50,n04525038_20706_n04525038.JPEG,885,431,500,431,500,431,500,431,500,,false,false,,,,241271,3145728,6,false,false,5a77af38de5f3c0970148349dccaf4bad02438821d63e13b6e8cd3fc8fcb1f40,34c5329ecc1350601d7ca6a3a6e53344caf1294c3789a0f4238547f58499db2e,34c5329ecc1350601d7ca6a3a6e53344caf1294c3789a0f4238547f58499db2e,34c5329ecc1350601d7ca6a3a6e53344caf1294c3789a0f4238547f58499db2e,20610d2c3cc82ae1a1351555f705fe29a6346b7c49b79a23bf4cc840c9d52235,exact,4.4.2,12.3.0,3.11.15,sha256(big_endian_uint32(width) || big_endian_uint32(height) || RGB_pixel_bytes_row_major)
46,46,data/raw_images/normal/46.png,46.png,46.png,exact_post_preprocessing_match,exact_post_preprocessing_match,ILSVRC/imagenet-1k,49e2ee26f3810fb5a7536bbf732a7b07389a47b5,train,true,42,10000,256,51,n01440764_6044_n01440764.JPEG,0,604,495,604,495,604,495,604,495,,false,false,,,,515919,3145728,6,false,false,7eb79e7d13e211e0d81d952340c0e4d90ab565afc15b9121d2aed0b1d98938c4,82b61f1c11dbc04e78723807495c4590d0b3b546a5a6ee1fdd3255a0e6822cb6,82b61f1c11dbc04e78723807495c4590d0b3b546a5a6ee1fdd3255a0e6822cb6,82b61f1c11dbc04e78723807495c4590d0b3b546a5a6ee1fdd3255a0e6822cb6,a629c5bd19c0c0033a087f8b1418c5eb788e461748cff60884417c80dd0e8082,exact,4.4.2,12.3.0,3.11.15,sha256(big_endian_uint32(width) || big_endian_uint32(height) || RGB_pixel_bytes_row_major)
47,47,data/raw_images/normal/47.png,47.png,47.png,exact_post_preprocessing_match,exact_post_preprocessing_match,ILSVRC/imagenet-1k,49e2ee26f3810fb5a7536bbf732a7b07389a47b5,train,true,42,10000,256,52,n03481172_4084_n03481172.JPEG,587,500,375,500,375,500,375,500,375,,false,false,,,,370776,3145728,6,false,false,c22ae3035c8123fdbc84c5bd4818f4bfb54bf640fc5f23248fc601c352ec5988,cc2b091e35133d6daac647f503c0e8133dca95e60a31955a9594c3e8b96f18f7,cc2b091e35133d6daac647f503c0e8133dca95e60a31955a9594c3e8b96f18f7,cc2b091e35133d6daac647f503c0e8133dca95e60a31955a9594c3e8b96f18f7,7e131d1f285de8257d0470c71c4c2691fbe7ef951637a30d7e79a67db7f50630,exact,4.4.2,12.3.0,3.11.15,sha256(big_endian_uint32(width) || big_endian_uint32(height) || RGB_pixel_bytes_row_major)
48,48,data/raw_images/normal/48.png,48.png,48.png,exact_post_preprocessing_match,exact_post_preprocessing_match,ILSVRC/imagenet-1k,49e2ee26f3810fb5a7536bbf732a7b07389a47b5,train,true,42,10000,256,53,n04120489_128_n04120489.JPEG,770,700,506,700,506,700,506,700,506,,false,false,,,,368574,3145728,6,false,false,94f509e50c285c00297eb13a382167d8f06d4264f30f66e62fc2a8579388544d,6927e12171160997b040ec53806e2aa8753bda18b856ea5ce47267197eca77af,6927e12171160997b040ec53806e2aa8753bda18b856ea5ce47267197eca77af,6927e12171160997b040ec53806e2aa8753bda18b856ea5ce47267197eca77af,84d97d8f0912d9c7c2bbbe9e27489ed8918b25e5849e2a6717edf6c196727889,exact,4.4.2,12.3.0,3.11.15,sha256(big_endian_uint32(width) || big_endian_uint32(height) || RGB_pixel_bytes_row_major)
49,49,data/raw_images/normal/49.png,49.png,49.png,exact_post_preprocessing_match,exact_post_preprocessing_match,ILSVRC/imagenet-1k,49e2ee26f3810fb5a7536bbf732a7b07389a47b5,train,true,42,10000,256,54,n03977966_82250_n03977966.JPEG,734,500,333,500,333,500,333,500,333,,false,false,,,,298580,3145728,6,false,true,8c73059f276b309b261a914c0aa058c3a6e3b18d6bd79dfb7446d7bb7e800fcf,072dec76610eae1f564328e129546c74713d19bab2ee7e5d03dc3657180393cf,072dec76610eae1f564328e129546c74713d19bab2ee7e5d03dc3657180393cf,072dec76610eae1f564328e129546c74713d19bab2ee7e5d03dc3657180393cf,46179440e004f2e1e60582407db08be8c6d06b5aa890f92dd364aa2550ca5139,exact,4.4.2,12.3.0,3.11.15,sha256(big_endian_uint32(width) || big_endian_uint32(height) || RGB_pixel_bytes_row_major)
50,50,data/raw_images/normal/50.png,50.png,50.png,exact_post_preprocessing_match,exact_post_preprocessing_match,ILSVRC/imagenet-1k,49e2ee26f3810fb5a7536bbf732a7b07389a47b5,train,true,42,10000,256,55,n04116512_10324_n04116512.JPEG,767,500,375,500,375,500,375,500,375,,false,false,,,,361873,3145728,6,false,true,da83eef728f89a40d1d8bb4cece2045fadf1710019244e159f4e4d4411e3472d,32f09da195fb595dff2239eecd3498dee360269729740f1110184216bf235207,32f09da195fb595dff2239eecd3498dee360269729740f1110184216bf235207,32f09da195fb595dff2239eecd3498dee360269729740f1110184216bf235207,2b0eb9f48c9d1362723f4ce8badec74b7ac11c051749fb45d65bc89b8d02acc8,exact,4.4.2,12.3.0,3.11.15,sha256(big_endian_uint32(width) || big_endian_uint32(height) || RGB_pixel_bytes_row_major)
51,51,data/raw_images/normal/51.png,51.png,51.png,exact_post_preprocessing_match,exact_post_preprocessing_match,ILSVRC/imagenet-1k,49e2ee26f3810fb5a7536bbf732a7b07389a47b5,train,true,42,10000,256,56,n04090263_12788_n04090263.JPEG,764,318,500,318,500,318,500,318,500,,false,false,,,,273891,3145728,6,false,true,b6f1dbeed134a65ac62a03d1a45fdbadba94bb3e27197f55145cd999df061a37,9d573264c9fe0f803f412b70a56643ab96829cd387cd57ff6731427cc710b5f2,9d573264c9fe0f803f412b70a56643ab96829cd387cd57ff6731427cc710b5f2,9d573264c9fe0f803f412b70a56643ab96829cd387cd57ff6731427cc710b5f2,481dc552bd072dd5f5a7401456f3588c8a1bd19b3eb0769501c5c8555b0fd4a5,exact,4.4.2,12.3.0,3.11.15,sha256(big_endian_uint32(width) || big_endian_uint32(height) || RGB_pixel_bytes_row_major)
52,52,data/raw_images/normal/52.png,52.png,52.png,exact_post_preprocessing_match,exact_post_preprocessing_match,ILSVRC/imagenet-1k,49e2ee26f3810fb5a7536bbf732a7b07389a47b5,train,true,42,10000,256,59,n02102040_3417_n02102040.JPEG,217,358,500,358,500,358,500,358,500,,false,false,,,,219478,3145728,6,false,true,995680048800c73b1e0dc7824052ff1b6dfddc4556bca70f37b904e862a12f8a,f9d4afff45fa612242bf7f27992e013dbc2027b4a9db57a1f27ae986eb112d5b,f9d4afff45fa612242bf7f27992e013dbc2027b4a9db57a1f27ae986eb112d5b,f9d4afff45fa612242bf7f27992e013dbc2027b4a9db57a1f27ae986eb112d5b,aec39161d2f840eca18f2d29f4070958919a16ab1b680a46887667b679b88988,exact,4.4.2,12.3.0,3.11.15,sha256(big_endian_uint32(width) || big_endian_uint32(height) || RGB_pixel_bytes_row_major)
53,53,data/raw_images/normal/53.png,53.png,53.png,exact_post_preprocessing_match,exact_post_preprocessing_match,ILSVRC/imagenet-1k,49e2ee26f3810fb5a7536bbf732a7b07389a47b5,train,true,42,10000,256,60,n02408429_6082_n02408429.JPEG,346,500,375,500,375,500,375,500,375,,false,false,,,,359297,3145728,6,false,false,64e25823cc40bcb1736372427ca73c1edfbabafb46a6a232eecf2372b250b8ed,6a280d9a8aa575d3ef8ed591c2bad2cadd9b3e8de9da9b9e0013212a2dff93fe,6a280d9a8aa575d3ef8ed591c2bad2cadd9b3e8de9da9b9e0013212a2dff93fe,6a280d9a8aa575d3ef8ed591c2bad2cadd9b3e8de9da9b9e0013212a2dff93fe,638f20ba565f96708e3742b6079adf939da7d01e91106530dfee70005c33108a,exact,4.4.2,12.3.0,3.11.15,sha256(big_endian_uint32(width) || big_endian_uint32(height) || RGB_pixel_bytes_row_major)
54,54,data/raw_images/normal/54.png,54.png,54.png,exact_post_preprocessing_match,exact_post_preprocessing_match,ILSVRC/imagenet-1k,49e2ee26f3810fb5a7536bbf732a7b07389a47b5,train,true,42,10000,256,61,n02494079_7992_n02494079.JPEG,382,500,375,500,375,500,375,500,375,,false,false,,,,382120,3145728,6,false,true,ef5f539f71b4c3a9db7ac851a876f1d525c3f10eae878770b2fce335e0a3f82d,075c175040cd1d207f7b4eadd3eb780b4877416fcc4f4037bf66ed263bc93afa,075c175040cd1d207f7b4eadd3eb780b4877416fcc4f4037bf66ed263bc93afa,075c175040cd1d207f7b4eadd3eb780b4877416fcc4f4037bf66ed263bc93afa,d7f7a03f5ccbcb5637daff3f8b8811594a101b306e3e31ec85f256e7e68c0620,exact,4.4.2,12.3.0,3.11.15,sha256(big_endian_uint32(width) || big_endian_uint32(height) || RGB_pixel_bytes_row_major)
55,55,data/raw_images/normal/55.png,55.png,55.png,exact_post_preprocessing_match,exact_post_preprocessing_match,ILSVRC/imagenet-1k,49e2ee26f3810fb5a7536bbf732a7b07389a47b5,train,true,42,10000,256,62,n03627232_32144_n03627232.JPEG,616,500,330,500,330,500,330,500,330,,false,false,,,,178230,3145728,6,false,true,e39ac8ac3a44e5bec5766e25a52c66aa67896353d0ed03c0492b7a458cad075e,0857a89a49dffd8b74f4bace6e8674ababb6066244fbf9a773739aea1bd9845e,0857a89a49dffd8b74f4bace6e8674ababb6066244fbf9a773739aea1bd9845e,0857a89a49dffd8b74f4bace6e8674ababb6066244fbf9a773739aea1bd9845e,bffadc977813d202992d161eda4bb58ff73698e27440480a0a604604c75a0e63,exact,4.4.2,12.3.0,3.11.15,sha256(big_endian_uint32(width) || big_endian_uint32(height) || RGB_pixel_bytes_row_major)
56,56,data/raw_images/normal/56.png,56.png,56.png,exact_post_preprocessing_match,exact_post_preprocessing_match,ILSVRC/imagenet-1k,49e2ee26f3810fb5a7536bbf732a7b07389a47b5,train,true,42,10000,256,63,n03770679_6816_n03770679.JPEG,656,474,315,474,315,474,315,474,315,1,false,false,,,,202581,3145728,6,false,false,b0985fdf676352436ea379f91049143d96974bcd470ff1f800f14fd22850dfcb,0f678bc795b2f8a0400099cb2bc834b81ea73105da46963bd8d600e8f5c27ee8,0f678bc795b2f8a0400099cb2bc834b81ea73105da46963bd8d600e8f5c27ee8,0f678bc795b2f8a0400099cb2bc834b81ea73105da46963bd8d600e8f5c27ee8,1c71836dbac935fb9f9f0f0a19e08987bf36144f81ca08cc12614660453e9ae0,exact,4.4.2,12.3.0,3.11.15,sha256(big_endian_uint32(width) || big_endian_uint32(height) || RGB_pixel_bytes_row_major)
57,57,data/raw_images/normal/57.png,57.png,57.png,exact_post_preprocessing_match,exact_post_preprocessing_match,ILSVRC/imagenet-1k,49e2ee26f3810fb5a7536bbf732a7b07389a47b5,train,true,42,10000,256,64,n02091831_7237_n02091831.JPEG,176,500,334,500,334,500,334,500,334,,false,false,,,,236033,3145728,6,false,false,b563de8b973611d64936f8ab43b70cfdcf8b1feb57bd64eb064d69b1ceca425b,a601eb746c00410de500959a68bcd6d34bda1cd43fea6faf876d637a7e26ad0c,a601eb746c00410de500959a68bcd6d34bda1cd43fea6faf876d637a7e26ad0c,a601eb746c00410de500959a68bcd6d34bda1cd43fea6faf876d637a7e26ad0c,68d8c1f4efd0e79ddd7f5648abf93bbe683ba825db2674d3e857608431cf11e2,exact,4.4.2,12.3.0,3.11.15,sha256(big_endian_uint32(width) || big_endian_uint32(height) || RGB_pixel_bytes_row_major)
58,58,data/raw_images/normal/58.png,58.png,58.png,exact_post_preprocessing_match,exact_post_preprocessing_match,ILSVRC/imagenet-1k,49e2ee26f3810fb5a7536bbf732a7b07389a47b5,train,true,42,10000,256,65,n03657121_9445_n03657121.JPEG,622,335,500,335,500,335,500,335,500,,false,false,,,,223170,3145728,6,false,false,db49d712b5b7914dd041ed3b2937ac98575e61537297292fa409dd95458d3d5a,04fd43e0710e5f7ae420c53f41c8e03640a4c220afd48f86a416cf9857d1091f,04fd43e0710e5f7ae420c53f41c8e03640a4c220afd48f86a416cf9857d1091f,04fd43e0710e5f7ae420c53f41c8e03640a4c220afd48f86a416cf9857d1091f,df3c2db480e00458ef3a0817959ae1d82ff74374b0c64f1c3dbe8dee301677a5,exact,4.4.2,12.3.0,3.11.15,sha256(big_endian_uint32(width) || big_endian_uint32(height) || RGB_pixel_bytes_row_major)
59,59,data/raw_images/normal/59.png,59.png,59.png,exact_post_preprocessing_match,exact_post_preprocessing_match,ILSVRC/imagenet-1k,49e2ee26f3810fb5a7536bbf732a7b07389a47b5,train,true,42,10000,256,66,n01641577_3957_n01641577.JPEG,30,500,359,500,359,500,359,500,359,,false,false,,,,382128,3145728,6,false,false,d3f23e700712f4d4fda8f5996b84e392d1b5f92da2c1006448a2dfddaa064e11,a954d1ff13eab1c9ea4468dc086dcf4c3ee06dd7b90b8d624936201462f85abb,a954d1ff13eab1c9ea4468dc086dcf4c3ee06dd7b90b8d624936201462f85abb,a954d1ff13eab1c9ea4468dc086dcf4c3ee06dd7b90b8d624936201462f85abb,dcb6db655e620c0d64359ddc4efe13576f73f57677c986d5811d4a9ee92a2c2a,exact,4.4.2,12.3.0,3.11.15,sha256(big_endian_uint32(width) || big_endian_uint32(height) || RGB_pixel_bytes_row_major)
60,60,data/raw_images/normal/60.png,60.png,60.png,exact_post_preprocessing_match,exact_post_preprocessing_match,ILSVRC/imagenet-1k,49e2ee26f3810fb5a7536bbf732a7b07389a47b5,train,true,42,10000,256,67,n03160309_40943_n03160309.JPEG,525,500,375,500,375,500,375,500,375,,false,false,,,,358193,3145728,6,false,false,5108dffedcf59b928fe7d16497a9caf9237006f89f57a02a0c865538f53f0869,bd4fd43e4d41d9c4bd6cd3dac2286c89e276c73524256998053b5ce12653845e,bd4fd43e4d41d9c4bd6cd3dac2286c89e276c73524256998053b5ce12653845e,bd4fd43e4d41d9c4bd6cd3dac2286c89e276c73524256998053b5ce12653845e,e5d584c77d9bb445a0d0e97147d01f824a945e0ea91dec437d6fd52561c18f40,exact,4.4.2,12.3.0,3.11.15,sha256(big_endian_uint32(width) || big_endian_uint32(height) || RGB_pixel_bytes_row_major)
61,61,data/raw_images/normal/61.png,61.png,61.png,exact_post_preprocessing_match,exact_post_preprocessing_match,ILSVRC/imagenet-1k,49e2ee26f3810fb5a7536bbf732a7b07389a47b5,train,true,42,10000,256,68,n03710193_735_n03710193.JPEG,637,500,400,500,400,500,400,500,400,,false,false,,,,314535,3145728,6,false,false,b6d9a3a4d0b5c49b66e92e4cbfab40bca777587cfb429cf85454adc3af47117c,2ffbc8d859bec875e0a2265a5440a97f466adb96d988a6f5899c2819d276711b,2ffbc8d859bec875e0a2265a5440a97f466adb96d988a6f5899c2819d276711b,2ffbc8d859bec875e0a2265a5440a97f466adb96d988a6f5899c2819d276711b,d8c21478ae8271ef4eb489936611b2832f47c781855226a251620ac14399a58e,exact,4.4.2,12.3.0,3.11.15,sha256(big_endian_uint32(width) || big_endian_uint32(height) || RGB_pixel_bytes_row_major)
62,62,data/raw_images/normal/62.png,62.png,62.png,exact_post_preprocessing_match,exact_post_preprocessing_match,ILSVRC/imagenet-1k,49e2ee26f3810fb5a7536bbf732a7b07389a47b5,train,true,42,10000,256,69,n02229544_17203_n02229544.JPEG,312,500,333,500,333,500,333,500,333,,false,false,,,,283838,3145728,6,false,false,cea7b79802d21d45c81ef55ee479c9d3933c16e06584ce982690ccf9bf04efe7,9feff80e246ec7a18a1c2a608cba7a84bb3feff048e96dc7f0384e8c42a4f461,9feff80e246ec7a18a1c2a608cba7a84bb3feff048e96dc7f0384e8c42a4f461,9feff80e246ec7a18a1c2a608cba7a84bb3feff048e96dc7f0384e8c42a4f461,372c83351d2cc97ea7123f67b7b9813c066d359a9129a80664340160db85d876,exact,4.4.2,12.3.0,3.11.15,sha256(big_endian_uint32(width) || big_endian_uint32(height) || RGB_pixel_bytes_row_major)
63,63,data/raw_images/normal/63.png,63.png,63.png,exact_post_preprocessing_match,exact_post_preprocessing_match,ILSVRC/imagenet-1k,49e2ee26f3810fb5a7536bbf732a7b07389a47b5,train,true,42,10000,256,70,n01843065_942_n01843065.JPEG,95,600,900,600,900,600,900,600,900,,false,false,,,,368991,3145728,6,false,false,f2806e27ac2d9973d357a3ff93416049d741bd935e511033eb5ae0942e77298b,b4c86a0ea9286e993d56362c706ad4434e098ae179a10c67c54a60c5d077da32,b4c86a0ea9286e993d56362c706ad4434e098ae179a10c67c54a60c5d077da32,b4c86a0ea9286e993d56362c706ad4434e098ae179a10c67c54a60c5d077da32,d7a2185fd13b4e1ad801fcbcf55873a1b01cc4b3982664d900fee15edeed824d,exact,4.4.2,12.3.0,3.11.15,sha256(big_endian_uint32(width) || big_endian_uint32(height) || RGB_pixel_bytes_row_major)
64,64,data/raw_images/normal/64.png,64.png,64.png,exact_post_preprocessing_match,exact_post_preprocessing_match,ILSVRC/imagenet-1k,49e2ee26f3810fb5a7536bbf732a7b07389a47b5,train,true,42,10000,256,71,n01980166_3609_n01980166.JPEG,120,500,334,500,334,500,334,500,334,,false,false,,,,337451,3145728,6,false,false,a8ca26112d98a0c5f9c63d8090ae76724fc4eb2b25e88b47e9cd787456b0bce7,c84d6bb9ebf0b6572bdd404f0ee62dead806a7fbfe19f668c6de9e7f9c870fca,c84d6bb9ebf0b6572bdd404f0ee62dead806a7fbfe19f668c6de9e7f9c870fca,c84d6bb9ebf0b6572bdd404f0ee62dead806a7fbfe19f668c6de9e7f9c870fca,b8bb8f4c27967081b28b497fa0dd78e44843f363454258078f76da81f937e88b,exact,4.4.2,12.3.0,3.11.15,sha256(big_endian_uint32(width) || big_endian_uint32(height) || RGB_pixel_bytes_row_major)
65,65,data/raw_images/normal/65.png,65.png,65.png,exact_post_preprocessing_match,exact_post_preprocessing_match,ILSVRC/imagenet-1k,49e2ee26f3810fb5a7536bbf732a7b07389a47b5,train,true,42,10000,256,72,n01534433_13772_n01534433.JPEG,13,500,377,500,377,500,377,500,377,,false,false,,,,380580,3145728,6,false,false,76076be204751a0f7f270b2c361d35387c5108c53b23fc08761688a2469cadc3,fc599ac0be658cf0016a2e5bcaaead3b4384f3b4c825e953f429336d1211babb,fc599ac0be658cf0016a2e5bcaaead3b4384f3b4c825e953f429336d1211babb,fc599ac0be658cf0016a2e5bcaaead3b4384f3b4c825e953f429336d1211babb,077e0519a1b58f9122955aa4b8af1dc08c02f33c2b81b73681b6897402e90148,exact,4.4.2,12.3.0,3.11.15,sha256(big_endian_uint32(width) || big_endian_uint32(height) || RGB_pixel_bytes_row_major)
66,66,data/raw_images/normal/66.png,66.png,66.png,exact_post_preprocessing_match,exact_post_preprocessing_match,ILSVRC/imagenet-1k,49e2ee26f3810fb5a7536bbf732a7b07389a47b5,train,true,42,10000,256,73,n09332890_13859_n09332890.JPEG,975,800,600,800,600,800,600,800,600,,false,false,,,,635154,3145728,6,false,false,4e9c4ea6002c98d2cb67042b1bf140983eacabe3f0cd3c11dfe76c12987ad77f,05f4903c44f6c74f7be0245c61fce0fc60b8edb411a174db37f87e77270d8b62,05f4903c44f6c74f7be0245c61fce0fc60b8edb411a174db37f87e77270d8b62,05f4903c44f6c74f7be0245c61fce0fc60b8edb411a174db37f87e77270d8b62,343cb8d3d160bf05acf3ab6c284a8a628ccd83e620eb2c89c2047a66217a7501,exact,4.4.2,12.3.0,3.11.15,sha256(big_endian_uint32(width) || big_endian_uint32(height) || RGB_pixel_bytes_row_major)
67,67,data/raw_images/normal/67.png,67.png,67.png,exact_post_preprocessing_match,exact_post_preprocessing_match,ILSVRC/imagenet-1k,49e2ee26f3810fb5a7536bbf732a7b07389a47b5,train,true,42,10000,256,74,n01817953_659_n01817953.JPEG,87,500,375,500,375,500,375,500,375,,false,false,,,,271435,3145728,6,false,false,3e16cedf28f1dc5f85c7674c249da1558800b458d06fa0ecf50f2550da0f74f6,0b93bc053125ae4f442d0837497f90412c05b8bdbed5e39acab629b3a0d1da33,0b93bc053125ae4f442d0837497f90412c05b8bdbed5e39acab629b3a0d1da33,0b93bc053125ae4f442d0837497f90412c05b8bdbed5e39acab629b3a0d1da33,d5b0d3016fc1996a6cc6820e8d88172c6cb4693dfbf970db78c4689a3a2bb59a,exact,4.4.2,12.3.0,3.11.15,sha256(big_endian_uint32(width) || big_endian_uint32(height) || RGB_pixel_bytes_row_major)
68,68,data/raw_images/normal/68.png,68.png,68.png,exact_post_preprocessing_match,exact_post_preprocessing_match,ILSVRC/imagenet-1k,49e2ee26f3810fb5a7536bbf732a7b07389a47b5,train,true,42,10000,256,75,n03459775_11922_n03459775.JPEG,581,500,375,500,375,500,375,500,375,,false,false,,,,365738,3145728,6,false,false,d7b9a91854c2eb0b082f432d9936b6075166f55aaf86c1c537bb046c2b2d3309,da5cf2a89bf36b1c460eb8494fb183dfac48e329d2d513d659d96a3667312e1e,da5cf2a89bf36b1c460eb8494fb183dfac48e329d2d513d659d96a3667312e1e,da5cf2a89bf36b1c460eb8494fb183dfac48e329d2d513d659d96a3667312e1e,553cbc51ffdf48087f9dbfb7f77204ed4ffca2e9487a190083b1d1b8ee9cab4f,exact,4.4.2,12.3.0,3.11.15,sha256(big_endian_uint32(width) || big_endian_uint32(height) || RGB_pixel_bytes_row_major)
69,69,data/raw_images/normal/69.png,69.png,69.png,exact_post_preprocessing_match,exact_post_preprocessing_match,ILSVRC/imagenet-1k,49e2ee26f3810fb5a7536bbf732a7b07389a47b5,train,true,42,10000,256,76,n03450230_19584_n03450230.JPEG,578,500,333,500,333,500,333,500,333,,false,false,,,,365907,3145728,6,false,false,b61004b7aa0e07a78902d6b0fe4641127b5336c4f4302f4048488253263f722e,0c6569f56575d9b54d1af30fa7f0aa3d4ab8477d85dfcc4f99aa6ba4f0dda66e,0c6569f56575d9b54d1af30fa7f0aa3d4ab8477d85dfcc4f99aa6ba4f0dda66e,0c6569f56575d9b54d1af30fa7f0aa3d4ab8477d85dfcc4f99aa6ba4f0dda66e,7fbd9ddc3d56048b1a74d42dfed6831e837c810e572bfa1478320c62a17f82f7,exact,4.4.2,12.3.0,3.11.15,sha256(big_endian_uint32(width) || big_endian_uint32(height) || RGB_pixel_bytes_row_major)
70,70,data/raw_images/normal/70.png,70.png,70.png,exact_post_preprocessing_match,exact_post_preprocessing_match,ILSVRC/imagenet-1k,49e2ee26f3810fb5a7536bbf732a7b07389a47b5,train,true,42,10000,256,77,n02364673_18015_n02364673.JPEG,338,500,375,500,375,500,375,500,375,,false,false,,,,265188,3145728,6,false,false,c7fd9cdbf8917e45168d0a4080897d13e38ab403c6dfd0291b742ea3e20fec40,525d6f535e973d2a4773cae64e18068fbc6e3e7096a6a76190bf256318eaac32,525d6f535e973d2a4773cae64e18068fbc6e3e7096a6a76190bf256318eaac32,525d6f535e973d2a4773cae64e18068fbc6e3e7096a6a76190bf256318eaac32,bce2590be234d7a9a237386b726e90ebab78619d9258e062d6320aea6677755d,exact,4.4.2,12.3.0,3.11.15,sha256(big_endian_uint32(width) || big_endian_uint32(height) || RGB_pixel_bytes_row_major)
71,71,data/raw_images/normal/71.png,71.png,71.png,exact_post_preprocessing_match,exact_post_preprocessing_match,ILSVRC/imagenet-1k,49e2ee26f3810fb5a7536bbf732a7b07389a47b5,train,true,42,10000,256,79,n03733281_11712_n03733281.JPEG,646,500,333,500,333,500,333,500,333,,false,false,,,,345938,3145728,6,false,false,901bbec4ded80f2338fba88888947fc20b4f709c035998997732fc8b5fda2380,f49c9669f8fa6ea97c7395d7897d100a995547e8f38d16316dcfe4096c616419,f49c9669f8fa6ea97c7395d7897d100a995547e8f38d16316dcfe4096c616419,f49c9669f8fa6ea97c7395d7897d100a995547e8f38d16316dcfe4096c616419,8903aee5cb605521b3e0f82e5e8fe2df2ba642ae36763492bd35b644da57cb37,exact,4.4.2,12.3.0,3.11.15,sha256(big_endian_uint32(width) || big_endian_uint32(height) || RGB_pixel_bytes_row_major)
72,72,data/raw_images/normal/72.png,72.png,72.png,exact_post_preprocessing_match,exact_post_preprocessing_match,ILSVRC/imagenet-1k,49e2ee26f3810fb5a7536bbf732a7b07389a47b5,train,true,42,10000,256,80,n04560804_1255_n04560804.JPEG,899,500,375,500,375,500,375,500,375,,false,false,,,,336257,3145728,6,false,false,a12dd2fd11cd51f5fd13359b307f55567aa7c6a784e3a07d5865b3829e6d0a61,63dcf19fe8992ec8198bb72597e48cceeb5f19e06af63d0813f6bb73c57e4afd,63dcf19fe8992ec8198bb72597e48cceeb5f19e06af63d0813f6bb73c57e4afd,63dcf19fe8992ec8198bb72597e48cceeb5f19e06af63d0813f6bb73c57e4afd,6486be1fafeb5235d16337e55f62f4de73edd9c1022278a25d86d12b13297a84,exact,4.4.2,12.3.0,3.11.15,sha256(big_endian_uint32(width) || big_endian_uint32(height) || RGB_pixel_bytes_row_major)
73,73,data/raw_images/normal/73.png,73.png,73.png,exact_post_preprocessing_match,exact_post_preprocessing_match,ILSVRC/imagenet-1k,49e2ee26f3810fb5a7536bbf732a7b07389a47b5,train,true,42,10000,256,82,n02692877_12270_n02692877.JPEG,405,500,332,500,332,500,332,500,332,,false,false,,,,132546,3145728,6,false,false,b6fe2925a363d7bd07feea22bd373efb8ffbf5f226cadd64cd94b205a6767fd9,111d8b7ff932c753b8a6c91f57730da432b28e68fa97671ea7523064b32153ac,111d8b7ff932c753b8a6c91f57730da432b28e68fa97671ea7523064b32153ac,111d8b7ff932c753b8a6c91f57730da432b28e68fa97671ea7523064b32153ac,5c2ee2ee581ae4c1b5fa19ee7bd6c46f2ab647928400da42ea3ba0293fa8903b,exact,4.4.2,12.3.0,3.11.15,sha256(big_endian_uint32(width) || big_endian_uint32(height) || RGB_pixel_bytes_row_major)
74,74,data/raw_images/normal/74.png,74.png,74.png,exact_post_preprocessing_match,exact_post_preprocessing_match,ILSVRC/imagenet-1k,49e2ee26f3810fb5a7536bbf732a7b07389a47b5,train,true,42,10000,256,83,n02877765_476_n02877765.JPEG,455,500,375,500,375,500,375,500,375,,false,false,,,,287795,3145728,6,false,true,5e9841c7a17722437fdaf226d9eb3ba7ed3b9a4a527f21d81d1bbfadd8044b96,29beac03f2ca19505f974d778c23d0c7c312a15124df4bc97842f6000e019390,29beac03f2ca19505f974d778c23d0c7c312a15124df4bc97842f6000e019390,29beac03f2ca19505f974d778c23d0c7c312a15124df4bc97842f6000e019390,3e8991d23a76a9cc68110e80e17bbe0ee1dd9e5f4a770312652721f9021df3c8,exact,4.4.2,12.3.0,3.11.15,sha256(big_endian_uint32(width) || big_endian_uint32(height) || RGB_pixel_bytes_row_major)
75,75,data/raw_images/normal/75.png,75.png,75.png,exact_post_preprocessing_match,exact_post_preprocessing_match,ILSVRC/imagenet-1k,49e2ee26f3810fb5a7536bbf732a7b07389a47b5,train,true,42,10000,256,85,n01443537_21801_n01443537.JPEG,1,500,356,500,356,500,356,500,356,,false,false,,,,400098,3145728,6,false,true,5f83fb98c575f17b995cdd7e1a2998f6b46dee880d6330b90423c1ebb069acbc,f5a2f389f11e732ab14488408d993039ebb3e12204372afed08cc021dfbdf4d9,f5a2f389f11e732ab14488408d993039ebb3e12204372afed08cc021dfbdf4d9,f5a2f389f11e732ab14488408d993039ebb3e12204372afed08cc021dfbdf4d9,0fb12b727b0365c33c52056ee89448f3bb0d35ff9834871daca75ba915d259c3,exact,4.4.2,12.3.0,3.11.15,sha256(big_endian_uint32(width) || big_endian_uint32(height) || RGB_pixel_bytes_row_major)
76,76,data/raw_images/normal/76.png,76.png,76.png,exact_post_preprocessing_match,exact_post_preprocessing_match,ILSVRC/imagenet-1k,49e2ee26f3810fb5a7536bbf732a7b07389a47b5,train,true,42,10000,256,86,n02480495_24989_n02480495.JPEG,365,500,359,500,359,500,359,500,359,,false,false,,,,253866,3145728,6,false,false,357c530c047be0ed2d810699e4b9b30d8907c20024e29dc1eabca69ba7be9f7f,06b9e4ccf9e4c184009e9a34e82784b447481004d05f6a17e0b168bd44bce44d,06b9e4ccf9e4c184009e9a34e82784b447481004d05f6a17e0b168bd44bce44d,06b9e4ccf9e4c184009e9a34e82784b447481004d05f6a17e0b168bd44bce44d,2e36a8ae373556ff51d0ce3c05feb7a8c5aa38324753a34d313bdfb1bd1249c6,exact,4.4.2,12.3.0,3.11.15,sha256(big_endian_uint32(width) || big_endian_uint32(height) || RGB_pixel_bytes_row_major)
77,77,data/raw_images/normal/77.png,77.png,77.png,exact_post_preprocessing_match,exact_post_preprocessing_match,ILSVRC/imagenet-1k,49e2ee26f3810fb5a7536bbf732a7b07389a47b5,train,true,42,10000,256,87,n02965783_78_n02965783.JPEG,475,375,500,375,500,375,500,375,500,,false,false,,,,260871,3145728,6,false,false,ccca0296393c5005a0a6fa87fc1d7bd5fb86b85995b4349c233230b7cbe41da3,addf0013a065a4411da37cfd9a0231b7933716bfdf45de13db5489bf66af15b0,addf0013a065a4411da37cfd9a0231b7933716bfdf45de13db5489bf66af15b0,addf0013a065a4411da37cfd9a0231b7933716bfdf45de13db5489bf66af15b0,bc09b61b203d5cf2bc151eea0d4ff8596d51d1b3a1634326c04ef20364ed6a16,exact,4.4.2,12.3.0,3.11.15,sha256(big_endian_uint32(width) || big_endian_uint32(height) || RGB_pixel_bytes_row_major)
78,78,data/raw_images/normal/78.png,78.png,78.png,exact_post_preprocessing_match,exact_post_preprocessing_match,ILSVRC/imagenet-1k,49e2ee26f3810fb5a7536bbf732a7b07389a47b5,train,true,42,10000,256,89,n03134739_2173_n03134739.JPEG,522,332,500,332,500,332,500,332,500,,false,false,,,,388016,3145728,6,false,true,9c4d221b1dff24b23b992d72ab8db7039678e3bdd1d634cb04e10ddd00c811b4,bdc8c1fe905cb31844940c8166a9824f17ffb3ed26bec2ba40fd4eb94785e981,bdc8c1fe905cb31844940c8166a9824f17ffb3ed26bec2ba40fd4eb94785e981,bdc8c1fe905cb31844940c8166a9824f17ffb3ed26bec2ba40fd4eb94785e981,2d1385262869c7104554f1d51312a572f2db5daf68e38bd8aca28ae145fcd172,exact,4.4.2,12.3.0,3.11.15,sha256(big_endian_uint32(width) || big_endian_uint32(height) || RGB_pixel_bytes_row_major)
79,79,data/raw_images/normal/79.png,79.png,79.png,exact_post_preprocessing_match,exact_post_preprocessing_match,ILSVRC/imagenet-1k,49e2ee26f3810fb5a7536bbf732a7b07389a47b5,train,true,42,10000,256,91,n02749479_5228_n02749479.JPEG,413,500,333,500,333,500,333,500,333,,false,false,,,,348614,3145728,6,false,false,2f4aff3e173b8003db069e9b513919020e3d1469a5d0dcf9cd1cd81d0fff468e,fbe8602622d58515ba4d7d6cad85138f6eb91e90cb45af358eda9997cc58fcd5,fbe8602622d58515ba4d7d6cad85138f6eb91e90cb45af358eda9997cc58fcd5,fbe8602622d58515ba4d7d6cad85138f6eb91e90cb45af358eda9997cc58fcd5,b0f295ab8c17b10063f0042fd5008e297ea69c01dd962d7a29e2eacb947c32da,exact,4.4.2,12.3.0,3.11.15,sha256(big_endian_uint32(width) || big_endian_uint32(height) || RGB_pixel_bytes_row_major)
80,80,data/raw_images/normal/80.png,80.png,80.png,exact_post_preprocessing_match,exact_post_preprocessing_match,ILSVRC/imagenet-1k,49e2ee26f3810fb5a7536bbf732a7b07389a47b5,train,true,42,10000,256,92,n01697457_13804_n01697457.JPEG,49,500,333,500,333,500,333,500,333,,false,false,,,,418921,3145728,6,false,true,05d34ec9299330c4540cde889d0e167b6523a4be90ccbd5f7fefe84aa27d922a,7d179d968de6dc560cab27c0fa4be6c51959b4702bdcf72723950e9f7a4125ec,7d179d968de6dc560cab27c0fa4be6c51959b4702bdcf72723950e9f7a4125ec,7d179d968de6dc560cab27c0fa4be6c51959b4702bdcf72723950e9f7a4125ec,c0546ae85c864f8c022cc7e73a4181a48569ebe7ae8f60c13222bc872ebf2eb1,exact,4.4.2,12.3.0,3.11.15,sha256(big_endian_uint32(width) || big_endian_uint32(height) || RGB_pixel_bytes_row_major)
81,81,data/raw_images/normal/81.png,81.png,81.png,exact_post_preprocessing_match,exact_post_preprocessing_match,ILSVRC/imagenet-1k,49e2ee26f3810fb5a7536bbf732a7b07389a47b5,train,true,42,10000,256,93,n02909870_29130_n02909870.JPEG,463,1024,683,1024,683,1024,683,1024,683,,false,false,,,,232622,3145728,6,false,false,621e203b4f829cc64fc6bed2fcda8e6050e168f6921311506b375d05b986c13d,1ed1f6ebbdca474dcf253ac693923fd68eb2cd635bb7dc8192f6e82d0902f861,1ed1f6ebbdca474dcf253ac693923fd68eb2cd635bb7dc8192f6e82d0902f861,1ed1f6ebbdca474dcf253ac693923fd68eb2cd635bb7dc8192f6e82d0902f861,c1021c2fb8674e6cbd607839d6a20914b4af1127a093dbb467067168bbd98e23,exact,4.4.2,12.3.0,3.11.15,sha256(big_endian_uint32(width) || big_endian_uint32(height) || RGB_pixel_bytes_row_major)
82,82,data/raw_images/normal/82.png,82.png,82.png,exact_post_preprocessing_match,exact_post_preprocessing_match,ILSVRC/imagenet-1k,49e2ee26f3810fb5a7536bbf732a7b07389a47b5,train,true,42,10000,256,94,n03026506_1139_n03026506.JPEG,496,500,375,500,375,500,375,500,375,,false,false,,,,422841,3145728,6,false,false,b65cb4a6208089367788599a882106121a8aae8ba887b7897ac37fa410ba0880,36c99f314275386c448c60a103937a3eefda2ca35de514c97b04ac7ae2a170b2,36c99f314275386c448c60a103937a3eefda2ca35de514c97b04ac7ae2a170b2,36c99f314275386c448c60a103937a3eefda2ca35de514c97b04ac7ae2a170b2,0107d32dd4e98c75ff13bc3a3b8b3f69e1816420d254a086d37e9cd131f6761e,exact,4.4.2,12.3.0,3.11.15,sha256(big_endian_uint32(width) || big_endian_uint32(height) || RGB_pixel_bytes_row_major)
83,83,data/raw_images/normal/83.png,83.png,83.png,exact_post_preprocessing_match,exact_post_preprocessing_match,ILSVRC/imagenet-1k,49e2ee26f3810fb5a7536bbf732a7b07389a47b5,train,true,42,10000,256,96,n04179913_12003_n04179913.JPEG,786,500,375,500,375,500,375,500,375,,false,false,,,,320631,3145728,6,false,false,10d3545e192fdc9177b6c11cfd836dc83f79d597190f35444c3354ef3931e24c,c6678d045484008f7777a5f209eaf9fb7bea8a144295ef0ee30ada91934d8b59,c6678d045484008f7777a5f209eaf9fb7bea8a144295ef0ee30ada91934d8b59,c6678d045484008f7777a5f209eaf9fb7bea8a144295ef0ee30ada91934d8b59,d14a9e3f02f3e9a9a92b8e6a6d7612d469185f15d6272e58a9bfb5aa4c301ba8,exact,4.4.2,12.3.0,3.11.15,sha256(big_endian_uint32(width) || big_endian_uint32(height) || RGB_pixel_bytes_row_major)
84,84,data/raw_images/normal/84.png,84.png,84.png,exact_post_preprocessing_match,exact_post_preprocessing_match,ILSVRC/imagenet-1k,49e2ee26f3810fb5a7536bbf732a7b07389a47b5,train,true,42,10000,256,97,n02107574_3843_n02107574.JPEG,238,500,412,500,412,500,412,500,412,,false,false,,,,397730,3145728,6,false,false,f895d344bca8ece7638500c6d32c6dd1c62d21e6c9f04905e5310f492864f389,5482be9d5464c61926e4f94c8e51a887c09a69ce066ace1366c4a88322500471,5482be9d5464c61926e4f94c8e51a887c09a69ce066ace1366c4a88322500471,5482be9d5464c61926e4f94c8e51a887c09a69ce066ace1366c4a88322500471,92c2c4a2539ad6787994a00aca9d8427580a250362f3727317e399f3e72df672,exact,4.4.2,12.3.0,3.11.15,sha256(big_endian_uint32(width) || big_endian_uint32(height) || RGB_pixel_bytes_row_major)
85,85,data/raw_images/normal/85.png,85.png,85.png,exact_post_preprocessing_match,exact_post_preprocessing_match,ILSVRC/imagenet-1k,49e2ee26f3810fb5a7536bbf732a7b07389a47b5,train,true,42,10000,256,98,n02840245_5407_n02840245.JPEG,446,387,420,387,420,387,420,387,420,,false,false,,,,135688,3145728,6,false,false,48a37bf5af8f18c1b82596c7362921db8a62f315fddb9b7317e73573a4aadebd,573f1ec4df4a2ec6dac480a4640da7e9fd2e79e2395901955ef47673f3e33e17,573f1ec4df4a2ec6dac480a4640da7e9fd2e79e2395901955ef47673f3e33e17,573f1ec4df4a2ec6dac480a4640da7e9fd2e79e2395901955ef47673f3e33e17,51476f1817607e92a726f9d5ca6f9a64e28886ce2b688154126a2a66654562f7,exact,4.4.2,12.3.0,3.11.15,sha256(big_endian_uint32(width) || big_endian_uint32(height) || RGB_pixel_bytes_row_major)
86,86,data/raw_images/normal/86.png,86.png,86.png,exact_post_preprocessing_match,exact_post_preprocessing_match,ILSVRC/imagenet-1k,49e2ee26f3810fb5a7536bbf732a7b07389a47b5,train,true,42,10000,256,99,n02910353_22408_n02910353.JPEG,464,500,333,500,333,500,333,500,333,,false,false,,,,131107,3145728,6,false,true,ca6d418a9b306534e14029b8e4934b7d2a3e8010e24c51de8901f67c8aecf6ae,eef254d2d8afffe13666791016f214fdac61e148856960cef5170d43b0017e1c,eef254d2d8afffe13666791016f214fdac61e148856960cef5170d43b0017e1c,eef254d2d8afffe13666791016f214fdac61e148856960cef5170d43b0017e1c,be8e9ab25ed9182a795c6a1e8e36a3c3ac36feb9db1c3b8069376ffdee1488a8,exact,4.4.2,12.3.0,3.11.15,sha256(big_endian_uint32(width) || big_endian_uint32(height) || RGB_pixel_bytes_row_major)
87,87,data/raw_images/normal/87.png,87.png,87.png,exact_post_preprocessing_match,exact_post_preprocessing_match,ILSVRC/imagenet-1k,49e2ee26f3810fb5a7536bbf732a7b07389a47b5,train,true,42,10000,256,100,n03127925_2314_n03127925.JPEG,519,375,500,375,500,375,500,375,500,,false,false,,,,346395,3145728,6,false,true,314c552a4e2991053a79624fc24faa30db2fa16f8a0c7b0b6ffb3bc84169d4b5,4ce9931fbdb16e74306e09403cd255ac321339932103e44ae492bda65bef8044,4ce9931fbdb16e74306e09403cd255ac321339932103e44ae492bda65bef8044,4ce9931fbdb16e74306e09403cd255ac321339932103e44ae492bda65bef8044,6c1b4f3f0fc49d1de121cafe5104994fdd8daf3485caa5e2ff01afb9c96b4194,exact,4.4.2,12.3.0,3.11.15,sha256(big_endian_uint32(width) || big_endian_uint32(height) || RGB_pixel_bytes_row_major)
88,88,data/raw_images/normal/88.png,88.png,88.png,exact_post_preprocessing_match,exact_post_preprocessing_match,ILSVRC/imagenet-1k,49e2ee26f3810fb5a7536bbf732a7b07389a47b5,train,true,42,10000,256,101,n03527444_2340_n03527444.JPEG,597,375,500,375,500,375,500,375,500,,false,false,,,,403317,3145728,6,false,false,f5ac0816056df809aeb2cfe3d1a84c9809aa57b42be81d9009e1794fe13d4019,9eaf7cdb95f860b8beae6e63d7dd3d1726023d525b92bc5822121e9c4a73c598,9eaf7cdb95f860b8beae6e63d7dd3d1726023d525b92bc5822121e9c4a73c598,9eaf7cdb95f860b8beae6e63d7dd3d1726023d525b92bc5822121e9c4a73c598,08c18dc1cf18507b3897645ebbb78cf53014d39ecd144b5fca5050432050de94,exact,4.4.2,12.3.0,3.11.15,sha256(big_endian_uint32(width) || big_endian_uint32(height) || RGB_pixel_bytes_row_major)
89,89,data/raw_images/normal/89.png,89.png,89.png,exact_post_preprocessing_match,exact_post_preprocessing_match,ILSVRC/imagenet-1k,49e2ee26f3810fb5a7536bbf732a7b07389a47b5,train,true,42,10000,256,102,n02100735_630_n02100735.JPEG,212,500,375,500,375,500,375,500,375,,false,false,,,,360308,3145728,6,false,false,10e47d1a91602ba35c9d81ca0b5a9ba09c3934e23779d3901d7b4d8a6840a628,585d7cefda5797d2449f0ef3e712358845bda47445cc792f67099c221369d577,585d7cefda5797d2449f0ef3e712358845bda47445cc792f67099c221369d577,585d7cefda5797d2449f0ef3e712358845bda47445cc792f67099c221369d577,d89891e0a228235e5387aa3d931e6b6f761b6ba19d1c1bba97ab753f6b74af70,exact,4.4.2,12.3.0,3.11.15,sha256(big_endian_uint32(width) || big_endian_uint32(height) || RGB_pixel_bytes_row_major)
90,90,data/raw_images/normal/90.png,90.png,90.png,exact_post_preprocessing_match,exact_post_preprocessing_match,ILSVRC/imagenet-1k,49e2ee26f3810fb5a7536bbf732a7b07389a47b5,train,true,42,10000,256,103,n04086273_13862_n04086273.JPEG,763,500,375,500,375,500,375,500,375,,false,false,,,,430143,3145728,6,false,false,439ffdc388f26daea14e0dffde57a3276c52e9d28b9fe5436b4bb5a6e5dfe047,071fa0033065a33c32a1703de4db34b2fc579c5220b43e00a8f68fbfdb7c6050,071fa0033065a33c32a1703de4db34b2fc579c5220b43e00a8f68fbfdb7c6050,071fa0033065a33c32a1703de4db34b2fc579c5220b43e00a8f68fbfdb7c6050,0b8108f4705bf0781ea5c1e9812347e1964b600afd910efb2ba868c26128ec0d,exact,4.4.2,12.3.0,3.11.15,sha256(big_endian_uint32(width) || big_endian_uint32(height) || RGB_pixel_bytes_row_major)
91,91,data/raw_images/normal/91.png,91.png,91.png,exact_post_preprocessing_match,exact_post_preprocessing_match,ILSVRC/imagenet-1k,49e2ee26f3810fb5a7536bbf732a7b07389a47b5,train,true,42,10000,256,104,n04548362_8553_n04548362.JPEG,893,545,290,545,290,545,290,545,290,,false,false,,,,214645,3145728,6,false,false,94793dbc67a3eccbf31ccc7d7c6e9e2fb2a07992407391243d4aae5a312bbad0,46f3c5186e06fad28cbfab866f159b87accbec33a79b14e19e7ad88ae12acafe,46f3c5186e06fad28cbfab866f159b87accbec33a79b14e19e7ad88ae12acafe,46f3c5186e06fad28cbfab866f159b87accbec33a79b14e19e7ad88ae12acafe,8a34851e08342458ba0bb4b1e456723506d2cb676a1615e6a8f32ac52ec30d7b,exact,4.4.2,12.3.0,3.11.15,sha256(big_endian_uint32(width) || big_endian_uint32(height) || RGB_pixel_bytes_row_major)
92,92,data/raw_images/normal/92.png,92.png,92.png,exact_post_preprocessing_match,exact_post_preprocessing_match,ILSVRC/imagenet-1k,49e2ee26f3810fb5a7536bbf732a7b07389a47b5,train,true,42,10000,256,105,n03895866_3004_n03895866.JPEG,705,800,385,800,385,800,385,800,385,,false,false,,,,370219,3145728,6,false,false,c935847a7318470fe28d49c6b2d20f776ab54eb717c4be0a8bb78dbc48c93ef0,c68d09dfdd27f157f5c55a1bbe3ff2dac8cbf2bbc9faa8d55e5bbd7e05560523,c68d09dfdd27f157f5c55a1bbe3ff2dac8cbf2bbc9faa8d55e5bbd7e05560523,c68d09dfdd27f157f5c55a1bbe3ff2dac8cbf2bbc9faa8d55e5bbd7e05560523,57f934ee7b2cbfbfc6bb10593732a8bd72afa193961ad4f4015260532b93421d,exact,4.4.2,12.3.0,3.11.15,sha256(big_endian_uint32(width) || big_endian_uint32(height) || RGB_pixel_bytes_row_major)
93,93,data/raw_images/normal/93.png,93.png,93.png,exact_post_preprocessing_match,exact_post_preprocessing_match,ILSVRC/imagenet-1k,49e2ee26f3810fb5a7536bbf732a7b07389a47b5,train,true,42,10000,256,106,n07836838_7467_n07836838.JPEG,960,500,375,500,375,500,375,500,375,,false,false,,,,341586,3145728,6,false,true,63caa337a29c8d4f9e7448ce5cdda80139b1e3973376c213514539b065d1eed5,0294b320098d8db73792d4dfd7b89933b671c1c8ab3c4723bf2e42eaa8587f90,0294b320098d8db73792d4dfd7b89933b671c1c8ab3c4723bf2e42eaa8587f90,0294b320098d8db73792d4dfd7b89933b671c1c8ab3c4723bf2e42eaa8587f90,17e550ea0c172c729d9bd8e5036cbefb7c617935f8e2ce9c9711d22e57aff656,exact,4.4.2,12.3.0,3.11.15,sha256(big_endian_uint32(width) || big_endian_uint32(height) || RGB_pixel_bytes_row_major)
94,94,data/raw_images/normal/94.png,94.png,94.png,exact_post_preprocessing_match,exact_post_preprocessing_match,ILSVRC/imagenet-1k,49e2ee26f3810fb5a7536bbf732a7b07389a47b5,train,true,42,10000,256,107,n02165456_65007_n02165456.JPEG,301,500,333,500,333,500,333,500,333,,false,false,,,,265775,3145728,6,false,true,d9de731b84658a3764693af0f7f4b2bba20bf123e209d12bf73a970497956682,c4d8c6ab7a4a6bbe2638953cd4e42437b8a940a601d14b252824f1c24e233bd5,c4d8c6ab7a4a6bbe2638953cd4e42437b8a940a601d14b252824f1c24e233bd5,c4d8c6ab7a4a6bbe2638953cd4e42437b8a940a601d14b252824f1c24e233bd5,b48a549f8488576f777a92799f44e42ade471957ca6ed3398df11801bdd9ce85,exact,4.4.2,12.3.0,3.11.15,sha256(big_endian_uint32(width) || big_endian_uint32(height) || RGB_pixel_bytes_row_major)
95,95,data/raw_images/normal/95.png,95.png,95.png,exact_post_preprocessing_match,exact_post_preprocessing_match,ILSVRC/imagenet-1k,49e2ee26f3810fb5a7536bbf732a7b07389a47b5,train,true,42,10000,256,108,n02992529_1905_n02992529.JPEG,487,500,333,500,333,500,333,500,333,,false,false,,,,154420,3145728,6,false,true,069830f0d8e7975f6a38effacd93f435e89b95dc58231cc5379bd8e5191c9a10,53f2da3e498cd8438709bbe554d5be4d6483df7f4dc1c41a57b7daefa7c87288,53f2da3e498cd8438709bbe554d5be4d6483df7f4dc1c41a57b7daefa7c87288,53f2da3e498cd8438709bbe554d5be4d6483df7f4dc1c41a57b7daefa7c87288,f27bdff46956a60d400fa86cb97a4b0b209b2c37cf85650e6dab29d06d06ab68,exact,4.4.2,12.3.0,3.11.15,sha256(big_endian_uint32(width) || big_endian_uint32(height) || RGB_pixel_bytes_row_major)
96,96,data/raw_images/normal/96.png,96.png,96.png,exact_post_preprocessing_match,exact_post_preprocessing_match,ILSVRC/imagenet-1k,49e2ee26f3810fb5a7536bbf732a7b07389a47b5,train,true,42,10000,256,109,n04606251_13926_n04606251.JPEG,913,610,444,610,444,610,444,610,444,,false,false,,,,456006,3145728,6,false,false,3cb4563ed88ce748f242ec856438af7a2056b3a291e7ad35ed7fde240c7969d4,eff3bf3252ff2adeb7663f4da153b0cdc7921d298d42f8b43e3a4cfef1f10c09,eff3bf3252ff2adeb7663f4da153b0cdc7921d298d42f8b43e3a4cfef1f10c09,eff3bf3252ff2adeb7663f4da153b0cdc7921d298d42f8b43e3a4cfef1f10c09,522124cf92b267064d2881ff8cab5cdf3b04abad37a09c93e376fe0141cf2526,exact,4.4.2,12.3.0,3.11.15,sha256(big_endian_uint32(width) || big_endian_uint32(height) || RGB_pixel_bytes_row_major)
97,97,data/raw_images/normal/97.png,97.png,97.png,exact_post_preprocessing_match,exact_post_preprocessing_match,ILSVRC/imagenet-1k,49e2ee26f3810fb5a7536bbf732a7b07389a47b5,train,true,42,10000,256,110,n02086079_11260_n02086079.JPEG,154,500,375,500,375,500,375,500,375,,false,false,,,,321286,3145728,6,false,false,fe1a4bda2bd8af299269763b6d2ed079365c076e47d6ca7a3983e0e1e32e4563,863d333aebe5f625224ee20a47a875fd6b98e18a11d59f562775c9aba97b8641,863d333aebe5f625224ee20a47a875fd6b98e18a11d59f562775c9aba97b8641,863d333aebe5f625224ee20a47a875fd6b98e18a11d59f562775c9aba97b8641,0975ee9851624af960356362a8fe78c3bb7e1ce5b30973066c16acf3b2329e5c,exact,4.4.2,12.3.0,3.11.15,sha256(big_endian_uint32(width) || big_endian_uint32(height) || RGB_pixel_bytes_row_major)
98,98,data/raw_images/normal/98.png,98.png,98.png,exact_post_preprocessing_match,exact_post_preprocessing_match,ILSVRC/imagenet-1k,49e2ee26f3810fb5a7536bbf732a7b07389a47b5,train,true,42,10000,256,111,n03124043_5166_n03124043.JPEG,514,375,500,375,500,375,500,375,500,,false,false,,,,323344,3145728,6,false,false,9b4fbe41ae731ce067bff96502f4533357dda73cbac3001f392afb3abdb0d1fe,6d6e12fee0664765de745490100ce3fddc15de31e2c3c99c5caa97d9c8d51004,6d6e12fee0664765de745490100ce3fddc15de31e2c3c99c5caa97d9c8d51004,6d6e12fee0664765de745490100ce3fddc15de31e2c3c99c5caa97d9c8d51004,d2a6d1eccdb418b274fd2e614deb6cde61d398bec737722a17e2ee3269d28a82,exact,4.4.2,12.3.0,3.11.15,sha256(big_endian_uint32(width) || big_endian_uint32(height) || RGB_pixel_bytes_row_major)
99,99,data/raw_images/normal/99.png,99.png,99.png,exact_post_preprocessing_match,exact_post_preprocessing_match,ILSVRC/imagenet-1k,49e2ee26f3810fb5a7536bbf732a7b07389a47b5,train,true,42,10000,256,112,n02804414_1542_n02804414.JPEG,431,500,375,500,375,500,375,500,375,,false,false,,,,352645,3145728,6,false,false,a0e93d091c2fa1da6dce684c86b1cdb488433c04a2480e9e2bc5f3fedd1aaeba,cd42f98cc6827842fb66b7644658e6d7771a156c33d865c8c8bb09c407f847f4,cd42f98cc6827842fb66b7644658e6d7771a156c33d865c8c8bb09c407f847f4,cd42f98cc6827842fb66b7644658e6d7771a156c33d865c8c8bb09c407f847f4,fecb680a3b2e6b14a6aa51e8347e26ac53cb004877fcfbb6969e5de1f65a140e,exact,4.4.2,12.3.0,3.11.15,sha256(big_endian_uint32(width) || big_endian_uint32(height) || RGB_pixel_bytes_row_major)
100,100,data/raw_images/normal/100.png,100.png,100.png,exact_post_preprocessing_match,exact_post_preprocessing_match,ILSVRC/imagenet-1k,49e2ee26f3810fb5a7536bbf732a7b07389a47b5,train,true,42,10000,256,113,n03770439_24998_n03770439.JPEG,655,375,500,375,500,375,500,375,500,,false,false,,,,384569,3145728,6,false,false,875ad36bbaaa2e158a1abd58516b7ce83940213d409ff6940e964b80165728d7,45503269afa20d750d74eddb6d8cba1bb5fe70c9555de5a837648a34697de824,45503269afa20d750d74eddb6d8cba1bb5fe70c9555de5a837648a34697de824,45503269afa20d750d74eddb6d8cba1bb5fe70c9555de5a837648a34697de824,2ede9df4cf53ea1070d24666f18c7d73871d228bde897b8152035c7322a7d014,exact,4.4.2,12.3.0,3.11.15,sha256(big_endian_uint32(width) || big_endian_uint32(height) || RGB_pixel_bytes_row_major)
101,101,data/raw_images/normal/101.png,101.png,101.png,exact_post_preprocessing_match,exact_post_preprocessing_match,ILSVRC/imagenet-1k,49e2ee26f3810fb5a7536bbf732a7b07389a47b5,train,true,42,10000,256,114,n03627232_5047_n03627232.JPEG,616,427,500,427,500,427,500,427,500,,false,false,,,,197959,3145728,6,false,false,8b9f0bd79fe7099bce119c27c33e4b1b6cb3de0f72d749870cfc5b5f9bfee87c,abd38db9b65557da09e6cfc14ebd397a4c42c8514c7348864b8ae156def0f3cf,abd38db9b65557da09e6cfc14ebd397a4c42c8514c7348864b8ae156def0f3cf,abd38db9b65557da09e6cfc14ebd397a4c42c8514c7348864b8ae156def0f3cf,ebd75de755ef14f7e9f47e870a5f91970e5cbe51ffa9ee310f5ef9bea81cafb3,exact,4.4.2,12.3.0,3.11.15,sha256(big_endian_uint32(width) || big_endian_uint32(height) || RGB_pixel_bytes_row_major)
102,102,data/raw_images/normal/102.png,102.png,102.png,exact_post_preprocessing_match,exact_post_preprocessing_match,ILSVRC/imagenet-1k,49e2ee26f3810fb5a7536bbf732a7b07389a47b5,train,true,42,10000,256,115,n03100240_898_n03100240.JPEG,511,500,375,500,375,500,375,500,375,,false,false,,,,367501,3145728,6,false,false,1dfc3677d060d1745103ed2b76b2e909790ad3f87eb10653734ee3e24e1b10fd,4a52fd613655ad4357d47057d180d48644aa19670cac0b8ca57aee4fed7b3a30,4a52fd613655ad4357d47057d180d48644aa19670cac0b8ca57aee4fed7b3a30,4a52fd613655ad4357d47057d180d48644aa19670cac0b8ca57aee4fed7b3a30,5c7e6cce0493924cdfa8e3964aba9de5cddadf8f86be1b285caaeebdf000ef9c,exact,4.4.2,12.3.0,3.11.15,sha256(big_endian_uint32(width) || big_endian_uint32(height) || RGB_pixel_bytes_row_major)
103,103,data/raw_images/normal/103.png,103.png,103.png,exact_post_preprocessing_match,exact_post_preprocessing_match,ILSVRC/imagenet-1k,49e2ee26f3810fb5a7536bbf732a7b07389a47b5,train,true,42,10000,256,116,n01632458_4051_n01632458.JPEG,28,500,375,500,375,500,375,500,375,,false,false,,,,389144,3145728,6,false,false,19521ef1e9417434fdaa24cf181cc13054066f86d579a8479866767956df9059,958430a423aa2fd8fd0464bfe74eefa3e10ac349323af506d83e8f636585455c,958430a423aa2fd8fd0464bfe74eefa3e10ac349323af506d83e8f636585455c,958430a423aa2fd8fd0464bfe74eefa3e10ac349323af506d83e8f636585455c,8dd7e1674081ff5869951ef49d4549b2a2c9643fe1da4e87849d8e3ee0ea12c5,exact,4.4.2,12.3.0,3.11.15,sha256(big_endian_uint32(width) || big_endian_uint32(height) || RGB_pixel_bytes_row_major)
104,104,data/raw_images/normal/104.png,104.png,104.png,exact_post_preprocessing_match,exact_post_preprocessing_match,ILSVRC/imagenet-1k,49e2ee26f3810fb5a7536bbf732a7b07389a47b5,train,true,42,10000,256,118,n04423845_31555_n04423845.JPEG,855,300,400,300,400,300,400,300,400,,false,false,,,,127399,3145728,6,false,false,3c3486f64985aa0e73369ed8e9a96045c1b0a77ec42af01d34ace646b95d50f0,1addf95d1498df809326847554411c5be1cabd044be83bf77d7c3899c287673a,1addf95d1498df809326847554411c5be1cabd044be83bf77d7c3899c287673a,1addf95d1498df809326847554411c5be1cabd044be83bf77d7c3899c287673a,866e65ed0db002b9a9a45463324eea56c0dfca1dedffd3f59a4d49dd754dbd06,exact,4.4.2,12.3.0,3.11.15,sha256(big_endian_uint32(width) || big_endian_uint32(height) || RGB_pixel_bytes_row_major)
105,105,data/raw_images/normal/105.png,105.png,105.png,exact_post_preprocessing_match,exact_post_preprocessing_match,ILSVRC/imagenet-1k,49e2ee26f3810fb5a7536bbf732a7b07389a47b5,train,true,42,10000,256,119,n03775546_4269_n03775546.JPEG,659,500,375,500,375,500,375,500,375,,false,false,,,,315076,3145728,6,false,false,4ce9716b4f8a80e06a12a4b786eb7b96a17670e006f539fb570b1c3a357bd46b,8df2670783b53cf17d7c57f5268c2f646f941bd817947c8ffd285a619b24a30c,8df2670783b53cf17d7c57f5268c2f646f941bd817947c8ffd285a619b24a30c,8df2670783b53cf17d7c57f5268c2f646f941bd817947c8ffd285a619b24a30c,6c88e1f6b89ab5681de4ee2a9f0640373aa3a1227ec39f4b476efa907a5747e4,exact,4.4.2,12.3.0,3.11.15,sha256(big_endian_uint32(width) || big_endian_uint32(height) || RGB_pixel_bytes_row_major)
106,106,data/raw_images/normal/106.png,106.png,106.png,exact_post_preprocessing_match,exact_post_preprocessing_match,ILSVRC/imagenet-1k,49e2ee26f3810fb5a7536bbf732a7b07389a47b5,train,true,42,10000,256,120,n12057211_6178_n12057211.JPEG,986,441,334,441,334,441,334,441,334,,false,false,,,,179048,3145728,6,false,false,f8ff95e6afec347360efcd83ecff5e014d98ad4a7afe4d3211fa030d00eb513a,7f853c70f5d57cd79b44fe9fbacff64c6bcfd936305d65d76fb7a3437d2b80ec,7f853c70f5d57cd79b44fe9fbacff64c6bcfd936305d65d76fb7a3437d2b80ec,7f853c70f5d57cd79b44fe9fbacff64c6bcfd936305d65d76fb7a3437d2b80ec,c4f29af65daa89bc724ae2c2ca1feb0521d329ab14740794e3c404e74bd82ca0,exact,4.4.2,12.3.0,3.11.15,sha256(big_endian_uint32(width) || big_endian_uint32(height) || RGB_pixel_bytes_row_major)
107,107,data/raw_images/normal/107.png,107.png,107.png,exact_post_preprocessing_match,exact_post_preprocessing_match,ILSVRC/imagenet-1k,49e2ee26f3810fb5a7536bbf732a7b07389a47b5,train,true,42,10000,256,121,n02408429_1816_n02408429.JPEG,346,337,500,337,500,337,500,337,500,,false,false,,,,280071,3145728,6,false,false,51bcc0eefd458d43d8f5c2d2f9816b28ba3418c0b438ecd334326bc762ce0afa,475e5f9c080023cdbe4ac1af333f7df57f4d225f10db7514184bc0b4bc90c038,475e5f9c080023cdbe4ac1af333f7df57f4d225f10db7514184bc0b4bc90c038,475e5f9c080023cdbe4ac1af333f7df57f4d225f10db7514184bc0b4bc90c038,ecfa4f9a63922fea285d884a4fa2478eb575157620ffc3cf0c01e35ae5115a83,exact,4.4.2,12.3.0,3.11.15,sha256(big_endian_uint32(width) || big_endian_uint32(height) || RGB_pixel_bytes_row_major)
108,108,data/raw_images/normal/108.png,108.png,108.png,exact_post_preprocessing_match,exact_post_preprocessing_match,ILSVRC/imagenet-1k,49e2ee26f3810fb5a7536bbf732a7b07389a47b5,train,true,42,10000,256,122,n02837789_23706_n02837789.JPEG,445,333,500,333,500,333,500,333,500,,false,false,,,,250356,3145728,6,false,false,2128209eafecb1099413dac09d72ca5f53c60b61e5bf062553130ecfadc2a9b9,fffb48632aa4a1c00233b4e5aaf212bd6699f58c260e6dc2feeb8126eb0799d6,fffb48632aa4a1c00233b4e5aaf212bd6699f58c260e6dc2feeb8126eb0799d6,fffb48632aa4a1c00233b4e5aaf212bd6699f58c260e6dc2feeb8126eb0799d6,0156d78d0e7cf87a1f844ea1d41a59caaeb9883f93395122a2ab427f470ef8a5,exact,4.4.2,12.3.0,3.11.15,sha256(big_endian_uint32(width) || big_endian_uint32(height) || RGB_pixel_bytes_row_major)
109,109,data/raw_images/normal/109.png,109.png,109.png,exact_post_preprocessing_match,exact_post_preprocessing_match,ILSVRC/imagenet-1k,49e2ee26f3810fb5a7536bbf732a7b07389a47b5,train,true,42,10000,256,123,n02107312_1126_n02107312.JPEG,237,500,375,500,375,500,375,500,375,,false,false,,,,281909,3145728,6,false,false,34b1cd4573c89e0e71c142701835c1478cccd56846923de8ea3c8df523ae4394,c168fe1c4eedf7fba596efad54946d85314ee3b6384cbe32e0aae05661972821,c168fe1c4eedf7fba596efad54946d85314ee3b6384cbe32e0aae05661972821,c168fe1c4eedf7fba596efad54946d85314ee3b6384cbe32e0aae05661972821,e0d73ed08af9aa40d413b5c8fc3494a417c84509c9062069942726cb59907382,exact,4.4.2,12.3.0,3.11.15,sha256(big_endian_uint32(width) || big_endian_uint32(height) || RGB_pixel_bytes_row_major)
110,110,data/raw_images/normal/110.png,110.png,110.png,exact_post_preprocessing_match,exact_post_preprocessing_match,ILSVRC/imagenet-1k,49e2ee26f3810fb5a7536bbf732a7b07389a47b5,train,true,42,10000,256,124,n02096437_6268_n02096437.JPEG,194,460,613,460,613,460,613,460,613,,false,false,,,,317635,3145728,6,false,false,a2b92a2ad3629f0b5f90b705512654092f835a9f8cc7afbf68cb9a4771c9ec3f,0bd23e3c6fed88649624ad9e4a6094d14e37b72cfaba7c1fc6bd3186ade95e0f,0bd23e3c6fed88649624ad9e4a6094d14e37b72cfaba7c1fc6bd3186ade95e0f,0bd23e3c6fed88649624ad9e4a6094d14e37b72cfaba7c1fc6bd3186ade95e0f,8ef861d07cdd24c438b8d17750216d2e626c498c0d909a095cd78161e94f4e08,exact,4.4.2,12.3.0,3.11.15,sha256(big_endian_uint32(width) || big_endian_uint32(height) || RGB_pixel_bytes_row_major)
111,111,data/raw_images/normal/111.png,111.png,111.png,exact_post_preprocessing_match,exact_post_preprocessing_match,ILSVRC/imagenet-1k,49e2ee26f3810fb5a7536bbf732a7b07389a47b5,train,true,42,10000,256,125,n02017213_6809_n02017213.JPEG,136,500,401,500,401,500,401,500,401,,false,false,,,,372888,3145728,6,false,false,05b864d75a58e154a63eb6f7968dcb0bfaf743884ba7fccc0dfc56c9f18251ea,d65117fdce1dfbf9eed53bd41f01176b4e96f7d6bedd313bcb591eed921f41bf,d65117fdce1dfbf9eed53bd41f01176b4e96f7d6bedd313bcb591eed921f41bf,d65117fdce1dfbf9eed53bd41f01176b4e96f7d6bedd313bcb591eed921f41bf,f1c31817ecfb09546a68172c3dc5375f7f97c1c9cc879a80b365d16b4faa1b25,exact,4.4.2,12.3.0,3.11.15,sha256(big_endian_uint32(width) || big_endian_uint32(height) || RGB_pixel_bytes_row_major)
112,112,data/raw_images/normal/112.png,112.png,112.png,exact_post_preprocessing_match,exact_post_preprocessing_match,ILSVRC/imagenet-1k,49e2ee26f3810fb5a7536bbf732a7b07389a47b5,train,true,42,10000,256,126,n01775062_4199_n01775062.JPEG,77,500,355,500,355,500,355,500,355,,false,false,,,,401155,3145728,6,false,true,de519e3cfa7140d9ad0f023651c411fabe9a679875004af4829dba124dc79380,3167cce58efc0411e7554307aa386b4795c4ad64b09fd1818a9a79161b749840,3167cce58efc0411e7554307aa386b4795c4ad64b09fd1818a9a79161b749840,3167cce58efc0411e7554307aa386b4795c4ad64b09fd1818a9a79161b749840,9d2a4e6e2a8b2021452d966cd040312945cf780bf212bbcd17f1b08caa55e902,exact,4.4.2,12.3.0,3.11.15,sha256(big_endian_uint32(width) || big_endian_uint32(height) || RGB_pixel_bytes_row_major)
113,113,data/raw_images/normal/113.png,113.png,113.png,exact_post_preprocessing_match,exact_post_preprocessing_match,ILSVRC/imagenet-1k,49e2ee26f3810fb5a7536bbf732a7b07389a47b5,train,true,42,10000,256,127,n04592741_21494_n04592741.JPEG,908,375,500,375,500,375,500,375,500,,false,false,,,,224587,3145728,6,false,true,5bfa7a9b04411f0fdef87fd0fc7c3bdf617c05c3cf3159d673f5df7d0dd9fe8e,a3288b44a34d16775f0db29b6a622e16f2294da029c1aabaca4fdd66446d852e,a3288b44a34d16775f0db29b6a622e16f2294da029c1aabaca4fdd66446d852e,a3288b44a34d16775f0db29b6a622e16f2294da029c1aabaca4fdd66446d852e,58022850907c7f42248f43832678cb88b42220ae1fe7d7a4e34ef58f5389d55a,exact,4.4.2,12.3.0,3.11.15,sha256(big_endian_uint32(width) || big_endian_uint32(height) || RGB_pixel_bytes_row_major)
114,114,data/raw_images/normal/114.png,114.png,114.png,exact_post_preprocessing_match,exact_post_preprocessing_match,ILSVRC/imagenet-1k,49e2ee26f3810fb5a7536bbf732a7b07389a47b5,train,true,42,10000,256,128,n04265275_13365_n04265275.JPEG,811,500,375,500,375,500,375,500,375,,false,false,,,,358668,3145728,6,false,true,665379d86c05aaa2ece9a742290e6d626fe6b6c6aa0d1757a930853e8e0c2f5c,368afee6ac1a603a1e588a66868c14a984e984248070b222a0b47ed87142f591,368afee6ac1a603a1e588a66868c14a984e984248070b222a0b47ed87142f591,368afee6ac1a603a1e588a66868c14a984e984248070b222a0b47ed87142f591,4f07bca3cedd5fc5b03b319eae700aa68c55f42a716aae8889bb3843d9146465,exact,4.4.2,12.3.0,3.11.15,sha256(big_endian_uint32(width) || big_endian_uint32(height) || RGB_pixel_bytes_row_major)
115,115,data/raw_images/normal/115.png,115.png,115.png,exact_post_preprocessing_match,exact_post_preprocessing_match,ILSVRC/imagenet-1k,49e2ee26f3810fb5a7536bbf732a7b07389a47b5,train,true,42,10000,256,129,n03272010_6823_n03272010.JPEG,546,332,500,332,500,332,500,332,500,,false,false,,,,270464,3145728,6,false,true,3d0efd68354bc621de8e09bdb610092d4d103dcb865285076460f1a6c90d2ca3,8688002e560ba9544806013b6b139d50e7a7108433cc7aaec032475fd03b8c95,8688002e560ba9544806013b6b139d50e7a7108433cc7aaec032475fd03b8c95,8688002e560ba9544806013b6b139d50e7a7108433cc7aaec032475fd03b8c95,9bbd591d1b52df62da78b9cbb742a0bd3a8d7d35a936b985bdb7d8e6bdcd1bc8,exact,4.4.2,12.3.0,3.11.15,sha256(big_endian_uint32(width) || big_endian_uint32(height) || RGB_pixel_bytes_row_major)
116,116,data/raw_images/normal/116.png,116.png,116.png,exact_post_preprocessing_match,exact_post_preprocessing_match,ILSVRC/imagenet-1k,49e2ee26f3810fb5a7536bbf732a7b07389a47b5,train,true,42,10000,256,131,n02500267_16464_n02500267.JPEG,384,332,500,332,500,332,500,332,500,,false,false,,,,303860,3145728,6,false,false,d87fb3d849d7a8425781142435a1979852c07d88bcdb77d4ffb73e92b72caa08,ba6061162223213452a3111fc95df35e1971fbd68f561a58293674dbc4863887,ba6061162223213452a3111fc95df35e1971fbd68f561a58293674dbc4863887,ba6061162223213452a3111fc95df35e1971fbd68f561a58293674dbc4863887,c319493382ab8e8d9464382882e38010e212c3bd8a3188667b5cc795bea0cd9d,exact,4.4.2,12.3.0,3.11.15,sha256(big_endian_uint32(width) || big_endian_uint32(height) || RGB_pixel_bytes_row_major)
117,117,data/raw_images/normal/117.png,117.png,117.png,exact_post_preprocessing_match,exact_post_preprocessing_match,ILSVRC/imagenet-1k,49e2ee26f3810fb5a7536bbf732a7b07389a47b5,train,true,42,10000,256,132,n04461696_1933_n04461696.JPEG,864,500,375,500,375,500,375,500,375,,false,false,,,,299107,3145728,6,false,false,e82e4555534e890b35d601636e9f22d3f202f1f2ed2692a9f8fadd0a66f03d45,fa20c3cf5bfa495332126bb0dd0292674b5584dd09cbfeaa6e90dc632060fae2,fa20c3cf5bfa495332126bb0dd0292674b5584dd09cbfeaa6e90dc632060fae2,fa20c3cf5bfa495332126bb0dd0292674b5584dd09cbfeaa6e90dc632060fae2,4547881386a8e70e0876e429298529cc430fb45f67cfdab29582774d27a6fb2c,exact,4.4.2,12.3.0,3.11.15,sha256(big_endian_uint32(width) || big_endian_uint32(height) || RGB_pixel_bytes_row_major)
118,118,data/raw_images/normal/118.png,118.png,118.png,exact_post_preprocessing_match,exact_post_preprocessing_match,ILSVRC/imagenet-1k,49e2ee26f3810fb5a7536bbf732a7b07389a47b5,train,true,42,10000,256,133,n03673027_14568_n03673027.JPEG,628,500,377,500,377,500,377,500,377,,false,false,,,,213838,3145728,6,false,false,e6a52eea0f07e862b217733982f28986410302eef600bfdb2b96cce5f26061ad,2016721106c9ac5714f87ab50bdfc0fefb07ea6deefac04d93445372bf3f0ab9,2016721106c9ac5714f87ab50bdfc0fefb07ea6deefac04d93445372bf3f0ab9,2016721106c9ac5714f87ab50bdfc0fefb07ea6deefac04d93445372bf3f0ab9,91851a1fe8220b2732e8ac48bafdc2363f917d2e7d806d4fc1cc0b701a157275,exact,4.4.2,12.3.0,3.11.15,sha256(big_endian_uint32(width) || big_endian_uint32(height) || RGB_pixel_bytes_row_major)
119,119,data/raw_images/normal/119.png,119.png,119.png,exact_post_preprocessing_match,exact_post_preprocessing_match,ILSVRC/imagenet-1k,49e2ee26f3810fb5a7536bbf732a7b07389a47b5,train,true,42,10000,256,134,n07742313_9499_n07742313.JPEG,948,400,300,400,300,400,300,400,300,,false,false,,,,191281,3145728,6,false,false,79ec9589db77cc48d3525d82f2e16c09ec2733e9c2fe093145c41b81c7c749b9,05483be672b5875972e1d1666e29324b3b2154c65feebdc736c9284199d76cdf,05483be672b5875972e1d1666e29324b3b2154c65feebdc736c9284199d76cdf,05483be672b5875972e1d1666e29324b3b2154c65feebdc736c9284199d76cdf,cf0478c3dd15f2e4c87ed2e022630d3d05edd11c12ceaf9c7e9538ef2fe93fca,exact,4.4.2,12.3.0,3.11.15,sha256(big_endian_uint32(width) || big_endian_uint32(height) || RGB_pixel_bytes_row_major)
120,120,data/raw_images/normal/120.png,120.png,120.png,exact_post_preprocessing_match,exact_post_preprocessing_match,ILSVRC/imagenet-1k,49e2ee26f3810fb5a7536bbf732a7b07389a47b5,train,true,42,10000,256,135,n01984695_85016_n01984695.JPEG,123,334,500,334,500,334,500,334,500,,false,false,,,,372386,3145728,6,false,true,e6f65a46912c17d5e9675cac9d3c4e2606f9d6e9387415cc430197b49cc84888,624b86a7610afee9b9f3e5cf353c3d4c674dbcd8445d704d7bd10ff7548fb66e,624b86a7610afee9b9f3e5cf353c3d4c674dbcd8445d704d7bd10ff7548fb66e,624b86a7610afee9b9f3e5cf353c3d4c674dbcd8445d704d7bd10ff7548fb66e,55c6a48ab50972b7d789784bcef5d9b806143fc882faf8200c4bbc1d366afaf3,exact,4.4.2,12.3.0,3.11.15,sha256(big_endian_uint32(width) || big_endian_uint32(height) || RGB_pixel_bytes_row_major)
121,121,data/raw_images/normal/121.png,121.png,121.png,exact_post_preprocessing_match,exact_post_preprocessing_match,ILSVRC/imagenet-1k,49e2ee26f3810fb5a7536bbf732a7b07389a47b5,train,true,42,10000,256,136,n02114712_8548_n02114712.JPEG,271,500,333,500,333,500,333,500,333,,false,false,,,,358959,3145728,6,false,true,6561d5277ddf41b14ece3a1509e3bed4414268bf66ceb0d9cba84712f9614430,5980c272ad28d69b1ca905e290b203776c5d2a3298b5b6a926acfbf0a3e1e260,5980c272ad28d69b1ca905e290b203776c5d2a3298b5b6a926acfbf0a3e1e260,5980c272ad28d69b1ca905e290b203776c5d2a3298b5b6a926acfbf0a3e1e260,04dd235834ab8cc130cb0de449948eccf000e1cb19be8fa9ce49e765576518b0,exact,4.4.2,12.3.0,3.11.15,sha256(big_endian_uint32(width) || big_endian_uint32(height) || RGB_pixel_bytes_row_major)
122,122,data/raw_images/normal/122.png,122.png,122.png,exact_post_preprocessing_match,exact_post_preprocessing_match,ILSVRC/imagenet-1k,49e2ee26f3810fb5a7536bbf732a7b07389a47b5,train,true,42,10000,256,138,n06794110_6746_n06794110.JPEG,919,500,333,500,333,500,333,500,333,,false,false,,,,103394,3145728,6,false,false,ea4a6fd8cd2fa7f8528fd118cf3ca389d28b27d4abfbe14fea21911fdd6bc9a3,874c2f6e6f8cf618c82b731c94ba457c57d8a233ee00429206c3c6a49490e5ac,874c2f6e6f8cf618c82b731c94ba457c57d8a233ee00429206c3c6a49490e5ac,874c2f6e6f8cf618c82b731c94ba457c57d8a233ee00429206c3c6a49490e5ac,183ac83e43c91fac6f78078fb9200d8bb41b4bb3ef5c0ceb872175ac625c26a1,exact,4.4.2,12.3.0,3.11.15,sha256(big_endian_uint32(width) || big_endian_uint32(height) || RGB_pixel_bytes_row_major)
123,123,data/raw_images/normal/123.png,123.png,123.png,exact_post_preprocessing_match,exact_post_preprocessing_match,ILSVRC/imagenet-1k,49e2ee26f3810fb5a7536bbf732a7b07389a47b5,train,true,42,10000,256,139,n02104029_336_n02104029.JPEG,222,500,375,500,375,500,375,500,375,,false,false,,,,337998,3145728,6,false,true,3f735d759db5a1af3db2d15bd9c54aa921d4b9723494a96cbd698005472470a0,f1d8e5906ea2c33de8e8a590a75e359b3f246ec01765a370bca7a8c30185ecdf,f1d8e5906ea2c33de8e8a590a75e359b3f246ec01765a370bca7a8c30185ecdf,f1d8e5906ea2c33de8e8a590a75e359b3f246ec01765a370bca7a8c30185ecdf,e395b66d0aa3c2ace09fea0e48994100173a94028535f59b31be35677fad2a85,exact,4.4.2,12.3.0,3.11.15,sha256(big_endian_uint32(width) || big_endian_uint32(height) || RGB_pixel_bytes_row_major)
124,124,data/raw_images/normal/124.png,124.png,124.png,exact_post_preprocessing_match,exact_post_preprocessing_match,ILSVRC/imagenet-1k,49e2ee26f3810fb5a7536bbf732a7b07389a47b5,train,true,42,10000,256,140,n04532106_11333_n04532106.JPEG,887,500,375,500,375,500,375,500,375,,false,false,,,,350945,3145728,6,false,false,f872bb39fd2e547d797a21c1ca4411fec4413e70cf58dab655911c34614564d1,f6df61ca10ab932a39fe25a5a60e7e8edb615333ec21f4a8fbad932103b64e11,f6df61ca10ab932a39fe25a5a60e7e8edb615333ec21f4a8fbad932103b64e11,f6df61ca10ab932a39fe25a5a60e7e8edb615333ec21f4a8fbad932103b64e11,a628c838704584d098e33f45f3f5b8c3dceb8d2f43e06663a066e93fe4373881,exact,4.4.2,12.3.0,3.11.15,sha256(big_endian_uint32(width) || big_endian_uint32(height) || RGB_pixel_bytes_row_major)
125,125,data/raw_images/normal/125.png,125.png,125.png,exact_post_preprocessing_match,exact_post_preprocessing_match,ILSVRC/imagenet-1k,49e2ee26f3810fb5a7536bbf732a7b07389a47b5,train,true,42,10000,256,141,n02447366_1627_n02447366.JPEG,362,900,593,900,593,900,593,900,593,,false,false,,,,862287,3145728,6,false,false,23e69517373f203f2c43872def1f856042c3fbd565911ecf0a353682d9448b8b,ad67e7bd26454f6a72f57bd98d197fe4f3fd955ca3d04ebe2d23a70d2871583c,ad67e7bd26454f6a72f57bd98d197fe4f3fd955ca3d04ebe2d23a70d2871583c,ad67e7bd26454f6a72f57bd98d197fe4f3fd955ca3d04ebe2d23a70d2871583c,abd1fb088997204f6f1609ce2ea69ce9e93710c32b9d236a7b062158f614330e,exact,4.4.2,12.3.0,3.11.15,sha256(big_endian_uint32(width) || big_endian_uint32(height) || RGB_pixel_bytes_row_major)
126,126,data/raw_images/normal/126.png,126.png,126.png,exact_post_preprocessing_match,exact_post_preprocessing_match,ILSVRC/imagenet-1k,49e2ee26f3810fb5a7536bbf732a7b07389a47b5,train,true,42,10000,256,142,n02093647_7632_n02093647.JPEG,181,408,500,408,500,408,500,408,500,,false,false,,,,197147,3145728,6,false,false,a6b41bef3170dd339daf115187319734f68703a12d71481f4da87fac3328368a,4af58dc96e565d3aaf99d57a807272d5a9f4fe60dd0d7bc8a42c68a349ba8aa8,4af58dc96e565d3aaf99d57a807272d5a9f4fe60dd0d7bc8a42c68a349ba8aa8,4af58dc96e565d3aaf99d57a807272d5a9f4fe60dd0d7bc8a42c68a349ba8aa8,1664b5af6bc178fe8dfc0d056fb09515d9d20a61db828e02139969a3e4af9087,exact,4.4.2,12.3.0,3.11.15,sha256(big_endian_uint32(width) || big_endian_uint32(height) || RGB_pixel_bytes_row_major)
127,127,data/raw_images/normal/127.png,127.png,127.png,exact_post_preprocessing_match,exact_post_preprocessing_match,ILSVRC/imagenet-1k,49e2ee26f3810fb5a7536bbf732a7b07389a47b5,train,true,42,10000,256,143,n03956157_6368_n03956157.JPEG,727,500,318,500,318,500,318,500,318,,false,false,,,,344965,3145728,6,false,true,d6636752e266ed926bdc5e1bf7e1e25d10ba702653e87a5b256fb1e58c55e495,944185c0c3efc3c0e7412f2c14faaa7f594968914a896aed4414acb6ec66d714,944185c0c3efc3c0e7412f2c14faaa7f594968914a896aed4414acb6ec66d714,944185c0c3efc3c0e7412f2c14faaa7f594968914a896aed4414acb6ec66d714,4ab1e31dbae677979658cbcdaff2f2fcd70bd8b552b431c3a607f326647b4a9d,exact,4.4.2,12.3.0,3.11.15,sha256(big_endian_uint32(width) || big_endian_uint32(height) || RGB_pixel_bytes_row_major)
128,128,data/raw_images/normal/128.png,128.png,128.png,exact_post_preprocessing_match,exact_post_preprocessing_match,ILSVRC/imagenet-1k,49e2ee26f3810fb5a7536bbf732a7b07389a47b5,train,true,42,10000,256,144,n04252077_7924_n04252077.JPEG,802,500,333,500,333,500,333,500,333,,false,false,,,,197474,3145728,6,false,true,5ee0a7925c20234cfc0067fab04418c6c0af45ff1940098510125029c215b040,62ed365e550b3d4029af537f50c4aa4c586c2e4ba6c9baa7c7aa2cf456eb624c,62ed365e550b3d4029af537f50c4aa4c586c2e4ba6c9baa7c7aa2cf456eb624c,62ed365e550b3d4029af537f50c4aa4c586c2e4ba6c9baa7c7aa2cf456eb624c,528de72e4540d190cc86ab426a9555d338fe4aa435e7f3887ed631bbfd1e3188,exact,4.4.2,12.3.0,3.11.15,sha256(big_endian_uint32(width) || big_endian_uint32(height) || RGB_pixel_bytes_row_major)
129,129,data/raw_images/normal/129.png,129.png,129.png,exact_post_preprocessing_match,exact_post_preprocessing_match,ILSVRC/imagenet-1k,49e2ee26f3810fb5a7536bbf732a7b07389a47b5,train,true,42,10000,256,145,n03447447_8624_n03447447.JPEG,576,500,381,500,381,500,381,500,381,,false,false,,,,404906,3145728,6,false,false,bd8a896029208fd80ef50df41992036b20a3439f8a6e6639d60a14c7c166c533,6b1fa17ef7408775ec001e0d1099c9349f7e8dfae7756bb3712731c078c6a4b5,6b1fa17ef7408775ec001e0d1099c9349f7e8dfae7756bb3712731c078c6a4b5,6b1fa17ef7408775ec001e0d1099c9349f7e8dfae7756bb3712731c078c6a4b5,7e35521947b0900aeaef14695685a94eed4d963b6f8fcea8b4da7163fb6b8268,exact,4.4.2,12.3.0,3.11.15,sha256(big_endian_uint32(width) || big_endian_uint32(height) || RGB_pixel_bytes_row_major)
130,130,data/raw_images/normal/130.png,130.png,130.png,exact_post_preprocessing_match,exact_post_preprocessing_match,ILSVRC/imagenet-1k,49e2ee26f3810fb5a7536bbf732a7b07389a47b5,train,true,42,10000,256,146,n02793495_22143_n02793495.JPEG,425,500,375,500,375,500,375,500,375,,false,false,,,,369198,3145728,6,false,false,4613440bd507278e92c3416ebc0b0838f64788b2d5791c6b8a68cf548fb43386,7e027eb6c2576f2d4eaf7403418a71e3bf0cdc139e30430d88e562398fe784ea,7e027eb6c2576f2d4eaf7403418a71e3bf0cdc139e30430d88e562398fe784ea,7e027eb6c2576f2d4eaf7403418a71e3bf0cdc139e30430d88e562398fe784ea,797f6d602e8c17a82b455c91f33694df1c12333de3a066f11629fdc7bea7478e,exact,4.4.2,12.3.0,3.11.15,sha256(big_endian_uint32(width) || big_endian_uint32(height) || RGB_pixel_bytes_row_major)
131,131,data/raw_images/normal/131.png,131.png,131.png,exact_post_preprocessing_match,exact_post_preprocessing_match,ILSVRC/imagenet-1k,49e2ee26f3810fb5a7536bbf732a7b07389a47b5,train,true,42,10000,256,147,n03388183_8899_n03388183.JPEG,563,500,333,500,333,500,333,500,333,,false,false,,,,123278,3145728,6,false,false,6d0a1ce0cb0082088dda1cdc4fa256e5eb549f34fe8bc4bd552ab650d28d0cc5,d607f9539c168af66ddef73468b351d83c30283293ac284fdd3562e8ea0627e4,d607f9539c168af66ddef73468b351d83c30283293ac284fdd3562e8ea0627e4,d607f9539c168af66ddef73468b351d83c30283293ac284fdd3562e8ea0627e4,09eeb3f76aba9b812d0ebac1395d41d39441202cb5b66df0c56645b3c0970dd2,exact,4.4.2,12.3.0,3.11.15,sha256(big_endian_uint32(width) || big_endian_uint32(height) || RGB_pixel_bytes_row_major)
132,132,data/raw_images/normal/132.png,132.png,132.png,exact_post_preprocessing_match,exact_post_preprocessing_match,ILSVRC/imagenet-1k,49e2ee26f3810fb5a7536bbf732a7b07389a47b5,train,true,42,10000,256,148,n03379051_9045_n03379051.JPEG,560,500,392,500,392,500,392,500,392,,false,false,,,,361959,3145728,6,false,true,baf2248f9b0505c2645444b3ad91507299e73cc0e01e45b77074ce8dd258c67c,4af64b2437e50e4c58e13b7d374f9bedd35b837d7e6b9dd7c44fb13c4995b7d5,4af64b2437e50e4c58e13b7d374f9bedd35b837d7e6b9dd7c44fb13c4995b7d5,4af64b2437e50e4c58e13b7d374f9bedd35b837d7e6b9dd7c44fb13c4995b7d5,3694e12ee6d5dd4eec4cdca2428f1040950b95f68238376ebfa67c7e1a931652,exact,4.4.2,12.3.0,3.11.15,sha256(big_endian_uint32(width) || big_endian_uint32(height) || RGB_pixel_bytes_row_major)
133,133,data/raw_images/normal/133.png,133.png,133.png,exact_post_preprocessing_match,exact_post_preprocessing_match,ILSVRC/imagenet-1k,49e2ee26f3810fb5a7536bbf732a7b07389a47b5,train,true,42,10000,256,149,n07697537_32363_n07697537.JPEG,934,500,375,500,375,500,375,500,375,,false,false,,,,393103,3145728,6,false,true,edba2968b57b0634ccfd5bd26191e4321aeb643eb54bf9719f5e6d6261a75aa8,4f905ed03735002eb50c52a6ed8947281a972cfb0a1887731e31ec1f4639003c,4f905ed03735002eb50c52a6ed8947281a972cfb0a1887731e31ec1f4639003c,4f905ed03735002eb50c52a6ed8947281a972cfb0a1887731e31ec1f4639003c,81763bf54931ae7eb8616f495aa88be0d5bdeb15bbbaa11f5a19caf6ac08f81f,exact,4.4.2,12.3.0,3.11.15,sha256(big_endian_uint32(width) || big_endian_uint32(height) || RGB_pixel_bytes_row_major)
134,134,data/raw_images/normal/134.png,134.png,134.png,exact_post_preprocessing_match,exact_post_preprocessing_match,ILSVRC/imagenet-1k,49e2ee26f3810fb5a7536bbf732a7b07389a47b5,train,true,42,10000,256,150,n02396427_1337_n02396427.JPEG,342,675,450,675,450,675,450,675,450,,false,false,,,,417678,3145728,6,false,false,0639b9e22cb488e95620fa2b81cdc637070d49e2bfcf1740ef982ceb2fd56300,615b8a23047abf3539f1e8f790078e0625a92538fb9f8985e945e8817d1f6fdc,615b8a23047abf3539f1e8f790078e0625a92538fb9f8985e945e8817d1f6fdc,615b8a23047abf3539f1e8f790078e0625a92538fb9f8985e945e8817d1f6fdc,d8bf909e32181ae26c1b74f09eaebca339ec75d6ac4e9557e995fac12fbff6b5,exact,4.4.2,12.3.0,3.11.15,sha256(big_endian_uint32(width) || big_endian_uint32(height) || RGB_pixel_bytes_row_major)
135,135,data/raw_images/normal/135.png,135.png,135.png,exact_post_preprocessing_match,exact_post_preprocessing_match,ILSVRC/imagenet-1k,49e2ee26f3810fb5a7536bbf732a7b07389a47b5,train,true,42,10000,256,151,n02089078_8378_n02089078.JPEG,165,424,360,424,360,424,360,424,360,,false,false,,,,104255,3145728,6,false,false,14c91ca692d0de03c07608a07b99efe513cb8ceb5d8d5796789c33916f537e46,6c05a13fbcaf96983d18cf717f1d5a6e2166dbb3a65281d8142e9c9cb4c4e6dc,6c05a13fbcaf96983d18cf717f1d5a6e2166dbb3a65281d8142e9c9cb4c4e6dc,6c05a13fbcaf96983d18cf717f1d5a6e2166dbb3a65281d8142e9c9cb4c4e6dc,b237c33c8b95beedc61c0e6aabad1a9179387bff1d59c336abdf325fc79709c9,exact,4.4.2,12.3.0,3.11.15,sha256(big_endian_uint32(width) || big_endian_uint32(height) || RGB_pixel_bytes_row_major)
136,136,data/raw_images/normal/136.png,136.png,136.png,exact_post_preprocessing_match,exact_post_preprocessing_match,ILSVRC/imagenet-1k,49e2ee26f3810fb5a7536bbf732a7b07389a47b5,train,true,42,10000,256,152,n01740131_10999_n01740131.JPEG,60,500,334,500,334,500,334,500,334,,false,false,,,,360221,3145728,6,false,false,1a2083292e0170cdfe4ff6dabd2b41740acd947b0f65ae2f92761ff5c3e08a26,3e4219392a611fabb74d62b721a14156fe89e77bafcc9e20a74a7663700ed1c7,3e4219392a611fabb74d62b721a14156fe89e77bafcc9e20a74a7663700ed1c7,3e4219392a611fabb74d62b721a14156fe89e77bafcc9e20a74a7663700ed1c7,e4fc23b04460dd6000a994444f97bac9187c13c92a82e4bbd32d2033df96b76d,exact,4.4.2,12.3.0,3.11.15,sha256(big_endian_uint32(width) || big_endian_uint32(height) || RGB_pixel_bytes_row_major)
137,137,data/raw_images/normal/137.png,137.png,137.png,exact_post_preprocessing_match,exact_post_preprocessing_match,ILSVRC/imagenet-1k,49e2ee26f3810fb5a7536bbf732a7b07389a47b5,train,true,42,10000,256,153,n04335435_1054_n04335435.JPEG,829,500,375,500,375,500,375,500,375,,false,false,,,,298700,3145728,6,false,false,fb8955457d68aaa1d0d353b7ddd136de043294569993a36794417ff1b5aad257,7308cb7684ce6d83898521ad0ba03b543200d1de64ab2f184bf1fe2281dbfe38,7308cb7684ce6d83898521ad0ba03b543200d1de64ab2f184bf1fe2281dbfe38,7308cb7684ce6d83898521ad0ba03b543200d1de64ab2f184bf1fe2281dbfe38,e61420fe64de2c875658ed9542d76b29af85a242a53412f914db47e3d220661a,exact,4.4.2,12.3.0,3.11.15,sha256(big_endian_uint32(width) || big_endian_uint32(height) || RGB_pixel_bytes_row_major)
138,138,data/raw_images/normal/138.png,138.png,138.png,exact_post_preprocessing_match,exact_post_preprocessing_match,ILSVRC/imagenet-1k,49e2ee26f3810fb5a7536bbf732a7b07389a47b5,train,true,42,10000,256,154,n02099267_5795_n02099267.JPEG,205,500,333,500,333,500,333,500,333,,false,false,,,,423234,3145728,6,false,false,287c6c124cbe139b92f2f96ed9f13b9ed94c929be0d87bb543635dec3a6687c7,f645352c9a41307eea71a1e7c056e55e9fffd3d528892ea61e5943460079e9ba,f645352c9a41307eea71a1e7c056e55e9fffd3d528892ea61e5943460079e9ba,f645352c9a41307eea71a1e7c056e55e9fffd3d528892ea61e5943460079e9ba,abe517942a3faeb7df85179051f9ca233350577fb8bf979d91424c08f0fb9bc4,exact,4.4.2,12.3.0,3.11.15,sha256(big_endian_uint32(width) || big_endian_uint32(height) || RGB_pixel_bytes_row_major)
139,139,data/raw_images/normal/139.png,139.png,139.png,exact_post_preprocessing_match,exact_post_preprocessing_match,ILSVRC/imagenet-1k,49e2ee26f3810fb5a7536bbf732a7b07389a47b5,train,true,42,10000,256,155,n04277352_353_n04277352.JPEG,816,375,500,375,500,375,500,375,500,,false,false,,,,456255,3145728,6,false,true,1c04efed9a005553d4d48d0f33e39df8d8accdb4a403bcf74810638d0f90718e,0fe8eddcc33e7863e9bdccdf57ec55c3c4f0fe6e3dd449645da48568f3a96588,0fe8eddcc33e7863e9bdccdf57ec55c3c4f0fe6e3dd449645da48568f3a96588,0fe8eddcc33e7863e9bdccdf57ec55c3c4f0fe6e3dd449645da48568f3a96588,ed469f92aa54853019470824593aa21175c07681cbed0ffe6c3dffafb4f59b1e,exact,4.4.2,12.3.0,3.11.15,sha256(big_endian_uint32(width) || big_endian_uint32(height) || RGB_pixel_bytes_row_major)
140,140,data/raw_images/normal/140.png,140.png,140.png,exact_post_preprocessing_match,exact_post_preprocessing_match,ILSVRC/imagenet-1k,49e2ee26f3810fb5a7536bbf732a7b07389a47b5,train,true,42,10000,256,156,n01797886_6765_n01797886.JPEG,82,334,500,334,500,334,500,334,500,,false,false,,,,273834,3145728,6,false,false,feedf1416665865c538a6a34c89668d4d79df558e84fc9c10079070e32f67645,2462eb4509709ed69dd22375b011a63e9c06eae866f8bb41ce95fb03592cffd6,2462eb4509709ed69dd22375b011a63e9c06eae866f8bb41ce95fb03592cffd6,2462eb4509709ed69dd22375b011a63e9c06eae866f8bb41ce95fb03592cffd6,2510046e1d2d7985e471f9fe78f3d0885b7a7fb0d1053eeb935972e9c0e91c6b,exact,4.4.2,12.3.0,3.11.15,sha256(big_endian_uint32(width) || big_endian_uint32(height) || RGB_pixel_bytes_row_major)
141,141,data/raw_images/normal/141.png,141.png,141.png,exact_post_preprocessing_match,exact_post_preprocessing_match,ILSVRC/imagenet-1k,49e2ee26f3810fb5a7536bbf732a7b07389a47b5,train,true,42,10000,256,158,n01817953_6931_n01817953.JPEG,87,500,375,500,375,500,375,500,375,,false,false,,,,278094,3145728,6,false,false,33f53b47ef455b18b66f3f9ed05c09f7154deb9793c4b3f2cdcce2e2a37a995c,c0330926e6cd0435fabc35a8d66988d826e7e086f6cbfad5e5baf1b294bb15e4,c0330926e6cd0435fabc35a8d66988d826e7e086f6cbfad5e5baf1b294bb15e4,c0330926e6cd0435fabc35a8d66988d826e7e086f6cbfad5e5baf1b294bb15e4,f59489f15f9d289be81c2c821357f0af8f80e65097829d4bf389d31d269cacff,exact,4.4.2,12.3.0,3.11.15,sha256(big_endian_uint32(width) || big_endian_uint32(height) || RGB_pixel_bytes_row_major)
142,142,data/raw_images/normal/142.png,142.png,142.png,exact_post_preprocessing_match,exact_post_preprocessing_match,ILSVRC/imagenet-1k,49e2ee26f3810fb5a7536bbf732a7b07389a47b5,train,true,42,10000,256,159,n03393912_11383_n03393912.JPEG,565,500,375,500,375,500,375,500,375,,false,false,,,,358388,3145728,6,false,false,8c8de5b09f71a23b5c2e7284d7a7f44791b94a60ab0da29abebeaa4a541e141c,d2d9e5aee80da7a9d039af45b6b10440e3dec9dccef7a6b8eebbadc11385ccc4,d2d9e5aee80da7a9d039af45b6b10440e3dec9dccef7a6b8eebbadc11385ccc4,d2d9e5aee80da7a9d039af45b6b10440e3dec9dccef7a6b8eebbadc11385ccc4,59c6106f607d04d34052de54c5302ace7f9e7ad8c98fa8cedc655f2cb78748bc,exact,4.4.2,12.3.0,3.11.15,sha256(big_endian_uint32(width) || big_endian_uint32(height) || RGB_pixel_bytes_row_major)
143,143,data/raw_images/normal/143.png,143.png,143.png,exact_post_preprocessing_match,exact_post_preprocessing_match,ILSVRC/imagenet-1k,49e2ee26f3810fb5a7536bbf732a7b07389a47b5,train,true,42,10000,256,160,n02687172_18479_n02687172.JPEG,403,500,400,500,400,500,400,500,400,,false,false,,,,317347,3145728,6,false,false,b267262303eb05c75b29e133fe8570ae31e5e62650902ba8db57ef87c75f5576,84a092cbe3819f57d9f375f3af5954a1cb85c796a50569ed8b4ce131ce00b86c,84a092cbe3819f57d9f375f3af5954a1cb85c796a50569ed8b4ce131ce00b86c,84a092cbe3819f57d9f375f3af5954a1cb85c796a50569ed8b4ce131ce00b86c,094ef59d8e49713eea279923289753c4bf56138a7e9850b9f56dd7285cf98b9c,exact,4.4.2,12.3.0,3.11.15,sha256(big_endian_uint32(width) || big_endian_uint32(height) || RGB_pixel_bytes_row_major)
144,144,data/raw_images/normal/144.png,144.png,144.png,exact_post_preprocessing_match,exact_post_preprocessing_match,ILSVRC/imagenet-1k,49e2ee26f3810fb5a7536bbf732a7b07389a47b5,train,true,42,10000,256,161,n02037110_7262_n02037110.JPEG,143,500,335,500,335,500,335,500,335,,false,false,,,,395656,3145728,6,false,true,cc1a0553bd57c3f70d5fde3d906bb47fd8b597402e1014667420df03fa20f6cd,4ab8631532f7b3523a53b3bbe468ec12d31c28e7d469b64817044d8768bbb89d,4ab8631532f7b3523a53b3bbe468ec12d31c28e7d469b64817044d8768bbb89d,4ab8631532f7b3523a53b3bbe468ec12d31c28e7d469b64817044d8768bbb89d,0967ae346e7250da4af2b26a53795fe5990ca3387bf2fee5f4da081f2255b6e8,exact,4.4.2,12.3.0,3.11.15,sha256(big_endian_uint32(width) || big_endian_uint32(height) || RGB_pixel_bytes_row_major)
145,145,data/raw_images/normal/145.png,145.png,145.png,exact_post_preprocessing_match,exact_post_preprocessing_match,ILSVRC/imagenet-1k,49e2ee26f3810fb5a7536bbf732a7b07389a47b5,train,true,42,10000,256,162,n01775062_5706_n01775062.JPEG,77,375,500,375,500,375,500,375,500,,false,false,,,,530798,3145728,6,false,false,fe187ad48f0aad1208d56d7b379046835a314319e5854b5ea21cf9b8ada2fc4a,27ab5abbc74723004939b6cfbab8a8ad8803c6bf4e69414e48036a44136158b5,27ab5abbc74723004939b6cfbab8a8ad8803c6bf4e69414e48036a44136158b5,27ab5abbc74723004939b6cfbab8a8ad8803c6bf4e69414e48036a44136158b5,4669a62717368edc3336cbed7c6a0b146fd39202ca791151c63e3f7f558d65ca,exact,4.4.2,12.3.0,3.11.15,sha256(big_endian_uint32(width) || big_endian_uint32(height) || RGB_pixel_bytes_row_major)
146,146,data/raw_images/normal/146.png,146.png,146.png,exact_post_preprocessing_match,exact_post_preprocessing_match,ILSVRC/imagenet-1k,49e2ee26f3810fb5a7536bbf732a7b07389a47b5,train,true,42,10000,256,163,n03124043_8435_n03124043.JPEG,514,500,375,500,375,500,375,500,375,,false,false,,,,415386,3145728,6,false,true,f41225a6c743a7bd89297650aa39cd9e780c985751a91d31d13524a5c9287e52,756df8cea3633912fcf51099724614c1ae2b13c74dab3675df166b8490a16442,756df8cea3633912fcf51099724614c1ae2b13c74dab3675df166b8490a16442,756df8cea3633912fcf51099724614c1ae2b13c74dab3675df166b8490a16442,4755784bffb43360543740975ece25b370c59ba05ae8f977f263aeb810e891a6,exact,4.4.2,12.3.0,3.11.15,sha256(big_endian_uint32(width) || big_endian_uint32(height) || RGB_pixel_bytes_row_major)
147,147,data/raw_images/normal/147.png,147.png,147.png,exact_post_preprocessing_match,exact_post_preprocessing_match,ILSVRC/imagenet-1k,49e2ee26f3810fb5a7536bbf732a7b07389a47b5,train,true,42,10000,256,165,n03992509_3938_n03992509.JPEG,739,640,480,640,480,640,480,640,480,1,false,false,,,,427090,3145728,6,false,false,119d80349778a42de2bc859f9fbac835e2082dd86e895a4ce96eefd2f9c44f88,571519d03952b8d8a6ad7b3865dd745caeb2a2c75b60c9f90d99b919104fa66e,571519d03952b8d8a6ad7b3865dd745caeb2a2c75b60c9f90d99b919104fa66e,571519d03952b8d8a6ad7b3865dd745caeb2a2c75b60c9f90d99b919104fa66e,99337acb76a7ba7db28e756794200b1ffeb3de1b2d9035c22c03322ae4947eec,exact,4.4.2,12.3.0,3.11.15,sha256(big_endian_uint32(width) || big_endian_uint32(height) || RGB_pixel_bytes_row_major)
148,148,data/raw_images/normal/148.png,148.png,148.png,exact_post_preprocessing_match,exact_post_preprocessing_match,ILSVRC/imagenet-1k,49e2ee26f3810fb5a7536bbf732a7b07389a47b5,train,true,42,10000,256,167,n04357314_9383_n04357314.JPEG,838,500,375,500,375,500,375,500,375,,false,false,,,,408316,3145728,6,false,false,19e3846352656c5da11f355782dbbf3e35a1995dd41c90517e696954c9d595f0,f13ddd5a07e008f4d4b5ec7e058a43aa58a0d0ea4bd95635a3696b12107f0a4c,f13ddd5a07e008f4d4b5ec7e058a43aa58a0d0ea4bd95635a3696b12107f0a4c,f13ddd5a07e008f4d4b5ec7e058a43aa58a0d0ea4bd95635a3696b12107f0a4c,626b0bb25d56d28e8eff27a99c27883def67e3a9d8383c25e4ca55a3f3b54f0c,exact,4.4.2,12.3.0,3.11.15,sha256(big_endian_uint32(width) || big_endian_uint32(height) || RGB_pixel_bytes_row_major)
149,149,data/raw_images/normal/149.png,149.png,149.png,exact_post_preprocessing_match,exact_post_preprocessing_match,ILSVRC/imagenet-1k,49e2ee26f3810fb5a7536bbf732a7b07389a47b5,train,true,42,10000,256,168,n02443114_5596_n02443114.JPEG,358,500,375,500,375,500,375,500,375,,false,false,,,,338428,3145728,6,false,false,285fa0a64e140ec9059ae882a4a8e2dee402b01220ac24a01f2c1e6609737843,f5df1dd8845c3c4bf0ba1ec0b8f7011781b8072f07403ed61d883e0cf514aaed,f5df1dd8845c3c4bf0ba1ec0b8f7011781b8072f07403ed61d883e0cf514aaed,f5df1dd8845c3c4bf0ba1ec0b8f7011781b8072f07403ed61d883e0cf514aaed,903f0c0e24e3a070cfe5aa072ed379f0456f1e333fd53ca9d46e66f16311ee01,exact,4.4.2,12.3.0,3.11.15,sha256(big_endian_uint32(width) || big_endian_uint32(height) || RGB_pixel_bytes_row_major)
150,150,data/raw_images/normal/150.png,150.png,150.png,exact_post_preprocessing_match,exact_post_preprocessing_match,ILSVRC/imagenet-1k,49e2ee26f3810fb5a7536bbf732a7b07389a47b5,train,true,42,10000,256,169,n07753592_6035_n07753592.JPEG,954,474,500,474,500,474,500,474,500,,false,false,,,,468139,3145728,6,false,false,e13fb143524258b8271621af17438679332ff08791d86a66af1d94b0bd8f921a,937ca1dd3f5cd04b721eaca1927b9e2eed26b08ccbf780983dbcb4554f807e82,937ca1dd3f5cd04b721eaca1927b9e2eed26b08ccbf780983dbcb4554f807e82,937ca1dd3f5cd04b721eaca1927b9e2eed26b08ccbf780983dbcb4554f807e82,d2e556193cf23778a0a118286190d6d15876147e62a6848fe3e1fbcad549a322,exact,4.4.2,12.3.0,3.11.15,sha256(big_endian_uint32(width) || big_endian_uint32(height) || RGB_pixel_bytes_row_major)
151,151,data/raw_images/normal/151.png,151.png,151.png,exact_post_preprocessing_match,exact_post_preprocessing_match,ILSVRC/imagenet-1k,49e2ee26f3810fb5a7536bbf732a7b07389a47b5,train,true,42,10000,256,170,n03769881_4742_n03769881.JPEG,654,500,375,500,375,500,375,500,375,,false,false,,,,397318,3145728,6,false,false,36fd215279305745d6e1ab3369e56603d011d17e0bf6ec967ea285cbe548832f,149980309ea80ab235e67958a1932c491cdbe8b5f202be08335d50b80beff5db,149980309ea80ab235e67958a1932c491cdbe8b5f202be08335d50b80beff5db,149980309ea80ab235e67958a1932c491cdbe8b5f202be08335d50b80beff5db,43b540f6d599f0f005ed7ce2225d724f3e48a4eb262962da6397614f33aa0e2a,exact,4.4.2,12.3.0,3.11.15,sha256(big_endian_uint32(width) || big_endian_uint32(height) || RGB_pixel_bytes_row_major)
152,152,data/raw_images/normal/152.png,152.png,152.png,exact_post_preprocessing_match,exact_post_preprocessing_match,ILSVRC/imagenet-1k,49e2ee26f3810fb5a7536bbf732a7b07389a47b5,train,true,42,10000,256,171,n04153751_24420_n04153751.JPEG,783,500,333,500,333,500,333,500,333,,false,false,,,,179939,3145728,6,false,true,cdde00de5824ddf32f96fb5a0e2bfc811abfe48d3e2a8a06269cdb70aba36847,3737b0434c631ea40a203d8d8db063f6d55830f18ef2366ae29865ac9d030cdd,3737b0434c631ea40a203d8d8db063f6d55830f18ef2366ae29865ac9d030cdd,3737b0434c631ea40a203d8d8db063f6d55830f18ef2366ae29865ac9d030cdd,4d88a6ebffabc68e8a2fcb839b8b593b47b00cb735c24f4beb35ad00535414eb,exact,4.4.2,12.3.0,3.11.15,sha256(big_endian_uint32(width) || big_endian_uint32(height) || RGB_pixel_bytes_row_major)
153,153,data/raw_images/normal/153.png,153.png,153.png,exact_post_preprocessing_match,exact_post_preprocessing_match,ILSVRC/imagenet-1k,49e2ee26f3810fb5a7536bbf732a7b07389a47b5,train,true,42,10000,256,172,n01728572_593_n01728572.JPEG,52,368,276,368,276,368,276,368,276,,false,false,,,,285940,3145728,6,false,false,6ad80186a9b85c4b1254eb06ec8544fd40c0f5a40732d9eb01d94bcb15220b1a,9a0fc8c42f52cb5d70cf76b6f54d0b39bb838b023ed8aa5303c5dbfb9fbc54b2,9a0fc8c42f52cb5d70cf76b6f54d0b39bb838b023ed8aa5303c5dbfb9fbc54b2,9a0fc8c42f52cb5d70cf76b6f54d0b39bb838b023ed8aa5303c5dbfb9fbc54b2,ce5a439a1339de878dfcb4b17c56d7bc051904b12f35fe1a892b7663a4fc01f4,exact,4.4.2,12.3.0,3.11.15,sha256(big_endian_uint32(width) || big_endian_uint32(height) || RGB_pixel_bytes_row_major)
154,154,data/raw_images/normal/154.png,154.png,154.png,exact_post_preprocessing_match,exact_post_preprocessing_match,ILSVRC/imagenet-1k,49e2ee26f3810fb5a7536bbf732a7b07389a47b5,train,true,42,10000,256,173,n02108551_4698_n02108551.JPEG,244,500,375,500,375,500,375,500,375,,false,false,,,,292233,3145728,6,false,false,e32761bd7bd450349940ea15ba33e572d229b828ddde69f02520d8973a06401c,10d07d184989a7aa74a65f4211df7ac7c6afa34fd9ce56661d1f38faf178fc47,10d07d184989a7aa74a65f4211df7ac7c6afa34fd9ce56661d1f38faf178fc47,10d07d184989a7aa74a65f4211df7ac7c6afa34fd9ce56661d1f38faf178fc47,4b93b545ef741164836ed4c895fa4a3528cd403f4553a43d3529f2c3b073db18,exact,4.4.2,12.3.0,3.11.15,sha256(big_endian_uint32(width) || big_endian_uint32(height) || RGB_pixel_bytes_row_major)
155,155,data/raw_images/normal/155.png,155.png,155.png,exact_post_preprocessing_match,exact_post_preprocessing_match,ILSVRC/imagenet-1k,49e2ee26f3810fb5a7536bbf732a7b07389a47b5,train,true,42,10000,256,174,n04367480_5296_n04367480.JPEG,840,375,500,375,500,375,500,375,500,,false,false,,,,271734,3145728,6,false,false,61365580471d47ba86f0ae1ee1565a09a0fbe917e4df8174c5dc01e20149996d,11dc4c3c84be4c13ca11280fd28571d2dd7782bc1df48003348273a89ab4d8c4,11dc4c3c84be4c13ca11280fd28571d2dd7782bc1df48003348273a89ab4d8c4,11dc4c3c84be4c13ca11280fd28571d2dd7782bc1df48003348273a89ab4d8c4,41fd4f53545974c4deccde43ece3e58aecdaeda734fb5a6475ead164a68f69bf,exact,4.4.2,12.3.0,3.11.15,sha256(big_endian_uint32(width) || big_endian_uint32(height) || RGB_pixel_bytes_row_major)
156,156,data/raw_images/normal/156.png,156.png,156.png,exact_post_preprocessing_match,exact_post_preprocessing_match,ILSVRC/imagenet-1k,49e2ee26f3810fb5a7536bbf732a7b07389a47b5,train,true,42,10000,256,175,n01770081_3848_n01770081.JPEG,70,500,333,500,333,500,333,500,333,,false,false,,,,319705,3145728,6,false,false,cf450ddafefded0ecdac3356fab2f82d2d810758ae4949fc6d082093fa559f7e,be05ea1375a5d71a610f8963c1ff727610a53c8a401677041f05ffff423db192,be05ea1375a5d71a610f8963c1ff727610a53c8a401677041f05ffff423db192,be05ea1375a5d71a610f8963c1ff727610a53c8a401677041f05ffff423db192,9ec133d5017b4a80347215d122709d9ea1bbeec3f8a3df0791f9644411e204ce,exact,4.4.2,12.3.0,3.11.15,sha256(big_endian_uint32(width) || big_endian_uint32(height) || RGB_pixel_bytes_row_major)
157,157,data/raw_images/normal/157.png,157.png,157.png,exact_post_preprocessing_match,exact_post_preprocessing_match,ILSVRC/imagenet-1k,49e2ee26f3810fb5a7536bbf732a7b07389a47b5,train,true,42,10000,256,177,n03895866_109701_n03895866.JPEG,705,500,333,500,333,500,333,500,333,,false,false,,,,335032,3145728,6,false,true,df4d61a5b0ffe87fcce621b23a7454ee6fae8d89ca8120fadc504c1581d9df56,5cb3cce9a067dbae46645ea75bd2f4fb87ab1ed518a28d58828eb676c768c57f,5cb3cce9a067dbae46645ea75bd2f4fb87ab1ed518a28d58828eb676c768c57f,5cb3cce9a067dbae46645ea75bd2f4fb87ab1ed518a28d58828eb676c768c57f,9999d81a69eeb72336eaf46dd0ac5bb2d4e7c3e0374b366b8e31160ba12257d1,exact,4.4.2,12.3.0,3.11.15,sha256(big_endian_uint32(width) || big_endian_uint32(height) || RGB_pixel_bytes_row_major)
158,158,data/raw_images/normal/158.png,158.png,158.png,exact_post_preprocessing_match,exact_post_preprocessing_match,ILSVRC/imagenet-1k,49e2ee26f3810fb5a7536bbf732a7b07389a47b5,train,true,42,10000,256,179,n02093428_229_n02093428.JPEG,180,415,500,415,500,415,500,415,500,,false,false,,,,335065,3145728,6,false,false,32953074333947607875fe1dac40758e098669e24fd943cd960e9a27c2f26f95,d21b034e923060cfa7c1f02063be94096cb23d45cc04ac6f9831b880baf74c23,d21b034e923060cfa7c1f02063be94096cb23d45cc04ac6f9831b880baf74c23,d21b034e923060cfa7c1f02063be94096cb23d45cc04ac6f9831b880baf74c23,3675e42d025498f76e3fdd1a316aa8e0c2f3cfcc82e618be344c366e42ef562d,exact,4.4.2,12.3.0,3.11.15,sha256(big_endian_uint32(width) || big_endian_uint32(height) || RGB_pixel_bytes_row_major)
159,159,data/raw_images/normal/159.png,159.png,159.png,exact_post_preprocessing_match,exact_post_preprocessing_match,ILSVRC/imagenet-1k,49e2ee26f3810fb5a7536bbf732a7b07389a47b5,train,true,42,10000,256,180,n01871265_4611_n01871265.JPEG,101,456,500,456,500,456,500,456,500,,false,false,,,,323352,3145728,6,false,true,a0e3be453324bb0c2475d5c202a5e09d78b0342f97a271f98cb0656904393bd8,1322276fdbcb571a8f71427f042eb189d668309d12d113c4ff9f51c8a63b2bf5,1322276fdbcb571a8f71427f042eb189d668309d12d113c4ff9f51c8a63b2bf5,1322276fdbcb571a8f71427f042eb189d668309d12d113c4ff9f51c8a63b2bf5,c6c62b3558d44556301f7fd1113521b40850c1711ef1c265bbf2618bcb147df1,exact,4.4.2,12.3.0,3.11.15,sha256(big_endian_uint32(width) || big_endian_uint32(height) || RGB_pixel_bytes_row_major)
160,160,data/raw_images/normal/160.png,160.png,160.png,exact_post_preprocessing_match,exact_post_preprocessing_match,ILSVRC/imagenet-1k,49e2ee26f3810fb5a7536bbf732a7b07389a47b5,train,true,42,10000,256,181,n07753275_13776_n07753275.JPEG,953,500,333,500,333,500,333,500,333,,false,false,,,,355361,3145728,6,false,true,65b6db40f133ddb7eef0ef5d65c3e6fc9cf3c04a6109d62950dece039a13ab64,13282ff700180d49dfcc8b4e09e5c0c364e2fab4e1306cb92798de29a52d6f36,13282ff700180d49dfcc8b4e09e5c0c364e2fab4e1306cb92798de29a52d6f36,13282ff700180d49dfcc8b4e09e5c0c364e2fab4e1306cb92798de29a52d6f36,3a8e9d6bbb41bbe79337d35ca27e3931a124138690b49fbdbe4c96ea766cbfab,exact,4.4.2,12.3.0,3.11.15,sha256(big_endian_uint32(width) || big_endian_uint32(height) || RGB_pixel_bytes_row_major)
161,161,data/raw_images/normal/161.png,161.png,161.png,exact_post_preprocessing_match,exact_post_preprocessing_match,ILSVRC/imagenet-1k,49e2ee26f3810fb5a7536bbf732a7b07389a47b5,train,true,42,10000,256,182,n02092002_9522_n02092002.JPEG,177,350,336,350,336,350,336,350,336,,false,false,,,,177899,3145728,6,false,false,171ee3c9e1f0093c670cfdc9e354aca812a879dea9b08b74d25cac9594072ef5,71d7658cb755c11bb1bd193a7a2c1059bb9055776d323a17330a1e4034d8fae1,71d7658cb755c11bb1bd193a7a2c1059bb9055776d323a17330a1e4034d8fae1,71d7658cb755c11bb1bd193a7a2c1059bb9055776d323a17330a1e4034d8fae1,0b03840a796492bb5a409382389d4fcc6cd8038955d8f5639c58f9261b84867d,exact,4.4.2,12.3.0,3.11.15,sha256(big_endian_uint32(width) || big_endian_uint32(height) || RGB_pixel_bytes_row_major)
162,162,data/raw_images/normal/162.png,162.png,162.png,exact_post_preprocessing_match,exact_post_preprocessing_match,ILSVRC/imagenet-1k,49e2ee26f3810fb5a7536bbf732a7b07389a47b5,train,true,42,10000,256,183,n02094433_20336_n02094433.JPEG,187,500,324,500,324,500,324,500,324,,false,false,,,,366521,3145728,6,false,false,824a2c32e851c13f9f1082077f08b8da396ea1dfe3f8cccbec88e1aa771d059d,dcf9d8c9365aa13a03da5531f5949744c28bb97463afd41157f2330ca28c04ad,dcf9d8c9365aa13a03da5531f5949744c28bb97463afd41157f2330ca28c04ad,dcf9d8c9365aa13a03da5531f5949744c28bb97463afd41157f2330ca28c04ad,6acfb51b2631689ebfc448916aff9cb84fb9edb927f4ed6bfbda19e8546420b7,exact,4.4.2,12.3.0,3.11.15,sha256(big_endian_uint32(width) || big_endian_uint32(height) || RGB_pixel_bytes_row_major)
163,163,data/raw_images/normal/163.png,163.png,163.png,exact_post_preprocessing_match,exact_post_preprocessing_match,ILSVRC/imagenet-1k,49e2ee26f3810fb5a7536bbf732a7b07389a47b5,train,true,42,10000,256,184,n01820546_930_n01820546.JPEG,90,500,483,500,483,500,483,500,483,,false,false,,,,442714,3145728,6,false,false,06602ab6eaef943a57cb9c79c2f00ff274ecf5c82533a73146e9319b7d89e20b,b84450356b1589e5e507517b2bd8e1654d4fc6a4086dd55b2dd9a39bb198b7ab,b84450356b1589e5e507517b2bd8e1654d4fc6a4086dd55b2dd9a39bb198b7ab,b84450356b1589e5e507517b2bd8e1654d4fc6a4086dd55b2dd9a39bb198b7ab,1b1099e72af5ce9ffe0cc08be61196ce1e6afe0c895be080f708f8d19af1acdf,exact,4.4.2,12.3.0,3.11.15,sha256(big_endian_uint32(width) || big_endian_uint32(height) || RGB_pixel_bytes_row_major)
164,164,data/raw_images/normal/164.png,164.png,164.png,exact_post_preprocessing_match,exact_post_preprocessing_match,ILSVRC/imagenet-1k,49e2ee26f3810fb5a7536bbf732a7b07389a47b5,train,true,42,10000,256,185,n02687172_69209_n02687172.JPEG,403,419,500,419,500,419,500,419,500,,false,false,,,,258996,3145728,6,false,true,f89193e5cb0c04e3e9056a2ec596ed2964d539303ab12dc5f26300bf90fac82d,109a074a941d6c74f880fe401d306bcd7410800a20cba4f1a38d2bc83e0c9213,109a074a941d6c74f880fe401d306bcd7410800a20cba4f1a38d2bc83e0c9213,109a074a941d6c74f880fe401d306bcd7410800a20cba4f1a38d2bc83e0c9213,50196857cfc04be8a566eee09ca58859858fd014c88a451985cc3519a60455c0,exact,4.4.2,12.3.0,3.11.15,sha256(big_endian_uint32(width) || big_endian_uint32(height) || RGB_pixel_bytes_row_major)
165,165,data/raw_images/normal/165.png,165.png,165.png,exact_post_preprocessing_match,exact_post_preprocessing_match,ILSVRC/imagenet-1k,49e2ee26f3810fb5a7536bbf732a7b07389a47b5,train,true,42,10000,256,186,n02692877_7797_n02692877.JPEG,405,450,353,450,353,450,353,450,353,,false,false,,,,124516,3145728,6,false,false,02dac0b409dd9aa5cd5a14a270122ab27f42ee02f005c82acf0efa471cb96b30,7ea9cdb121c288cd22e310237b01452a6a92158610b98e471747a3511a4877d9,7ea9cdb121c288cd22e310237b01452a6a92158610b98e471747a3511a4877d9,7ea9cdb121c288cd22e310237b01452a6a92158610b98e471747a3511a4877d9,3427d02fcb48ddff5fca9fa77f27eebfd6d052ea5fd3bedc2e84cf9bb6bf6180,exact,4.4.2,12.3.0,3.11.15,sha256(big_endian_uint32(width) || big_endian_uint32(height) || RGB_pixel_bytes_row_major)
166,166,data/raw_images/normal/166.png,166.png,166.png,exact_post_preprocessing_match,exact_post_preprocessing_match,ILSVRC/imagenet-1k,49e2ee26f3810fb5a7536bbf732a7b07389a47b5,train,true,42,10000,256,187,n04398044_4691_n04398044.JPEG,849,500,500,500,500,500,500,500,500,,false,false,,,,299936,3145728,6,false,true,2e7caa3e7deab9363699356241fac112cdeb7bd03fec42e34703e4b9d6c7d590,9ca7dd7f76384cb5ea7e579f8bc882cd19c27f04452a4d140f91c0e29d78767f,9ca7dd7f76384cb5ea7e579f8bc882cd19c27f04452a4d140f91c0e29d78767f,9ca7dd7f76384cb5ea7e579f8bc882cd19c27f04452a4d140f91c0e29d78767f,0058cfa8ee7a9c78ff6623fde8c2d1bfb93cd6697bfcf8c549951d2973e7504b,exact,4.4.2,12.3.0,3.11.15,sha256(big_endian_uint32(width) || big_endian_uint32(height) || RGB_pixel_bytes_row_major)
167,167,data/raw_images/normal/167.png,167.png,167.png,exact_post_preprocessing_match,exact_post_preprocessing_match,ILSVRC/imagenet-1k,49e2ee26f3810fb5a7536bbf732a7b07389a47b5,train,true,42,10000,256,188,n02051845_18698_n02051845.JPEG,144,500,351,500,351,500,351,500,351,,false,false,,,,71114,3145728,6,false,false,e4f739545cd6a752f25b02c2607fb3de03ef794dab789ba771ef1960bb6ea80a,201cda6f2b22d571e607d631c91e0a496705d301ee5787bdc28ae61e18a2f896,201cda6f2b22d571e607d631c91e0a496705d301ee5787bdc28ae61e18a2f896,201cda6f2b22d571e607d631c91e0a496705d301ee5787bdc28ae61e18a2f896,615b01fa2c1feb01ab1c7a90f7d70f28121000d9ac22d22604aa344010225bcb,exact,4.4.2,12.3.0,3.11.15,sha256(big_endian_uint32(width) || big_endian_uint32(height) || RGB_pixel_bytes_row_major)
168,168,data/raw_images/normal/168.png,168.png,168.png,exact_post_preprocessing_match,exact_post_preprocessing_match,ILSVRC/imagenet-1k,49e2ee26f3810fb5a7536bbf732a7b07389a47b5,train,true,42,10000,256,190,n02730930_15998_n02730930.JPEG,411,375,500,375,500,375,500,375,500,,false,false,,,,355925,3145728,6,false,false,29a77262427679fa7064fa1a6854e4e9df5e5c59a2ca3d0b987f65cc7d40344c,b61ab9bb153e72a9e917106be136c71d2ec063e5bcbac6036592ade52310b062,b61ab9bb153e72a9e917106be136c71d2ec063e5bcbac6036592ade52310b062,b61ab9bb153e72a9e917106be136c71d2ec063e5bcbac6036592ade52310b062,c29cb568e82e5e57a903033c7359b00f1978c624fe6eaaeff4deb25e6a8be4c9,exact,4.4.2,12.3.0,3.11.15,sha256(big_endian_uint32(width) || big_endian_uint32(height) || RGB_pixel_bytes_row_major)
169,169,data/raw_images/normal/169.png,169.png,169.png,exact_post_preprocessing_match,exact_post_preprocessing_match,ILSVRC/imagenet-1k,49e2ee26f3810fb5a7536bbf732a7b07389a47b5,train,true,42,10000,256,191,n07802026_12430_n07802026.JPEG,958,500,333,500,333,500,333,500,333,,false,false,,,,395391,3145728,6,false,true,99f3688080806184081b93f1d6aba3aa64b24d762b5e27fc046b621b28ecb107,a14f7e8acd40a41af1f2fb012ee1de9925ad7196b9f2e769d581001defba0a1e,a14f7e8acd40a41af1f2fb012ee1de9925ad7196b9f2e769d581001defba0a1e,a14f7e8acd40a41af1f2fb012ee1de9925ad7196b9f2e769d581001defba0a1e,682d9387eef4bd9942a5184e96fae562f07050e01cba117117de26b4309aa642,exact,4.4.2,12.3.0,3.11.15,sha256(big_endian_uint32(width) || big_endian_uint32(height) || RGB_pixel_bytes_row_major)
170,170,data/raw_images/normal/170.png,170.png,170.png,exact_post_preprocessing_match,exact_post_preprocessing_match,ILSVRC/imagenet-1k,49e2ee26f3810fb5a7536bbf732a7b07389a47b5,train,true,42,10000,256,192,n02074367_7533_n02074367.JPEG,149,500,375,500,375,500,375,500,375,,false,false,,,,301667,3145728,6,false,false,b02ee35e2276917f3970721fd33c6a660c243fd039919130df97ecd83c5bcca2,2056f45b312a4cc933c9a00858dd5faa1a5d053e505d4a966a2c5a323eb325b0,2056f45b312a4cc933c9a00858dd5faa1a5d053e505d4a966a2c5a323eb325b0,2056f45b312a4cc933c9a00858dd5faa1a5d053e505d4a966a2c5a323eb325b0,7f4e351539ef8100e98edb7268902199d5655a1c8180c0f066a950228377bdec,exact,4.4.2,12.3.0,3.11.15,sha256(big_endian_uint32(width) || big_endian_uint32(height) || RGB_pixel_bytes_row_major)
171,171,data/raw_images/normal/171.png,171.png,171.png,exact_post_preprocessing_match,exact_post_preprocessing_match,ILSVRC/imagenet-1k,49e2ee26f3810fb5a7536bbf732a7b07389a47b5,train,true,42,10000,256,193,n02108089_19914_n02108089.JPEG,242,375,500,375,500,375,500,375,500,,false,false,,,,388058,3145728,6,false,false,90bb5abd12b75c4fa835cecf36174623bf469ccbc161c6451e2d7ea6b2e1f293,c9df1d712b811b40d319d7e14812f20ba5392ec515616211b3c09d788d907340,c9df1d712b811b40d319d7e14812f20ba5392ec515616211b3c09d788d907340,c9df1d712b811b40d319d7e14812f20ba5392ec515616211b3c09d788d907340,97064e38cffd8750e6ba8a3ed3140dc2fc9015b2292b02b8a086aa7ac42be2d6,exact,4.4.2,12.3.0,3.11.15,sha256(big_endian_uint32(width) || big_endian_uint32(height) || RGB_pixel_bytes_row_major)
172,172,data/raw_images/normal/172.png,172.png,172.png,exact_post_preprocessing_match,exact_post_preprocessing_match,ILSVRC/imagenet-1k,49e2ee26f3810fb5a7536bbf732a7b07389a47b5,train,true,42,10000,256,194,n02364673_913_n02364673.JPEG,338,500,333,500,333,500,333,500,333,,false,false,,,,301058,3145728,6,false,true,7a73150718b4747d21b23a7da9b3e380c46f63c2da02c43085ab1f2e75f8b822,87335e28d68fd96d9b01604a056a077532d807e0573264e97b912160df7b8619,87335e28d68fd96d9b01604a056a077532d807e0573264e97b912160df7b8619,87335e28d68fd96d9b01604a056a077532d807e0573264e97b912160df7b8619,ea2b1b257b1f7bb493de52200af655aded10f7fafaf8c95adfb61ff947475222,exact,4.4.2,12.3.0,3.11.15,sha256(big_endian_uint32(width) || big_endian_uint32(height) || RGB_pixel_bytes_row_major)
173,173,data/raw_images/normal/173.png,173.png,173.png,exact_post_preprocessing_match,exact_post_preprocessing_match,ILSVRC/imagenet-1k,49e2ee26f3810fb5a7536bbf732a7b07389a47b5,train,true,42,10000,256,195,n01883070_1148_n01883070.JPEG,106,800,600,800,600,800,600,800,600,,false,false,,,,676172,3145728,6,false,false,6db1ee899fbe6701c4070fc1e36fdb380a23cf34bc44df3bfb4fe9a975cd4c3c,6076aebb753346eeb8c2cd279f68c9dcdceaae00952fab3c8384521cd0af041b,6076aebb753346eeb8c2cd279f68c9dcdceaae00952fab3c8384521cd0af041b,6076aebb753346eeb8c2cd279f68c9dcdceaae00952fab3c8384521cd0af041b,600b330a9b796f99ed1477268f89333837bfa498b9f407bb233863291a3e654a,exact,4.4.2,12.3.0,3.11.15,sha256(big_endian_uint32(width) || big_endian_uint32(height) || RGB_pixel_bytes_row_major)
174,174,data/raw_images/normal/174.png,174.png,174.png,exact_post_preprocessing_match,exact_post_preprocessing_match,ILSVRC/imagenet-1k,49e2ee26f3810fb5a7536bbf732a7b07389a47b5,train,true,42,10000,256,196,n07711569_79_n07711569.JPEG,935,500,344,500,344,500,344,500,344,,false,false,,,,297927,3145728,6,false,true,da2442d8647c0b0fd06b9838a98836d538113d4d921e7e733ef6bf82f778e725,2d5d6b98181f50a686afe2cc91b782a6dbfd426471f0bd0081de0047288c09e7,2d5d6b98181f50a686afe2cc91b782a6dbfd426471f0bd0081de0047288c09e7,2d5d6b98181f50a686afe2cc91b782a6dbfd426471f0bd0081de0047288c09e7,65c963ee451a30568a8a36b8b6bf71ffdca1b06d7f62da900010d7f424fb41c1,exact,4.4.2,12.3.0,3.11.15,sha256(big_endian_uint32(width) || big_endian_uint32(height) || RGB_pixel_bytes_row_major)
175,175,data/raw_images/normal/175.png,175.png,175.png,exact_post_preprocessing_match,exact_post_preprocessing_match,ILSVRC/imagenet-1k,49e2ee26f3810fb5a7536bbf732a7b07389a47b5,train,true,42,10000,256,197,n03782006_1765_n03782006.JPEG,664,500,375,500,375,500,375,500,375,,false,false,,,,171845,3145728,6,false,false,f38c50e8a4edb36297c5a5cf9496930499712618722067178195d921b154bb84,caca5b55272f0072cd4a54b224b03d4182e7c148a14c63d4803aaec94cdbcca1,caca5b55272f0072cd4a54b224b03d4182e7c148a14c63d4803aaec94cdbcca1,caca5b55272f0072cd4a54b224b03d4182e7c148a14c63d4803aaec94cdbcca1,a5d1588e4b4fd8f7970999b4c1cc7d8305dd63b3c5cde9a87f2234989d3b5255,exact,4.4.2,12.3.0,3.11.15,sha256(big_endian_uint32(width) || big_endian_uint32(height) || RGB_pixel_bytes_row_major)
176,176,data/raw_images/normal/176.png,176.png,176.png,exact_post_preprocessing_match,exact_post_preprocessing_match,ILSVRC/imagenet-1k,49e2ee26f3810fb5a7536bbf732a7b07389a47b5,train,true,42,10000,256,198,n01824575_1084_n01824575.JPEG,91,407,307,407,307,407,307,407,307,,false,false,,,,266333,3145728,6,false,false,405e0e28fe69b9f97ec30c3fd36767140d2890b877df138fadce8ac75886cb78,710a765c20218b566fd7cec4f3f77aba8fb22a5e2f9757f28dfddac55c70fe8e,710a765c20218b566fd7cec4f3f77aba8fb22a5e2f9757f28dfddac55c70fe8e,710a765c20218b566fd7cec4f3f77aba8fb22a5e2f9757f28dfddac55c70fe8e,f96ba1b60f7f1c7e64e16169daa467506ecbe5be1f8ca2d6335e1d518fc472cf,exact,4.4.2,12.3.0,3.11.15,sha256(big_endian_uint32(width) || big_endian_uint32(height) || RGB_pixel_bytes_row_major)
177,177,data/raw_images/normal/177.png,177.png,177.png,exact_post_preprocessing_match,exact_post_preprocessing_match,ILSVRC/imagenet-1k,49e2ee26f3810fb5a7536bbf732a7b07389a47b5,train,true,42,10000,256,199,n02116738_1742_n02116738.JPEG,275,333,500,333,500,333,500,333,500,,false,false,,,,350937,3145728,6,false,false,416531c5ea6c337b2b27378e61c4a457d874d7c92bfc22988d9dab7d7e5265d0,4aad19c12f28b8642dd652360dfb7a4847f4052ff0aa934b339de0342b6ea8fe,4aad19c12f28b8642dd652360dfb7a4847f4052ff0aa934b339de0342b6ea8fe,4aad19c12f28b8642dd652360dfb7a4847f4052ff0aa934b339de0342b6ea8fe,3efda0a15c41ecf852a988b415c5fddf119799f2613dbb2697b7c033080f81f3,exact,4.4.2,12.3.0,3.11.15,sha256(big_endian_uint32(width) || big_endian_uint32(height) || RGB_pixel_bytes_row_major)
178,178,data/raw_images/normal/178.png,178.png,178.png,exact_post_preprocessing_match,exact_post_preprocessing_match,ILSVRC/imagenet-1k,49e2ee26f3810fb5a7536bbf732a7b07389a47b5,train,true,42,10000,256,200,n03794056_19993_n03794056.JPEG,674,500,356,500,356,500,356,500,356,,false,false,,,,378154,3145728,6,false,true,09d61b7d45fc5acd9ee566f39dd9cc86563cd0d81c3bc672d49272a7b7ff0e71,b75eba692dc0476466eb94f8fda275f30ec87a2b94b8d269fb7f28fe6ed2d344,b75eba692dc0476466eb94f8fda275f30ec87a2b94b8d269fb7f28fe6ed2d344,b75eba692dc0476466eb94f8fda275f30ec87a2b94b8d269fb7f28fe6ed2d344,75202567f9dd0b8108ce0deb48f9a8b606a6d7e0322e48ac382a0dd469233c2a,exact,4.4.2,12.3.0,3.11.15,sha256(big_endian_uint32(width) || big_endian_uint32(height) || RGB_pixel_bytes_row_major)
179,179,data/raw_images/normal/179.png,179.png,179.png,exact_post_preprocessing_match,exact_post_preprocessing_match,ILSVRC/imagenet-1k,49e2ee26f3810fb5a7536bbf732a7b07389a47b5,train,true,42,10000,256,201,n02346627_10246_n02346627.JPEG,334,500,333,500,333,500,333,500,333,,false,false,,,,412286,3145728,6,false,true,828191e2b35790b093c88932196119e5577e924658dbf5b2ef1490a9073d42df,6a930632d2fbfc55030fa40784a5d495dc67ca15b201ec1c9fffa0bf6af86936,6a930632d2fbfc55030fa40784a5d495dc67ca15b201ec1c9fffa0bf6af86936,6a930632d2fbfc55030fa40784a5d495dc67ca15b201ec1c9fffa0bf6af86936,ce483936a6647829dbb45527a466f6814ede64eb7c29ee274c2439c15655fb95,exact,4.4.2,12.3.0,3.11.15,sha256(big_endian_uint32(width) || big_endian_uint32(height) || RGB_pixel_bytes_row_major)
180,180,data/raw_images/normal/180.png,180.png,180.png,exact_post_preprocessing_match,exact_post_preprocessing_match,ILSVRC/imagenet-1k,49e2ee26f3810fb5a7536bbf732a7b07389a47b5,train,true,42,10000,256,202,n02093428_18253_n02093428.JPEG,180,332,500,332,500,332,500,332,500,,false,false,,,,386162,3145728,6,false,false,60838a6730890d16074a5f8799705e669c9907bd34f619b4d49500c4ce91d180,d29f08082db98667ddb213cb9a58b3c4f96598bdc2537a0e2427c1e41edf073b,d29f08082db98667ddb213cb9a58b3c4f96598bdc2537a0e2427c1e41edf073b,d29f08082db98667ddb213cb9a58b3c4f96598bdc2537a0e2427c1e41edf073b,877658e86f33ae9e89b0f81db71a3677d39f68bd7dfcab15dda09cb75bbd209f,exact,4.4.2,12.3.0,3.11.15,sha256(big_endian_uint32(width) || big_endian_uint32(height) || RGB_pixel_bytes_row_major)
181,181,data/raw_images/normal/181.png,181.png,181.png,exact_post_preprocessing_match,exact_post_preprocessing_match,ILSVRC/imagenet-1k,49e2ee26f3810fb5a7536bbf732a7b07389a47b5,train,true,42,10000,256,203,n02128757_2636_n02128757.JPEG,289,500,426,500,426,500,426,500,426,,false,false,,,,493808,3145728,6,false,true,d845b59e6f7dc1ce6b920b9b9274d83b8b35248b6601e08d5c58d9d8d47b9ffd,3bcb22151d518a50984988a7e7ac4f4acf509ebf313acb4cd575776be47e8dda,3bcb22151d518a50984988a7e7ac4f4acf509ebf313acb4cd575776be47e8dda,3bcb22151d518a50984988a7e7ac4f4acf509ebf313acb4cd575776be47e8dda,7fbce85133325ec6c57afa8e47bb68e54d02282af4c031526c4672abd91a1a06,exact,4.4.2,12.3.0,3.11.15,sha256(big_endian_uint32(width) || big_endian_uint32(height) || RGB_pixel_bytes_row_major)
182,182,data/raw_images/normal/182.png,182.png,182.png,exact_post_preprocessing_match,exact_post_preprocessing_match,ILSVRC/imagenet-1k,49e2ee26f3810fb5a7536bbf732a7b07389a47b5,train,true,42,10000,256,204,n01534433_14065_n01534433.JPEG,13,500,433,500,433,500,433,500,433,,false,false,,,,406872,3145728,6,false,true,825440853facc6d6dbebc3665b394602dc49a37290f37aec4c7f5e4c3330f047,b3836ca510384d2f324804f900b3d56cde576209d065a3fcae65400dc7557bf5,b3836ca510384d2f324804f900b3d56cde576209d065a3fcae65400dc7557bf5,b3836ca510384d2f324804f900b3d56cde576209d065a3fcae65400dc7557bf5,57694f77bb5459f9b0673acc3b4c9635e22f05b80e8c589e01ce93f6b05456ad,exact,4.4.2,12.3.0,3.11.15,sha256(big_endian_uint32(width) || big_endian_uint32(height) || RGB_pixel_bytes_row_major)
183,183,data/raw_images/normal/183.png,183.png,183.png,exact_post_preprocessing_match,exact_post_preprocessing_match,ILSVRC/imagenet-1k,49e2ee26f3810fb5a7536bbf732a7b07389a47b5,train,true,42,10000,256,206,n03733131_14126_n03733131.JPEG,645,500,334,500,334,500,334,500,334,,false,false,,,,366052,3145728,6,false,false,b5b0a9ef4a8e67d18b7045bc6ea5329e454dd8492dea61499937d1cd7b1a03da,1754c6d5558ef37d9477be6b19f32a0cadd156047ade349fa17d62de22322c84,1754c6d5558ef37d9477be6b19f32a0cadd156047ade349fa17d62de22322c84,1754c6d5558ef37d9477be6b19f32a0cadd156047ade349fa17d62de22322c84,0f30e427f89b0977938ad47d3fd2cb90c0a42ed3c3cd1552edc0003321607c15,exact,4.4.2,12.3.0,3.11.15,sha256(big_endian_uint32(width) || big_endian_uint32(height) || RGB_pixel_bytes_row_major)
184,184,data/raw_images/normal/184.png,184.png,184.png,exact_post_preprocessing_match,exact_post_preprocessing_match,ILSVRC/imagenet-1k,49e2ee26f3810fb5a7536bbf732a7b07389a47b5,train,true,42,10000,256,207,n04118538_3610_n04118538.JPEG,768,500,357,500,357,500,357,500,357,,false,false,,,,369374,3145728,6,false,true,8549cdcfc0f05564b6a8b828aaf16b9f45a034b06a9ec86a68a4b39ec38b9700,fc068b0f615cde15f88ae764811043271e364fef289fcdfca33a9fc46ec5385c,fc068b0f615cde15f88ae764811043271e364fef289fcdfca33a9fc46ec5385c,fc068b0f615cde15f88ae764811043271e364fef289fcdfca33a9fc46ec5385c,1c88335087218a4b578ab844fd5a10a6d1db00f22fcc06385b615e90cc92a4e5,exact,4.4.2,12.3.0,3.11.15,sha256(big_endian_uint32(width) || big_endian_uint32(height) || RGB_pixel_bytes_row_major)
185,185,data/raw_images/normal/185.png,185.png,185.png,exact_post_preprocessing_match,exact_post_preprocessing_match,ILSVRC/imagenet-1k,49e2ee26f3810fb5a7536bbf732a7b07389a47b5,train,true,42,10000,256,208,n03657121_2919_n03657121.JPEG,622,500,333,500,333,500,333,500,333,,false,false,,,,152412,3145728,6,false,false,38374ffae5a6b549ce5952e2f3061af85dea44c4390e1ac740bc0c1bc153c538,775a65fa4c42fd50d947027a86fd4eb791cb23dd59a435f8b77e18e7cb17de53,775a65fa4c42fd50d947027a86fd4eb791cb23dd59a435f8b77e18e7cb17de53,775a65fa4c42fd50d947027a86fd4eb791cb23dd59a435f8b77e18e7cb17de53,e0a3d2be77597b67dea4d6bb52167f3dab6dad1817cfd42c44a6437ec7e4d4b2,exact,4.4.2,12.3.0,3.11.15,sha256(big_endian_uint32(width) || big_endian_uint32(height) || RGB_pixel_bytes_row_major)
186,186,data/raw_images/normal/186.png,186.png,186.png,exact_post_preprocessing_match,exact_post_preprocessing_match,ILSVRC/imagenet-1k,49e2ee26f3810fb5a7536bbf732a7b07389a47b5,train,true,42,10000,256,209,n04461696_2731_n04461696.JPEG,864,500,374,500,374,500,374,500,374,,false,false,,,,409289,3145728,6,false,false,d97c56e99f8439f3010f4bdcad4c60200a05852cf5da352bf89841cc7e5f62f9,84866d696160052efbc6b83e34330d62c93983674ab5e37c33d8bd8bacbeb374,84866d696160052efbc6b83e34330d62c93983674ab5e37c33d8bd8bacbeb374,84866d696160052efbc6b83e34330d62c93983674ab5e37c33d8bd8bacbeb374,04fb610825107aa23c7ccbe3065e9c4e078e7e14f7fdd76e52988f388721279f,exact,4.4.2,12.3.0,3.11.15,sha256(big_endian_uint32(width) || big_endian_uint32(height) || RGB_pixel_bytes_row_major)
187,187,data/raw_images/normal/187.png,187.png,187.png,exact_post_preprocessing_match,exact_post_preprocessing_match,ILSVRC/imagenet-1k,49e2ee26f3810fb5a7536bbf732a7b07389a47b5,train,true,42,10000,256,210,n04265275_4270_n04265275.JPEG,811,500,375,500,375,500,375,500,375,,false,false,,,,255669,3145728,6,false,false,c8175aed5de37ce9dfcedb114d194d3dee1e58647dcb829348756eb180a1a3fb,b179d599bcd1dae0995dce8e7490731e54a3fbfe31acb602ca5ac8d5fee515ce,b179d599bcd1dae0995dce8e7490731e54a3fbfe31acb602ca5ac8d5fee515ce,b179d599bcd1dae0995dce8e7490731e54a3fbfe31acb602ca5ac8d5fee515ce,6bdf8a258128ae35a265195ed17d3ca850662d045f07d50f9bbdeea05a9f4e66,exact,4.4.2,12.3.0,3.11.15,sha256(big_endian_uint32(width) || big_endian_uint32(height) || RGB_pixel_bytes_row_major)
188,188,data/raw_images/normal/188.png,188.png,188.png,exact_post_preprocessing_match,exact_post_preprocessing_match,ILSVRC/imagenet-1k,49e2ee26f3810fb5a7536bbf732a7b07389a47b5,train,true,42,10000,256,211,n02110341_7607_n02110341.JPEG,251,547,774,547,774,547,774,547,774,1,false,false,,,,502635,3145728,6,false,true,2e18d3928c6701a0b781fdf9d5d7afafb58b5d5610817e9871a6c76dcc5a401c,bac66beef3dbee9464cd12f58275a6ca380387324ff72f803d6ea7419405bed3,bac66beef3dbee9464cd12f58275a6ca380387324ff72f803d6ea7419405bed3,bac66beef3dbee9464cd12f58275a6ca380387324ff72f803d6ea7419405bed3,932544f8be9d86c3bf03dfe925554cfc5913bfe66cd4ad25a650edd39fb00357,exact,4.4.2,12.3.0,3.11.15,sha256(big_endian_uint32(width) || big_endian_uint32(height) || RGB_pixel_bytes_row_major)
189,189,data/raw_images/normal/189.png,189.png,189.png,exact_post_preprocessing_match,exact_post_preprocessing_match,ILSVRC/imagenet-1k,49e2ee26f3810fb5a7536bbf732a7b07389a47b5,train,true,42,10000,256,212,n06596364_13831_n06596364.JPEG,917,800,600,800,600,800,600,800,600,,false,false,,,,723982,3145728,6,false,false,613578fcc5c3ad7fa8070e7fc5abc3c8601e5aa92f619d43f67d04746bcf62f3,81b6d69e3834d0efd060d34387e48eec2cb4d8f3409cd5353cecc2977b325ccd,81b6d69e3834d0efd060d34387e48eec2cb4d8f3409cd5353cecc2977b325ccd,81b6d69e3834d0efd060d34387e48eec2cb4d8f3409cd5353cecc2977b325ccd,6320a234d595748b800353cbfd88e6c8a5df27aa9edf6810452852c45162ee79,exact,4.4.2,12.3.0,3.11.15,sha256(big_endian_uint32(width) || big_endian_uint32(height) || RGB_pixel_bytes_row_major)
190,190,data/raw_images/normal/190.png,190.png,190.png,exact_post_preprocessing_match,exact_post_preprocessing_match,ILSVRC/imagenet-1k,49e2ee26f3810fb5a7536bbf732a7b07389a47b5,train,true,42,10000,256,213,n02963159_410_n02963159.JPEG,474,333,500,333,500,333,500,333,500,,false,false,,,,307231,3145728,6,false,true,ba9a100c6e92ca3467831c85fda9d5d90859f44cb77ce92d3293305d06051cb0,ab7e6cff1254c6e1efda0d66bd5946f3e610b07fc12b6de0aef86cd44d475add,ab7e6cff1254c6e1efda0d66bd5946f3e610b07fc12b6de0aef86cd44d475add,ab7e6cff1254c6e1efda0d66bd5946f3e610b07fc12b6de0aef86cd44d475add,ecd2c7efe2277ec57f02edda75e140f7b5db773f4a230d5c3467135915b505dd,exact,4.4.2,12.3.0,3.11.15,sha256(big_endian_uint32(width) || big_endian_uint32(height) || RGB_pixel_bytes_row_major)
191,191,data/raw_images/normal/191.png,191.png,191.png,exact_post_preprocessing_match,exact_post_preprocessing_match,ILSVRC/imagenet-1k,49e2ee26f3810fb5a7536bbf732a7b07389a47b5,train,true,42,10000,256,214,n01514668_21514_n01514668.JPEG,7,500,375,500,375,500,375,500,375,,false,false,,,,424457,3145728,6,false,false,1b2388f891ba62a7a639d22e14bd58a8f8b6989f7b1716e2c14db4ec64373949,7c6d11aaddfd4ae4beb2f41bb2295a2b6da582deafdaf6f1ba040a5c9d7ff4e8,7c6d11aaddfd4ae4beb2f41bb2295a2b6da582deafdaf6f1ba040a5c9d7ff4e8,7c6d11aaddfd4ae4beb2f41bb2295a2b6da582deafdaf6f1ba040a5c9d7ff4e8,35794d9f90121ceacf24e84c87716a6f6044578094ce813a7b7f19ed43cfae5e,exact,4.4.2,12.3.0,3.11.15,sha256(big_endian_uint32(width) || big_endian_uint32(height) || RGB_pixel_bytes_row_major)
192,192,data/raw_images/normal/192.png,192.png,192.png,exact_post_preprocessing_match,exact_post_preprocessing_match,ILSVRC/imagenet-1k,49e2ee26f3810fb5a7536bbf732a7b07389a47b5,train,true,42,10000,256,215,n11939491_10805_n11939491.JPEG,985,500,308,500,308,500,308,500,308,,false,false,,,,284808,3145728,6,false,false,29b7c7e8fcb905575baab0ee5b1264d2f987361e297d7352f26be84c23618c45,407da9059f83c6fe8561a1ed608ca1e9876aa1761a66b2a123b1fe387458cf2f,407da9059f83c6fe8561a1ed608ca1e9876aa1761a66b2a123b1fe387458cf2f,407da9059f83c6fe8561a1ed608ca1e9876aa1761a66b2a123b1fe387458cf2f,019e6a7a6de4b550f9a474a3f01911fa5bc72659ef320e545cbe0c5acf7e1021,exact,4.4.2,12.3.0,3.11.15,sha256(big_endian_uint32(width) || big_endian_uint32(height) || RGB_pixel_bytes_row_major)
193,193,data/raw_images/normal/193.png,193.png,193.png,exact_post_preprocessing_match,exact_post_preprocessing_match,ILSVRC/imagenet-1k,49e2ee26f3810fb5a7536bbf732a7b07389a47b5,train,true,42,10000,256,216,n02361337_5785_n02361337.JPEG,336,500,375,500,375,500,375,500,375,,false,false,,,,402189,3145728,6,false,false,096370e786e8d49942d5194ae2551054bfc52f094b14417e3912cd1d88d29fc8,300a63472623991cade29d735faec7b5bf2bfc0c23e7216d1bb80382ea9d47d7,300a63472623991cade29d735faec7b5bf2bfc0c23e7216d1bb80382ea9d47d7,300a63472623991cade29d735faec7b5bf2bfc0c23e7216d1bb80382ea9d47d7,dd44b1b2ba9a10bdac4fd87e35da8e0c6d42f8ca1233fcc13b64919a14ede051,exact,4.4.2,12.3.0,3.11.15,sha256(big_endian_uint32(width) || big_endian_uint32(height) || RGB_pixel_bytes_row_major)
194,194,data/raw_images/normal/194.png,194.png,194.png,exact_post_preprocessing_match,exact_post_preprocessing_match,ILSVRC/imagenet-1k,49e2ee26f3810fb5a7536bbf732a7b07389a47b5,train,true,42,10000,256,217,n04404412_5678_n04404412.JPEG,851,500,439,500,439,500,439,500,439,,false,false,,,,440081,3145728,6,false,false,d5e5d7eba3fcf7f2b4ac43a9d9e3f3337dbe9e2f84491625d48a3d855e2db2da,a7059298a684fa6c950e7d584457b842e29f00152eade5d538089f9985df8e90,a7059298a684fa6c950e7d584457b842e29f00152eade5d538089f9985df8e90,a7059298a684fa6c950e7d584457b842e29f00152eade5d538089f9985df8e90,9ba2dbf9d62c426dc512fc6f9316dbf18ef474143a34f1ae36b7198d6c6956c6,exact,4.4.2,12.3.0,3.11.15,sha256(big_endian_uint32(width) || big_endian_uint32(height) || RGB_pixel_bytes_row_major)
195,195,data/raw_images/normal/195.png,195.png,195.png,exact_post_preprocessing_match,exact_post_preprocessing_match,ILSVRC/imagenet-1k,49e2ee26f3810fb5a7536bbf732a7b07389a47b5,train,true,42,10000,256,218,n02398521_29021_n02398521.JPEG,344,500,333,500,333,500,333,500,333,,false,false,,,,347355,3145728,6,false,true,c857eab5450b4300906a2c19db0e53124230b84bc473b0de1e9aac1d831aa78a,0e9b5159613b743c8baabb3c5d8c8dddfbbd27b64d46400b75c3f5f9bc3fbdde,0e9b5159613b743c8baabb3c5d8c8dddfbbd27b64d46400b75c3f5f9bc3fbdde,0e9b5159613b743c8baabb3c5d8c8dddfbbd27b64d46400b75c3f5f9bc3fbdde,89a695a950e2208577fcca88f23bd598b6870086043580dd99b6b8fa8e50e56e,exact,4.4.2,12.3.0,3.11.15,sha256(big_endian_uint32(width) || big_endian_uint32(height) || RGB_pixel_bytes_row_major)
196,196,data/raw_images/normal/196.png,196.png,196.png,exact_post_preprocessing_match,exact_post_preprocessing_match,ILSVRC/imagenet-1k,49e2ee26f3810fb5a7536bbf732a7b07389a47b5,train,true,42,10000,256,219,n03721384_10338_n03721384.JPEG,642,500,375,500,375,500,375,500,375,,false,false,,,,335279,3145728,6,false,true,d071278696b824b1d7dd379d42b914f2fe7dfde43ecc85426d30ac62cfc00f1e,c376b74c3460ce9ffcf98d8210d06612025c6d9e071b6cfcb17de755ebbe9551,c376b74c3460ce9ffcf98d8210d06612025c6d9e071b6cfcb17de755ebbe9551,c376b74c3460ce9ffcf98d8210d06612025c6d9e071b6cfcb17de755ebbe9551,174c4e7e41bd4d395ef555b3e23257c22d7138b6834eefa92f8320ab2cac9a49,exact,4.4.2,12.3.0,3.11.15,sha256(big_endian_uint32(width) || big_endian_uint32(height) || RGB_pixel_bytes_row_major)
197,197,data/raw_images/normal/197.png,197.png,197.png,exact_post_preprocessing_match,exact_post_preprocessing_match,ILSVRC/imagenet-1k,49e2ee26f3810fb5a7536bbf732a7b07389a47b5,train,true,42,10000,256,220,n03425413_2889_n03425413.JPEG,571,600,800,600,800,600,800,600,800,1,false,false,,,,1126365,3145728,6,false,true,f6593d5d3d5e66b8a2624f6f56cda6b49fcad210dac4639c52ef437363750a66,053d4e9ad105575b3002676abd737d67991ea401ae214ec43e15aeb59f70619f,053d4e9ad105575b3002676abd737d67991ea401ae214ec43e15aeb59f70619f,053d4e9ad105575b3002676abd737d67991ea401ae214ec43e15aeb59f70619f,6d840a987dc78f0b96743642f958140344c765b5cbbd52f226c4db1b0d47694d,exact,4.4.2,12.3.0,3.11.15,sha256(big_endian_uint32(width) || big_endian_uint32(height) || RGB_pixel_bytes_row_major)
198,198,data/raw_images/normal/198.png,198.png,198.png,exact_post_preprocessing_match,exact_post_preprocessing_match,ILSVRC/imagenet-1k,49e2ee26f3810fb5a7536bbf732a7b07389a47b5,train,true,42,10000,256,222,n07768694_9945_n07768694.JPEG,957,500,500,500,500,500,500,500,500,,false,false,,,,435688,3145728,6,false,false,1607d900973de883684a14dc890e7e7643e70c7acb5b302249fbaa315636cc37,bae958080da07c22e41226d6c514888c0cb45c8e41fa99710000cdae0d7be740,bae958080da07c22e41226d6c514888c0cb45c8e41fa99710000cdae0d7be740,bae958080da07c22e41226d6c514888c0cb45c8e41fa99710000cdae0d7be740,5b0f9527b6fb1d1a66e235df7985b9a57422c06cb37ba3fc1f509aa31d4826a5,exact,4.4.2,12.3.0,3.11.15,sha256(big_endian_uint32(width) || big_endian_uint32(height) || RGB_pixel_bytes_row_major)
199,199,data/raw_images/normal/199.png,199.png,199.png,exact_post_preprocessing_match,exact_post_preprocessing_match,ILSVRC/imagenet-1k,49e2ee26f3810fb5a7536bbf732a7b07389a47b5,train,true,42,10000,256,223,n04404412_12406_n04404412.JPEG,851,500,333,500,333,500,333,500,333,,false,false,,,,202740,3145728,6,false,true,e311620769a811cc67415d5432cb45896ea9fa5f236be82c966a63b972e816f0,c97ca57de203e9c75f19d2502c05ec304fdc610a66fd579d46c7fe3fe2988ef2,c97ca57de203e9c75f19d2502c05ec304fdc610a66fd579d46c7fe3fe2988ef2,c97ca57de203e9c75f19d2502c05ec304fdc610a66fd579d46c7fe3fe2988ef2,b1da14c5a47fe16c638eba16e720c27922a4578e29a03122136335e135b3bdd0,exact,4.4.2,12.3.0,3.11.15,sha256(big_endian_uint32(width) || big_endian_uint32(height) || RGB_pixel_bytes_row_major)
200,200,data/raw_images/normal/200.png,200.png,200.png,exact_post_preprocessing_match,exact_post_preprocessing_match,ILSVRC/imagenet-1k,49e2ee26f3810fb5a7536bbf732a7b07389a47b5,train,true,42,10000,256,224,n07715103_2474_n07715103.JPEG,938,500,375,500,375,500,375,500,375,,false,false,,,,373763,3145728,6,false,false,d61e3959ec50a020fc9190f192216049537296e0acaa13458f9d7aa5a75faab7,a71522859f3d8ec8db01440346fc48342e2ffbba03600e44f3c565acf6b8ac07,a71522859f3d8ec8db01440346fc48342e2ffbba03600e44f3c565acf6b8ac07,a71522859f3d8ec8db01440346fc48342e2ffbba03600e44f3c565acf6b8ac07,5299549e324ee01c53b8f9247d3c56e508d190badb079a8b8935aede9ae078ab,exact,4.4.2,12.3.0,3.11.15,sha256(big_endian_uint32(width) || big_endian_uint32(height) || RGB_pixel_bytes_row_major)
201,201,data/raw_images/normal/201.png,201.png,201.png,exact_post_preprocessing_match,exact_post_preprocessing_match,ILSVRC/imagenet-1k,49e2ee26f3810fb5a7536bbf732a7b07389a47b5,train,true,42,10000,256,225,n04251144_17031_n04251144.JPEG,801,357,500,357,500,357,500,357,500,,false,false,,,,276527,3145728,6,false,false,56c3317d6d7f784906636ce45278a72a354c39a309ee63b86feada8c4ba6e594,b30f4df263d553639d19db587cd1891e6c8cc317ce4bdc5b198af479fa981d33,b30f4df263d553639d19db587cd1891e6c8cc317ce4bdc5b198af479fa981d33,b30f4df263d553639d19db587cd1891e6c8cc317ce4bdc5b198af479fa981d33,3297305a73e5cc1d5c5d9646a01f771d77bf4cba8dcecf38c056ecc18f3f08c9,exact,4.4.2,12.3.0,3.11.15,sha256(big_endian_uint32(width) || big_endian_uint32(height) || RGB_pixel_bytes_row_major)
202,202,data/raw_images/normal/202.png,202.png,202.png,exact_post_preprocessing_match,exact_post_preprocessing_match,ILSVRC/imagenet-1k,49e2ee26f3810fb5a7536bbf732a7b07389a47b5,train,true,42,10000,256,226,n03063599_4178_n03063599.JPEG,504,500,375,500,375,500,375,500,375,,false,false,,,,297457,3145728,6,false,false,92766bfe1cdec10759dc98a70564d8f5a660305a145e306e1b0057f787394bcf,0db3fac327c8598e8a67b076672b2d6c8c591fa0cdb81096efe77f68663e1ad9,0db3fac327c8598e8a67b076672b2d6c8c591fa0cdb81096efe77f68663e1ad9,0db3fac327c8598e8a67b076672b2d6c8c591fa0cdb81096efe77f68663e1ad9,40806ee0c541f07638a06f68ef506cabdcb163529290d28a6e9a6ff5dd09646d,exact,4.4.2,12.3.0,3.11.15,sha256(big_endian_uint32(width) || big_endian_uint32(height) || RGB_pixel_bytes_row_major)
203,203,data/raw_images/normal/203.png,203.png,203.png,exact_post_preprocessing_match,exact_post_preprocessing_match,ILSVRC/imagenet-1k,49e2ee26f3810fb5a7536bbf732a7b07389a47b5,train,true,42,10000,256,227,n01729322_4824_n01729322.JPEG,54,500,333,500,333,500,333,500,333,,false,false,,,,365735,3145728,6,false,true,fec300602271ecda2b32d41cb107284510804f97b883432d7a5bff2e5f0d510b,981ede29c17a795b2f383b77bba67122e3c25f97664959c45c8a96337cb99fd5,981ede29c17a795b2f383b77bba67122e3c25f97664959c45c8a96337cb99fd5,981ede29c17a795b2f383b77bba67122e3c25f97664959c45c8a96337cb99fd5,742a973c46e551150b89604ccdb3de10504ce08b308d6061f72e1c1319d23c9e,exact,4.4.2,12.3.0,3.11.15,sha256(big_endian_uint32(width) || big_endian_uint32(height) || RGB_pixel_bytes_row_major)
204,204,data/raw_images/normal/204.png,204.png,204.png,exact_post_preprocessing_match,exact_post_preprocessing_match,ILSVRC/imagenet-1k,49e2ee26f3810fb5a7536bbf732a7b07389a47b5,train,true,42,10000,256,228,n02268853_15452_n02268853.JPEG,320,500,375,500,375,500,375,500,375,,false,false,,,,249197,3145728,6,false,true,e163aa1f83ad3dc2b7d91c9d814f5ab3a69a8370cb1ee148870303a41ce11b04,f6b54869af400232f5da56ff27319c76acf4e0317af9e3724508236177e9ed2a,f6b54869af400232f5da56ff27319c76acf4e0317af9e3724508236177e9ed2a,f6b54869af400232f5da56ff27319c76acf4e0317af9e3724508236177e9ed2a,5bb42d5f5de2fea57cdc6669f65b822fae7067154dc65d470642ed970d9ced81,exact,4.4.2,12.3.0,3.11.15,sha256(big_endian_uint32(width) || big_endian_uint32(height) || RGB_pixel_bytes_row_major)
205,205,data/raw_images/normal/205.png,205.png,205.png,exact_post_preprocessing_match,exact_post_preprocessing_match,ILSVRC/imagenet-1k,49e2ee26f3810fb5a7536bbf732a7b07389a47b5,train,true,42,10000,256,229,n02319095_7025_n02319095.JPEG,328,500,330,500,330,500,330,500,330,,false,false,,,,235319,3145728,6,false,false,afd6e53aff201455b9fadbbea9bbb3c622bc2649069e76c7f2d1521e402a0cb7,9a53d9074fbeb77d8667458bb376c794ed50165df87df7369f4fd2eec6c25628,9a53d9074fbeb77d8667458bb376c794ed50165df87df7369f4fd2eec6c25628,9a53d9074fbeb77d8667458bb376c794ed50165df87df7369f4fd2eec6c25628,24c6e275a9a04dbf75f41ec8f85693660e92749a1501aa2dfccb2d5cbe3799ca,exact,4.4.2,12.3.0,3.11.15,sha256(big_endian_uint32(width) || big_endian_uint32(height) || RGB_pixel_bytes_row_major)
206,206,data/raw_images/normal/206.png,206.png,206.png,exact_post_preprocessing_match,exact_post_preprocessing_match,ILSVRC/imagenet-1k,49e2ee26f3810fb5a7536bbf732a7b07389a47b5,train,true,42,10000,256,230,n03787032_9164_n03787032.JPEG,667,333,500,333,500,333,500,333,500,,false,false,,,,221008,3145728,6,false,true,1bf2862f8ad48c357a7162c6f3e93303ba298a27bf2b27bac3f4e296687e846e,2dfa466c48e7b17bf710008ad6976fdf7454b1d634c408eb81356bacbe82fee8,2dfa466c48e7b17bf710008ad6976fdf7454b1d634c408eb81356bacbe82fee8,2dfa466c48e7b17bf710008ad6976fdf7454b1d634c408eb81356bacbe82fee8,b2a7726bd07b5120b150d7f24595022710f826ffd69cfaa512bdf7c1185a526a,exact,4.4.2,12.3.0,3.11.15,sha256(big_endian_uint32(width) || big_endian_uint32(height) || RGB_pixel_bytes_row_major)
207,207,data/raw_images/normal/207.png,207.png,207.png,exact_post_preprocessing_match,exact_post_preprocessing_match,ILSVRC/imagenet-1k,49e2ee26f3810fb5a7536bbf732a7b07389a47b5,train,true,42,10000,256,231,n03970156_29862_n03970156.JPEG,731,332,500,332,500,332,500,332,500,,false,false,,,,199963,3145728,6,false,true,a51e20870f0df0592fb88ddf3da956b60118dc05abe63c9565af0ab652c1ec22,919a3fd6e2cbfa4a88810c341cec0880a11abce935169d6077ee29fa872c206d,919a3fd6e2cbfa4a88810c341cec0880a11abce935169d6077ee29fa872c206d,919a3fd6e2cbfa4a88810c341cec0880a11abce935169d6077ee29fa872c206d,900dd65879fd181dc973cebb9d3210c677c1109a0da55fb6f3313b60e7643b92,exact,4.4.2,12.3.0,3.11.15,sha256(big_endian_uint32(width) || big_endian_uint32(height) || RGB_pixel_bytes_row_major)
208,208,data/raw_images/normal/208.png,208.png,208.png,exact_post_preprocessing_match,exact_post_preprocessing_match,ILSVRC/imagenet-1k,49e2ee26f3810fb5a7536bbf732a7b07389a47b5,train,true,42,10000,256,232,n03347037_31001_n03347037.JPEG,556,640,480,640,480,640,480,640,480,,false,false,,,,372004,3145728,6,false,false,34849939588636bf9085ceb61c21e20f5e785ef75070382021050283c9ea9c2a,f0677d3ca261ee4ed2ad431f0c4410f6e06fce5ed515036a4f7e04b255c83ce1,f0677d3ca261ee4ed2ad431f0c4410f6e06fce5ed515036a4f7e04b255c83ce1,f0677d3ca261ee4ed2ad431f0c4410f6e06fce5ed515036a4f7e04b255c83ce1,01556e299d4e7095fcdfbef1d774073e9ecba9ccb005f0877cc2d2dc3414c83d,exact,4.4.2,12.3.0,3.11.15,sha256(big_endian_uint32(width) || big_endian_uint32(height) || RGB_pixel_bytes_row_major)
209,209,data/raw_images/normal/209.png,209.png,209.png,exact_post_preprocessing_match,exact_post_preprocessing_match,ILSVRC/imagenet-1k,49e2ee26f3810fb5a7536bbf732a7b07389a47b5,train,true,42,10000,256,234,n04317175_9050_n04317175.JPEG,823,500,327,500,327,500,327,500,327,,false,false,,,,311266,3145728,6,false,true,382b0ef0b74f9e05719882f3548c14f5482d74dc5bc36f3c0441c0dd7cfe10f5,7d433a25d9f5f2b4e4259585132c9bbe2b29a1ecaed3a7383d186250f8805122,7d433a25d9f5f2b4e4259585132c9bbe2b29a1ecaed3a7383d186250f8805122,7d433a25d9f5f2b4e4259585132c9bbe2b29a1ecaed3a7383d186250f8805122,6d0f1d4a1e0661b945e10e032b66df15b96510fa5023a169b464a73166b670df,exact,4.4.2,12.3.0,3.11.15,sha256(big_endian_uint32(width) || big_endian_uint32(height) || RGB_pixel_bytes_row_major)
210,210,data/raw_images/normal/210.png,210.png,210.png,exact_post_preprocessing_match,exact_post_preprocessing_match,ILSVRC/imagenet-1k,49e2ee26f3810fb5a7536bbf732a7b07389a47b5,train,true,42,10000,256,235,n04141327_12019_n04141327.JPEG,777,333,500,333,500,333,500,333,500,,false,false,,,,346812,3145728,6,false,true,a3b0349120dc3e768bdf83cce566db6a53e061d10d3d4c0b0abcec3ab07519d3,ba957c1538552e1799e9f16308e65c0ad3ab14e91b89dba490f303648d3cba43,ba957c1538552e1799e9f16308e65c0ad3ab14e91b89dba490f303648d3cba43,ba957c1538552e1799e9f16308e65c0ad3ab14e91b89dba490f303648d3cba43,6c8fb552f12aef3ed4a11615a64eaefce618b90284d0c789e32b7bd890d0bf06,exact,4.4.2,12.3.0,3.11.15,sha256(big_endian_uint32(width) || big_endian_uint32(height) || RGB_pixel_bytes_row_major)
211,211,data/raw_images/normal/211.png,211.png,211.png,exact_post_preprocessing_match,exact_post_preprocessing_match,ILSVRC/imagenet-1k,49e2ee26f3810fb5a7536bbf732a7b07389a47b5,train,true,42,10000,256,237,n07714571_14779_n07714571.JPEG,936,380,270,380,270,380,270,380,270,,false,false,,,,222938,3145728,6,false,true,ce2f99b587a29de5af3672974ae32c115035c7be02d7e228311a6bee1d9c3b89,1c6794c1171de4b200cb938a0ea896d0a968cf1a4e15d485ac73e6d154fb7477,1c6794c1171de4b200cb938a0ea896d0a968cf1a4e15d485ac73e6d154fb7477,1c6794c1171de4b200cb938a0ea896d0a968cf1a4e15d485ac73e6d154fb7477,c705100440c9d378a2c7b77ac09f717aa349aac756e5064f387e1ec302eec421,exact,4.4.2,12.3.0,3.11.15,sha256(big_endian_uint32(width) || big_endian_uint32(height) || RGB_pixel_bytes_row_major)
212,212,data/raw_images/normal/212.png,212.png,212.png,exact_post_preprocessing_match,exact_post_preprocessing_match,ILSVRC/imagenet-1k,49e2ee26f3810fb5a7536bbf732a7b07389a47b5,train,true,42,10000,256,238,n02174001_6455_n02174001.JPEG,306,500,334,500,334,500,334,500,334,,false,false,,,,382399,3145728,6,false,true,ab17c0b9763a1738f887e1d58d603db075099c7d64c59ee690d4784242eccffd,1b7e8b3acc404a9338e1584f86dbc4d2b157355eefef70710ab9b0d419e51aae,1b7e8b3acc404a9338e1584f86dbc4d2b157355eefef70710ab9b0d419e51aae,1b7e8b3acc404a9338e1584f86dbc4d2b157355eefef70710ab9b0d419e51aae,475f9aa78eb763d3919bf7f840d8689b124bb3cd35932e37c3406000e525903b,exact,4.4.2,12.3.0,3.11.15,sha256(big_endian_uint32(width) || big_endian_uint32(height) || RGB_pixel_bytes_row_major)
213,213,data/raw_images/normal/213.png,213.png,213.png,exact_post_preprocessing_match,exact_post_preprocessing_match,ILSVRC/imagenet-1k,49e2ee26f3810fb5a7536bbf732a7b07389a47b5,train,true,42,10000,256,239,n02980441_2540_n02980441.JPEG,483,333,500,333,500,333,500,333,500,,false,false,,,,399389,3145728,6,false,false,edf02813773e232a5c0b9601195fb3397951e05ac162400f9d85df1d4d947167,636c82da2bd37fd8389617ee22c94176f048c026ec80051f877ebfeacb90c721,636c82da2bd37fd8389617ee22c94176f048c026ec80051f877ebfeacb90c721,636c82da2bd37fd8389617ee22c94176f048c026ec80051f877ebfeacb90c721,846df8d6965aacd8cdb96331b8b76518623d15fae9f24b02c6018b3b0774a76e,exact,4.4.2,12.3.0,3.11.15,sha256(big_endian_uint32(width) || big_endian_uint32(height) || RGB_pixel_bytes_row_major)
214,214,data/raw_images/normal/214.png,214.png,214.png,exact_post_preprocessing_match,exact_post_preprocessing_match,ILSVRC/imagenet-1k,49e2ee26f3810fb5a7536bbf732a7b07389a47b5,train,true,42,10000,256,240,n04127249_32869_n04127249.JPEG,772,500,342,500,342,500,342,500,342,,false,false,,,,330312,3145728,6,false,true,34a9bb12141bd74ed7375a01b522653a03a92b5febaa08b21b8c006c66f522e9,fc52cd684b36254bcb29345028c8ff9bb5c1aaee751d23a205f7d889a4c3241c,fc52cd684b36254bcb29345028c8ff9bb5c1aaee751d23a205f7d889a4c3241c,fc52cd684b36254bcb29345028c8ff9bb5c1aaee751d23a205f7d889a4c3241c,b481e236744f9933d16ae30ce37da0693f1b97e16f1e8c05bc51580231d045d0,exact,4.4.2,12.3.0,3.11.15,sha256(big_endian_uint32(width) || big_endian_uint32(height) || RGB_pixel_bytes_row_major)
215,215,data/raw_images/normal/215.png,215.png,215.png,exact_post_preprocessing_match,exact_post_preprocessing_match,ILSVRC/imagenet-1k,49e2ee26f3810fb5a7536bbf732a7b07389a47b5,train,true,42,10000,256,241,n02058221_41792_n02058221.JPEG,146,500,375,500,375,500,375,500,375,,false,false,,,,498919,3145728,6,false,true,02b01e2fe0e77d09b1aa8e99c4068723165820052271811b7d9c7a7f1dfe4819,5f4a846b7eb9a216e1a6536772df5f8b73ff9af0c036e079d6936ef94eb06e15,5f4a846b7eb9a216e1a6536772df5f8b73ff9af0c036e079d6936ef94eb06e15,5f4a846b7eb9a216e1a6536772df5f8b73ff9af0c036e079d6936ef94eb06e15,cb180e65da5748245ae262b557fbd77298458ba1005f932d6c69497708715d25,exact,4.4.2,12.3.0,3.11.15,sha256(big_endian_uint32(width) || big_endian_uint32(height) || RGB_pixel_bytes_row_major)
216,216,data/raw_images/normal/216.png,216.png,216.png,exact_post_preprocessing_match,exact_post_preprocessing_match,ILSVRC/imagenet-1k,49e2ee26f3810fb5a7536bbf732a7b07389a47b5,train,true,42,10000,256,242,n01735189_14334_n01735189.JPEG,57,500,333,500,333,500,333,500,333,,false,false,,,,371827,3145728,6,false,true,7bee44c19e63eccf1a4e5f2f9224e8e190fb57b3cd144b80aab77988dc2c28fc,dc1764b6b0ade7e9c137adbffe1c342721ce8ce910e2304d3872f57a94852c4c,dc1764b6b0ade7e9c137adbffe1c342721ce8ce910e2304d3872f57a94852c4c,dc1764b6b0ade7e9c137adbffe1c342721ce8ce910e2304d3872f57a94852c4c,62d116bbb81be15358eb43cfd37a958ec848f5b37a461524c48fe59ee1c4dae9,exact,4.4.2,12.3.0,3.11.15,sha256(big_endian_uint32(width) || big_endian_uint32(height) || RGB_pixel_bytes_row_major)
217,217,data/raw_images/normal/217.png,217.png,217.png,exact_post_preprocessing_match,exact_post_preprocessing_match,ILSVRC/imagenet-1k,49e2ee26f3810fb5a7536bbf732a7b07389a47b5,train,true,42,10000,256,243,n03729826_21083_n03729826.JPEG,644,450,320,450,320,450,320,450,320,,false,false,,,,84457,3145728,6,false,false,dd134e5cd17502452294827485ede73e92ddd49d85daefb3c8be9b076cb0fee1,264dfcb42ac275a1bd418042e19441faf7bcca4cd30de5505a7a6f151f4b3b00,264dfcb42ac275a1bd418042e19441faf7bcca4cd30de5505a7a6f151f4b3b00,264dfcb42ac275a1bd418042e19441faf7bcca4cd30de5505a7a6f151f4b3b00,00ab11768217e9c89da26b75e402097e5759fc2c85f6aecc935f1d5271dfa48a,exact,4.4.2,12.3.0,3.11.15,sha256(big_endian_uint32(width) || big_endian_uint32(height) || RGB_pixel_bytes_row_major)
218,218,data/raw_images/normal/218.png,218.png,218.png,exact_post_preprocessing_match,exact_post_preprocessing_match,ILSVRC/imagenet-1k,49e2ee26f3810fb5a7536bbf732a7b07389a47b5,train,true,42,10000,256,244,n02099712_1374_n02099712.JPEG,208,500,375,500,375,500,375,500,375,,false,false,,,,401959,3145728,6,false,false,543a523f831de13cc4490977d609ec9d8d1a3ffbfa2fac37ff52c3a591f76d2a,d561a460c3271411d057c6ce52e8f236662937ce5c4ad22481f903d901d6ca08,d561a460c3271411d057c6ce52e8f236662937ce5c4ad22481f903d901d6ca08,d561a460c3271411d057c6ce52e8f236662937ce5c4ad22481f903d901d6ca08,4d7d1689495a37eaab405728655f7bbbf9a7ff04189b67c3be895c4363d4852f,exact,4.4.2,12.3.0,3.11.15,sha256(big_endian_uint32(width) || big_endian_uint32(height) || RGB_pixel_bytes_row_major)
219,219,data/raw_images/normal/219.png,219.png,219.png,exact_post_preprocessing_match,exact_post_preprocessing_match,ILSVRC/imagenet-1k,49e2ee26f3810fb5a7536bbf732a7b07389a47b5,train,true,42,10000,256,245,n02120079_825_n02120079.JPEG,279,500,375,500,375,500,375,500,375,,false,false,,,,387560,3145728,6,false,false,c015fcc80d308ff9d787f93fbc96ff250bd266bf8d6b43a48ecddd463cf7df85,19ae08ba044525827a224b962464671afdbbc9c1b17604ceea29f860203820aa,19ae08ba044525827a224b962464671afdbbc9c1b17604ceea29f860203820aa,19ae08ba044525827a224b962464671afdbbc9c1b17604ceea29f860203820aa,b739fe8a93bf484e4ce7277ffd60b3441afb2e5cbf17b194638bcbca493c780c,exact,4.4.2,12.3.0,3.11.15,sha256(big_endian_uint32(width) || big_endian_uint32(height) || RGB_pixel_bytes_row_major)
220,220,data/raw_images/normal/220.png,220.png,220.png,exact_post_preprocessing_match,exact_post_preprocessing_match,ILSVRC/imagenet-1k,49e2ee26f3810fb5a7536bbf732a7b07389a47b5,train,true,42,10000,256,246,n04428191_424_n04428191.JPEG,856,500,294,500,294,500,294,500,294,,false,false,,,,184513,3145728,6,false,false,6ed111b57e91cf91e4faab2b40f038b131a2dea6db94059013c7bd6b5761560b,f835b7b945ccc9989e696f53babbecb5ac042ee1b0fe2cdc6528a033afc444b9,f835b7b945ccc9989e696f53babbecb5ac042ee1b0fe2cdc6528a033afc444b9,f835b7b945ccc9989e696f53babbecb5ac042ee1b0fe2cdc6528a033afc444b9,a7b5fbb59d2567d1dcca0d9fae722314c69b862aa0a54cb6193dcc66e0e26445,exact,4.4.2,12.3.0,3.11.15,sha256(big_endian_uint32(width) || big_endian_uint32(height) || RGB_pixel_bytes_row_major)
221,221,data/raw_images/normal/221.png,221.png,221.png,exact_post_preprocessing_match,exact_post_preprocessing_match,ILSVRC/imagenet-1k,49e2ee26f3810fb5a7536bbf732a7b07389a47b5,train,true,42,10000,256,247,n09256479_13092_n09256479.JPEG,973,500,375,500,375,500,375,500,375,,false,false,,,,459004,3145728,6,false,false,3074522031bc01cd6b0f0493eba012578c0ef5180f1bbc0afedcab26074fe048,2567c2eb37d4a62b5abdd72a93d42105b5c5559d178bbe7b034c42709b43158c,2567c2eb37d4a62b5abdd72a93d42105b5c5559d178bbe7b034c42709b43158c,2567c2eb37d4a62b5abdd72a93d42105b5c5559d178bbe7b034c42709b43158c,af0fde4e6686f0cc940f59e839003550e6aac1059ba38614cb5cd2dc9f2fe2bb,exact,4.4.2,12.3.0,3.11.15,sha256(big_endian_uint32(width) || big_endian_uint32(height) || RGB_pixel_bytes_row_major)
222,222,data/raw_images/normal/222.png,222.png,222.png,exact_post_preprocessing_match,exact_post_preprocessing_match,ILSVRC/imagenet-1k,49e2ee26f3810fb5a7536bbf732a7b07389a47b5,train,true,42,10000,256,248,n04277352_11932_n04277352.JPEG,816,500,286,500,286,500,286,500,286,,false,false,,,,278370,3145728,6,false,false,efd1c9b29e3011887ae82d25d1cf838bb2b9197f0ca7cd477092bedd0597a4d0,2e35fb7177ce37f3d6fd34b60a930a1e3cce7e4a0295c1756f3c8d410b0568d9,2e35fb7177ce37f3d6fd34b60a930a1e3cce7e4a0295c1756f3c8d410b0568d9,2e35fb7177ce37f3d6fd34b60a930a1e3cce7e4a0295c1756f3c8d410b0568d9,2deeb5e852b66e969c2167fdfbd9105cbcc78e677858b52185609cede849aa02,exact,4.4.2,12.3.0,3.11.15,sha256(big_endian_uint32(width) || big_endian_uint32(height) || RGB_pixel_bytes_row_major)
223,223,data/raw_images/normal/223.png,223.png,223.png,exact_post_preprocessing_match,exact_post_preprocessing_match,ILSVRC/imagenet-1k,49e2ee26f3810fb5a7536bbf732a7b07389a47b5,train,true,42,10000,256,249,n02894605_39725_n02894605.JPEG,460,500,375,500,375,500,375,500,375,,false,false,,,,258737,3145728,6,false,true,5a32766e9a168af4844ee8711d77ff13f72b2b324d704aef9223bf9645e600ce,60095850f347184cd81fe2ac38407afd9380a42fcc48ebf87462a28916145bb5,60095850f347184cd81fe2ac38407afd9380a42fcc48ebf87462a28916145bb5,60095850f347184cd81fe2ac38407afd9380a42fcc48ebf87462a28916145bb5,d285b490be415db3e4fd1e450338b0a53076e3b60cbf3ee117b77efb926f7a7d,exact,4.4.2,12.3.0,3.11.15,sha256(big_endian_uint32(width) || big_endian_uint32(height) || RGB_pixel_bytes_row_major)
224,224,data/raw_images/normal/224.png,224.png,224.png,exact_post_preprocessing_match,exact_post_preprocessing_match,ILSVRC/imagenet-1k,49e2ee26f3810fb5a7536bbf732a7b07389a47b5,train,true,42,10000,256,250,n02165456_7013_n02165456.JPEG,301,400,500,400,500,400,500,400,500,,false,false,,,,243786,3145728,6,false,true,7a1b7aa5dde73e52a951b28728dbb7b130a7a77e7f7142c8c021f8e48dc62123,52552a6734b935e8304f74b92dbabc23eb81dd23704427ee4f8419951017895b,52552a6734b935e8304f74b92dbabc23eb81dd23704427ee4f8419951017895b,52552a6734b935e8304f74b92dbabc23eb81dd23704427ee4f8419951017895b,bb4702cad159b1589c4ac46f3f414970ef2cd1d43cdff88aa50d3f1e5c581936,exact,4.4.2,12.3.0,3.11.15,sha256(big_endian_uint32(width) || big_endian_uint32(height) || RGB_pixel_bytes_row_major)
225,225,data/raw_images/normal/225.png,225.png,225.png,exact_post_preprocessing_match,exact_post_preprocessing_match,ILSVRC/imagenet-1k,49e2ee26f3810fb5a7536bbf732a7b07389a47b5,train,true,42,10000,256,251,n02655020_1158_n02655020.JPEG,397,500,375,500,375,500,375,500,375,,false,false,,,,327278,3145728,6,false,false,206ce0dc2bdc83a0a968034147adbf57e351dc9f7972b4c86ae0b49b18a02b6b,177ea6f21d4646318406babbd071498e66c592af7afb3c059188cbe8e58e1037,177ea6f21d4646318406babbd071498e66c592af7afb3c059188cbe8e58e1037,177ea6f21d4646318406babbd071498e66c592af7afb3c059188cbe8e58e1037,1da1dd405d08783d97330ac2db73676a76ce0ee8d583fd0308a3405f154b934b,exact,4.4.2,12.3.0,3.11.15,sha256(big_endian_uint32(width) || big_endian_uint32(height) || RGB_pixel_bytes_row_major)
226,226,data/raw_images/normal/226.png,226.png,226.png,exact_post_preprocessing_match,exact_post_preprocessing_match,ILSVRC/imagenet-1k,49e2ee26f3810fb5a7536bbf732a7b07389a47b5,train,true,42,10000,256,252,n02099429_5968_n02099429.JPEG,206,500,359,500,359,500,359,500,359,,false,false,,,,330038,3145728,6,false,false,a4f9bab2c2fca459b188ef78a4e6259380d589cc84acc64f38269d74f70057a4,6c77d9332db3a9fe02b20ec66de0fde56fb85d6218155c78a22e9842818cd936,6c77d9332db3a9fe02b20ec66de0fde56fb85d6218155c78a22e9842818cd936,6c77d9332db3a9fe02b20ec66de0fde56fb85d6218155c78a22e9842818cd936,e8e082eea12b6e82a9cb1aca2c0e5669a9b901d3d0a0a065ad74d8d93785b9eb,exact,4.4.2,12.3.0,3.11.15,sha256(big_endian_uint32(width) || big_endian_uint32(height) || RGB_pixel_bytes_row_major)
227,227,data/raw_images/normal/227.png,227.png,227.png,exact_post_preprocessing_match,exact_post_preprocessing_match,ILSVRC/imagenet-1k,49e2ee26f3810fb5a7536bbf732a7b07389a47b5,train,true,42,10000,256,253,n01796340_9899_n01796340.JPEG,81,500,332,500,332,500,332,500,332,,false,false,,,,376563,3145728,6,false,false,a5f2d108ae57cd69997da60b41af1d88a80adbcf82b1943be80bd9518c886a6c,30efcc83e8f71ed6ae2e470b9f1f15fa90b04cc4531d096d78ab25329ac9dc52,30efcc83e8f71ed6ae2e470b9f1f15fa90b04cc4531d096d78ab25329ac9dc52,30efcc83e8f71ed6ae2e470b9f1f15fa90b04cc4531d096d78ab25329ac9dc52,fd6c160082bf669d1ce56448a34f248fc84fe661c80243bc428649ab92a3a93b,exact,4.4.2,12.3.0,3.11.15,sha256(big_endian_uint32(width) || big_endian_uint32(height) || RGB_pixel_bytes_row_major)
228,228,data/raw_images/normal/228.png,228.png,228.png,exact_post_preprocessing_match,exact_post_preprocessing_match,ILSVRC/imagenet-1k,49e2ee26f3810fb5a7536bbf732a7b07389a47b5,train,true,42,10000,256,254,n04404412_8875_n04404412.JPEG,851,309,400,309,400,309,400,309,400,,false,false,,,,184046,3145728,6,false,false,c8e5e64418f2cc14c74b3735ce1805389e92569638f6da5aead32a5f3c9f0a46,afd0d74c916a2313e4cc2bea28c78a3607eefd76ceb876ccb26f6fea85648ba3,afd0d74c916a2313e4cc2bea28c78a3607eefd76ceb876ccb26f6fea85648ba3,afd0d74c916a2313e4cc2bea28c78a3607eefd76ceb876ccb26f6fea85648ba3,02d01e11478f88350ac552de75dac2227095b81e257bcb1f08eb832364374296,exact,4.4.2,12.3.0,3.11.15,sha256(big_endian_uint32(width) || big_endian_uint32(height) || RGB_pixel_bytes_row_major)
229,229,data/raw_images/normal/229.png,image_0228.png,image_0228.png,exact_post_preprocessing_match,exact_post_preprocessing_match,ILSVRC/imagenet-1k,49e2ee26f3810fb5a7536bbf732a7b07389a47b5,train,true,42,10000,256,255,n02100735_3325_n02100735.JPEG,212,640,480,640,480,640,480,640,480,1,false,false,,,,574011,3145728,6,false,false,8308cd51c486e6e8e983a4dfe9353febe3f90235384a341290bc8fc6cba98ea8,b083ecef6d009de8cff313adb60f7f14cb6fc1a6ebfbbbb9f3ae6911139c6da7,b083ecef6d009de8cff313adb60f7f14cb6fc1a6ebfbbbb9f3ae6911139c6da7,b083ecef6d009de8cff313adb60f7f14cb6fc1a6ebfbbbb9f3ae6911139c6da7,649b60340d38dead8d7083ec3ea6d04c4d5fd553eba2ab777bb878839b6cde4d,exact,4.4.2,12.3.0,3.11.15,sha256(big_endian_uint32(width) || big_endian_uint32(height) || RGB_pixel_bytes_row_major)
230,230,data/raw_images/normal/230.png,229.png,229.png,exact_post_preprocessing_match,exact_post_preprocessing_match,ILSVRC/imagenet-1k,49e2ee26f3810fb5a7536bbf732a7b07389a47b5,train,true,42,10000,256,256,n03459775_15776_n03459775.JPEG,581,500,336,500,336,500,336,500,336,,false,false,,,,278243,3145728,6,false,false,87ce75ed7afbe8c190ceb85b95cd199a7430b3ff47c2abea22967512b03c8dbb,3f66263f4ace09f75247c8d1a0704cae7fbc556b63f2f694265fb5a8b425fd0d,3f66263f4ace09f75247c8d1a0704cae7fbc556b63f2f694265fb5a8b425fd0d,3f66263f4ace09f75247c8d1a0704cae7fbc556b63f2f694265fb5a8b425fd0d,e79e40e319c9b7552a958fa5e2b24b8394c0cbdff3fad8a4217afdcae8954195,exact,4.4.2,12.3.0,3.11.15,sha256(big_endian_uint32(width) || big_endian_uint32(height) || RGB_pixel_bytes_row_major)
231,231,data/raw_images/normal/231.png,230.png,230.png,exact_post_preprocessing_match,exact_post_preprocessing_match,ILSVRC/imagenet-1k,49e2ee26f3810fb5a7536bbf732a7b07389a47b5,train,true,42,10000,256,257,n01983481_10648_n01983481.JPEG,122,500,337,500,337,500,337,500,337,,false,false,,,,304357,3145728,6,false,false,5bbb31d28a55031eab20ffc22314c632b134d4d399ab5bacfd8f2096e416eb1a,23ca8bc2d97ecf84843dc5bc5ae946e7a819e53f5665b5d5ca50a943227de058,23ca8bc2d97ecf84843dc5bc5ae946e7a819e53f5665b5d5ca50a943227de058,23ca8bc2d97ecf84843dc5bc5ae946e7a819e53f5665b5d5ca50a943227de058,5fc902cf6ced1e5883b5fae987a25b3e7ecb2ba1c79cae36d1073dc89a6b720c,exact,4.4.2,12.3.0,3.11.15,sha256(big_endian_uint32(width) || big_endian_uint32(height) || RGB_pixel_bytes_row_major)
232,232,data/raw_images/normal/232.png,231.png,231.png,exact_post_preprocessing_match,exact_post_preprocessing_match,ILSVRC/imagenet-1k,49e2ee26f3810fb5a7536bbf732a7b07389a47b5,train,true,42,10000,256,259,n03124043_7839_n03124043.JPEG,514,375,500,375,500,375,500,375,500,,false,false,,,,332551,3145728,6,false,true,c301f7c635b0254155a26f577a0b224f49237e7cf27b116f52da7ae4533caed9,26f9a9b8961bcc2172244e37476cd5ffa02edb3367303a70e687d4ba805d0c68,26f9a9b8961bcc2172244e37476cd5ffa02edb3367303a70e687d4ba805d0c68,26f9a9b8961bcc2172244e37476cd5ffa02edb3367303a70e687d4ba805d0c68,f84654d2f1b9375a3f9920abf98174871d0f372be0ba95720468053b4762b1a0,exact,4.4.2,12.3.0,3.11.15,sha256(big_endian_uint32(width) || big_endian_uint32(height) || RGB_pixel_bytes_row_major)
233,233,data/raw_images/normal/233.png,232.png,232.png,exact_post_preprocessing_match,exact_post_preprocessing_match,ILSVRC/imagenet-1k,49e2ee26f3810fb5a7536bbf732a7b07389a47b5,train,true,42,10000,256,260,n01873310_6602_n01873310.JPEG,103,500,375,500,375,500,375,500,375,,false,false,,,,370408,3145728,6,false,false,a7c5bbc12590ef689599c3824a7a6f75121f9f05f4f37ca2021a2b13810eca92,ee8a30a10c4bf2d494870cdea371901bfda7590ce77b6166f061a35dbdb8efcb,ee8a30a10c4bf2d494870cdea371901bfda7590ce77b6166f061a35dbdb8efcb,ee8a30a10c4bf2d494870cdea371901bfda7590ce77b6166f061a35dbdb8efcb,0a8e8650e4c4c93febafaa5c0a8dca1085ab558a4c8a2dc50d5ae50dab313ea8,exact,4.4.2,12.3.0,3.11.15,sha256(big_endian_uint32(width) || big_endian_uint32(height) || RGB_pixel_bytes_row_major)
234,234,data/raw_images/normal/234.png,233.png,233.png,exact_post_preprocessing_match,exact_post_preprocessing_match,ILSVRC/imagenet-1k,49e2ee26f3810fb5a7536bbf732a7b07389a47b5,train,true,42,10000,256,261,n02643566_3351_n02643566.JPEG,396,500,375,500,375,500,375,500,375,,false,false,,,,434985,3145728,6,false,true,95b9d7fb9389ca9854b00aae8148ae802ffb50048241c56b6a641b608a621b72,d6ab688139c3b85f27a67b323352377db6c7830afcd8806f49f5878ef3c7a217,d6ab688139c3b85f27a67b323352377db6c7830afcd8806f49f5878ef3c7a217,d6ab688139c3b85f27a67b323352377db6c7830afcd8806f49f5878ef3c7a217,4c3e9802b01a183f7791705f79304c0be4e9d26569c985317068839f952a7f3d,exact,4.4.2,12.3.0,3.11.15,sha256(big_endian_uint32(width) || big_endian_uint32(height) || RGB_pixel_bytes_row_major)
235,235,data/raw_images/normal/235.png,234.png,234.png,exact_post_preprocessing_match,exact_post_preprocessing_match,ILSVRC/imagenet-1k,49e2ee26f3810fb5a7536bbf732a7b07389a47b5,train,true,42,10000,256,262,n01728920_12689_n01728920.JPEG,53,500,333,500,333,500,333,500,333,,false,false,,,,343329,3145728,6,false,false,9a9b7cabf36067f84868808b809de5a76f1db63d3dd1c5b71de279f644dbeb96,e3dbee875770f1f309c077a03e903b817275b0382195e2aabe945f9ea6c2c174,e3dbee875770f1f309c077a03e903b817275b0382195e2aabe945f9ea6c2c174,e3dbee875770f1f309c077a03e903b817275b0382195e2aabe945f9ea6c2c174,5948b06a955773cf49197f0a135d0523e15891d16ed340047cfb7b01f00aca9c,exact,4.4.2,12.3.0,3.11.15,sha256(big_endian_uint32(width) || big_endian_uint32(height) || RGB_pixel_bytes_row_major)
236,236,data/raw_images/normal/236.png,235.png,235.png,exact_post_preprocessing_match,exact_post_preprocessing_match,ILSVRC/imagenet-1k,49e2ee26f3810fb5a7536bbf732a7b07389a47b5,train,true,42,10000,256,263,n03047690_714_n03047690.JPEG,502,500,309,500,309,500,309,500,309,,false,false,,,,371811,3145728,6,false,false,f178f2fe4717e05f1498212b75d265711d0967ca5ba3324a6144dcad39e28a23,4118c66e404b8fde18497ea75623ef82b5cb4b94b32551990e2b7d12c71a45de,4118c66e404b8fde18497ea75623ef82b5cb4b94b32551990e2b7d12c71a45de,4118c66e404b8fde18497ea75623ef82b5cb4b94b32551990e2b7d12c71a45de,ce8422d9afcc539f5a84481622eb437b4c28538204e5e01e7c72101afb2dfbfd,exact,4.4.2,12.3.0,3.11.15,sha256(big_endian_uint32(width) || big_endian_uint32(height) || RGB_pixel_bytes_row_major)
237,237,data/raw_images/normal/237.png,236.png,236.png,exact_post_preprocessing_match,exact_post_preprocessing_match,ILSVRC/imagenet-1k,49e2ee26f3810fb5a7536bbf732a7b07389a47b5,train,true,42,10000,256,264,n02086646_7686_n02086646.JPEG,156,500,333,500,333,500,333,500,333,,false,false,,,,233032,3145728,6,false,false,82e39d70b74ca6861d007eb670e71a377920669a8563a3daa3091392720ccd55,308e825bdd6de6171b590731c40f734e6e6481a08ca8af7549cf50914b24f122,308e825bdd6de6171b590731c40f734e6e6481a08ca8af7549cf50914b24f122,308e825bdd6de6171b590731c40f734e6e6481a08ca8af7549cf50914b24f122,704dc4d6c2cf0c5cb1f99cd439c6beb590b44c73fcbfc743560a32be970cb256,exact,4.4.2,12.3.0,3.11.15,sha256(big_endian_uint32(width) || big_endian_uint32(height) || RGB_pixel_bytes_row_major)
238,238,data/raw_images/normal/238.png,237.png,237.png,exact_post_preprocessing_match,exact_post_preprocessing_match,ILSVRC/imagenet-1k,49e2ee26f3810fb5a7536bbf732a7b07389a47b5,train,true,42,10000,256,265,n01843383_2127_n01843383.JPEG,96,500,375,500,375,500,375,500,375,,false,false,,,,269171,3145728,6,false,true,28f9da35961e46fbfe50990e3ce5f9f858cea592d2506eba91467fdfb3db25b6,e9c19f9e6dd7d67ae2142a43c7288798c31bf8e65082b6f8094d5bba3a09c65f,e9c19f9e6dd7d67ae2142a43c7288798c31bf8e65082b6f8094d5bba3a09c65f,e9c19f9e6dd7d67ae2142a43c7288798c31bf8e65082b6f8094d5bba3a09c65f,f7f631c9c8addf5a68c27b353ed74aeaf8d52507155e95aee9adc486680f86fe,exact,4.4.2,12.3.0,3.11.15,sha256(big_endian_uint32(width) || big_endian_uint32(height) || RGB_pixel_bytes_row_major)
239,239,data/raw_images/normal/239.png,238.png,238.png,exact_post_preprocessing_match,exact_post_preprocessing_match,ILSVRC/imagenet-1k,49e2ee26f3810fb5a7536bbf732a7b07389a47b5,train,true,42,10000,256,266,n02094258_1782_n02094258.JPEG,186,330,330,330,330,330,330,330,330,,false,false,,,,193079,3145728,6,false,false,6bbdf9066eecb1273df9886345d8f691bc42670c5e589a3fda9d60d7d1c7ffbd,97f621f9a8106be192324977e91d2a99a03a1a9a905e3331f95862be1bb93612,97f621f9a8106be192324977e91d2a99a03a1a9a905e3331f95862be1bb93612,97f621f9a8106be192324977e91d2a99a03a1a9a905e3331f95862be1bb93612,a119112512f431690529b526377bb8b916aa92af142f80d0d09e8b427cc3c3cc,exact,4.4.2,12.3.0,3.11.15,sha256(big_endian_uint32(width) || big_endian_uint32(height) || RGB_pixel_bytes_row_major)
240,240,data/raw_images/normal/240.png,239.png,239.png,exact_post_preprocessing_match,exact_post_preprocessing_match,ILSVRC/imagenet-1k,49e2ee26f3810fb5a7536bbf732a7b07389a47b5,train,true,42,10000,256,267,n02483362_11249_n02483362.JPEG,368,375,500,375,500,375,500,375,500,,false,false,,,,457536,3145728,6,false,false,2f5fff9feba661531df0b8ec259537c470542b49d56a085782769aa97ddfce63,8d0aedec9eeb13ffae39c1b9586bed3092c09cbf09331392dc3bea3a7ad56ce3,8d0aedec9eeb13ffae39c1b9586bed3092c09cbf09331392dc3bea3a7ad56ce3,8d0aedec9eeb13ffae39c1b9586bed3092c09cbf09331392dc3bea3a7ad56ce3,2d9465c2110a7e5bc8360fb7b15c3f1b592c80fe776b116c52f68b963c43a0b2,exact,4.4.2,12.3.0,3.11.15,sha256(big_endian_uint32(width) || big_endian_uint32(height) || RGB_pixel_bytes_row_major)
241,241,data/raw_images/normal/241.png,240.png,240.png,exact_post_preprocessing_match,exact_post_preprocessing_match,ILSVRC/imagenet-1k,49e2ee26f3810fb5a7536bbf732a7b07389a47b5,train,true,42,10000,256,269,n02788148_12649_n02788148.JPEG,421,498,500,498,500,498,500,498,500,,false,false,,,,453090,3145728,6,false,true,e60227134bee6b08f7ae1790785742c4807cbc5079230cb3d66892bfc24060a3,bb7e73c19048a6d028ce9d2f36875627f3cf24d2bc2f7bcf517f01af17bbf9df,bb7e73c19048a6d028ce9d2f36875627f3cf24d2bc2f7bcf517f01af17bbf9df,bb7e73c19048a6d028ce9d2f36875627f3cf24d2bc2f7bcf517f01af17bbf9df,f42ed8f2c74f8136db07646e61c051c27219890ab0a7079650ece0ef5188d589,exact,4.4.2,12.3.0,3.11.15,sha256(big_endian_uint32(width) || big_endian_uint32(height) || RGB_pixel_bytes_row_major)
242,242,data/raw_images/normal/242.png,241.png,241.png,exact_post_preprocessing_match,exact_post_preprocessing_match,ILSVRC/imagenet-1k,49e2ee26f3810fb5a7536bbf732a7b07389a47b5,train,true,42,10000,256,270,n02708093_204_n02708093.JPEG,409,296,261,296,261,296,261,296,261,,false,false,,,,44042,3145728,6,false,false,068b49f89961e79857ad4bcc516ae75119fc3b16dee423d55b16e25a13299c75,423d540fbea3805856bf4c8297e2a70e7ac6e22fcdf752f6cf363d6d8a565053,423d540fbea3805856bf4c8297e2a70e7ac6e22fcdf752f6cf363d6d8a565053,423d540fbea3805856bf4c8297e2a70e7ac6e22fcdf752f6cf363d6d8a565053,8bd00785f665b3ab3883a2be3973e79a616476d8db2ca8f11cf6c8e225a1ac62,exact,4.4.2,12.3.0,3.11.15,sha256(big_endian_uint32(width) || big_endian_uint32(height) || RGB_pixel_bytes_row_major)
243,243,data/raw_images/normal/243.png,242.png,242.png,exact_post_preprocessing_match,exact_post_preprocessing_match,ILSVRC/imagenet-1k,49e2ee26f3810fb5a7536bbf732a7b07389a47b5,train,true,42,10000,256,271,n03775071_9979_n03775071.JPEG,658,375,500,375,500,375,500,375,500,,false,false,,,,406669,3145728,6,false,false,5cfcd6801d0e04e03130e56d06f1fcaabf3848855cbc00f261176f5451ccdded,05718bc5e39717513c894361786380ff738a41a0426552ed25eca6914a580245,05718bc5e39717513c894361786380ff738a41a0426552ed25eca6914a580245,05718bc5e39717513c894361786380ff738a41a0426552ed25eca6914a580245,5ddbf98e7d42bc6a4c97f0068ed5f426166a6abf7279fe776f2ab19e018a8b7d,exact,4.4.2,12.3.0,3.11.15,sha256(big_endian_uint32(width) || big_endian_uint32(height) || RGB_pixel_bytes_row_major)
244,244,data/raw_images/normal/244.png,243.png,243.png,exact_post_preprocessing_match,exact_post_preprocessing_match,ILSVRC/imagenet-1k,49e2ee26f3810fb5a7536bbf732a7b07389a47b5,train,true,42,10000,256,272,n02111500_6827_n02111500.JPEG,257,500,375,500,375,500,375,500,375,,false,false,,,,356560,3145728,6,false,false,badc18fbbced25b445fc15d74373669133089034f76941bb81357422f751cb36,988cd742d0b60641e1bf1d20ac3741cd04c67ab408136e96c9adcdb0e927ae1b,988cd742d0b60641e1bf1d20ac3741cd04c67ab408136e96c9adcdb0e927ae1b,988cd742d0b60641e1bf1d20ac3741cd04c67ab408136e96c9adcdb0e927ae1b,3b116d418da10e163b6323eb1c0a9b111c9dd0716fd20ff3745ac9596a65fa3f,exact,4.4.2,12.3.0,3.11.15,sha256(big_endian_uint32(width) || big_endian_uint32(height) || RGB_pixel_bytes_row_major)
245,245,data/raw_images/normal/245.png,244.png,244.png,exact_post_preprocessing_match,exact_post_preprocessing_match,ILSVRC/imagenet-1k,49e2ee26f3810fb5a7536bbf732a7b07389a47b5,train,true,42,10000,256,273,n02892201_30471_n02892201.JPEG,458,500,500,500,500,500,500,500,500,,false,false,,,,473207,3145728,6,false,false,e1520492757a963832c9693d6e2a92c4a478c32a92fd682d8ab06e33eb98b900,d3ad50fd7d4184545f4d611ec3a822e1e5940f0e0959bcafc1767fc60163aa3c,d3ad50fd7d4184545f4d611ec3a822e1e5940f0e0959bcafc1767fc60163aa3c,d3ad50fd7d4184545f4d611ec3a822e1e5940f0e0959bcafc1767fc60163aa3c,afb454aff3470de0b0bafa7446dc90471de180b85138d548d8d31c42cad67683,exact,4.4.2,12.3.0,3.11.15,sha256(big_endian_uint32(width) || big_endian_uint32(height) || RGB_pixel_bytes_row_major)
246,246,data/raw_images/normal/246.png,245.png,245.png,exact_post_preprocessing_match,exact_post_preprocessing_match,ILSVRC/imagenet-1k,49e2ee26f3810fb5a7536bbf732a7b07389a47b5,train,true,42,10000,256,274,n02116738_20452_n02116738.JPEG,275,500,375,500,375,500,375,500,375,,false,false,,,,456412,3145728,6,false,false,efa4230c7fc5b285cb420b2dd88c5849f30c34a02458be7709652e556ff0b96a,8d9b6b5feb0ce40d1935883da452dda21951a5a739eaadd312bd033a0382b3db,8d9b6b5feb0ce40d1935883da452dda21951a5a739eaadd312bd033a0382b3db,8d9b6b5feb0ce40d1935883da452dda21951a5a739eaadd312bd033a0382b3db,5ef23c6e596efba0fdd63c2e0782cf2d3a51666af2adab1c8ace9f2f33c06dc1,exact,4.4.2,12.3.0,3.11.15,sha256(big_endian_uint32(width) || big_endian_uint32(height) || RGB_pixel_bytes_row_major)
247,247,data/raw_images/normal/247.png,246.png,246.png,exact_post_preprocessing_match,exact_post_preprocessing_match,ILSVRC/imagenet-1k,49e2ee26f3810fb5a7536bbf732a7b07389a47b5,train,true,42,10000,256,275,n04523525_41806_n04523525.JPEG,884,500,334,500,334,500,334,500,334,,false,false,,,,351829,3145728,6,false,true,621f721813ac68fd82fa5a5eb27ed55c45483fe5450ce018d4b5e25fe3e1204d,0b58be9f847808f61e43d3db0538e55f525ef9ed4a5a9f124be4474d2c07af8b,0b58be9f847808f61e43d3db0538e55f525ef9ed4a5a9f124be4474d2c07af8b,0b58be9f847808f61e43d3db0538e55f525ef9ed4a5a9f124be4474d2c07af8b,7cb262ad968762ae0782dca4e08c588174718b580ff0da51a3cbd46c74f2b3ce,exact,4.4.2,12.3.0,3.11.15,sha256(big_endian_uint32(width) || big_endian_uint32(height) || RGB_pixel_bytes_row_major)
248,248,data/raw_images/normal/248.png,247.png,247.png,exact_post_preprocessing_match,exact_post_preprocessing_match,ILSVRC/imagenet-1k,49e2ee26f3810fb5a7536bbf732a7b07389a47b5,train,true,42,10000,256,276,n02791270_3786_n02791270.JPEG,424,375,500,375,500,375,500,375,500,,false,false,,,,377775,3145728,6,false,false,5af1d4de36fb939851bff827ccadf7fe0145b6313870d71427522377ea7e30f1,65918a8b2a8eb400709717ca7648161f544675ffcee98e802cbc4adc0b4c020b,65918a8b2a8eb400709717ca7648161f544675ffcee98e802cbc4adc0b4c020b,65918a8b2a8eb400709717ca7648161f544675ffcee98e802cbc4adc0b4c020b,d9e70cd170d4e17a9143041edbaa96b142db592ac32929204b74d95d3ddc096a,exact,4.4.2,12.3.0,3.11.15,sha256(big_endian_uint32(width) || big_endian_uint32(height) || RGB_pixel_bytes_row_major)
249,249,data/raw_images/normal/249.png,248.png,248.png,exact_post_preprocessing_match,exact_post_preprocessing_match,ILSVRC/imagenet-1k,49e2ee26f3810fb5a7536bbf732a7b07389a47b5,train,true,42,10000,256,277,n01614925_47570_n01614925.JPEG,22,334,500,334,500,334,500,334,500,,false,false,,,,298630,3145728,6,false,false,e5d2c7eddceb12fd61abead4697aec827063c64272b36b364553d49941d57058,de99feb49cd7b949f0b64a00f27bfa144ffb4e71f5ebde4c9c10134854a4b6ec,de99feb49cd7b949f0b64a00f27bfa144ffb4e71f5ebde4c9c10134854a4b6ec,de99feb49cd7b949f0b64a00f27bfa144ffb4e71f5ebde4c9c10134854a4b6ec,fb2c81c56e64209e6d4684a5cf411cca87f263444eaf7155cdfc9be1beaa4403,exact,4.4.2,12.3.0,3.11.15,sha256(big_endian_uint32(width) || big_endian_uint32(height) || RGB_pixel_bytes_row_major)
250,250,data/raw_images/normal/250.png,249.png,249.png,exact_post_preprocessing_match,exact_post_preprocessing_match,ILSVRC/imagenet-1k,49e2ee26f3810fb5a7536bbf732a7b07389a47b5,train,true,42,10000,256,278,n02098413_3578_n02098413.JPEG,204,500,375,500,375,500,375,500,375,,false,false,,,,334239,3145728,6,false,false,bd84352da3bdb5ea8a45e2585d1b7abb98ba7420259b65f75f1997d469283f72,5ecf1472b02136e250ddabc26e6720425f07335a1d7b4ce400d49b08bec6a1d8,5ecf1472b02136e250ddabc26e6720425f07335a1d7b4ce400d49b08bec6a1d8,5ecf1472b02136e250ddabc26e6720425f07335a1d7b4ce400d49b08bec6a1d8,6902e3e78ec88648a9e5296d734e17fa89862bf34f2332bd1c908c82ec9867f9,exact,4.4.2,12.3.0,3.11.15,sha256(big_endian_uint32(width) || big_endian_uint32(height) || RGB_pixel_bytes_row_major)
251,251,data/raw_images/normal/251.png,250.png,250.png,exact_post_preprocessing_match,exact_post_preprocessing_match,ILSVRC/imagenet-1k,49e2ee26f3810fb5a7536bbf732a7b07389a47b5,train,true,42,10000,256,279,n02526121_9824_n02526121.JPEG,390,500,333,500,333,500,333,500,333,,false,false,,,,365008,3145728,6,false,true,9c0c2ba5922a8a33185218d3bdb141770a6d282405539250feef266d0eeab690,2ff1da5a70beeca6f428f3c1c7b250fef7db3c933bc8b78ecceba156c48e21d1,2ff1da5a70beeca6f428f3c1c7b250fef7db3c933bc8b78ecceba156c48e21d1,2ff1da5a70beeca6f428f3c1c7b250fef7db3c933bc8b78ecceba156c48e21d1,4f6c14450a28083e52f64e7ad93b388db2ae72cdef415ca88e1dbb36662c05e5,exact,4.4.2,12.3.0,3.11.15,sha256(big_endian_uint32(width) || big_endian_uint32(height) || RGB_pixel_bytes_row_major)
252,252,data/raw_images/normal/252.png,251.png,251.png,exact_post_preprocessing_match,exact_post_preprocessing_match,ILSVRC/imagenet-1k,49e2ee26f3810fb5a7536bbf732a7b07389a47b5,train,true,42,10000,256,280,n04008634_17253_n04008634.JPEG,744,500,375,500,375,500,375,500,375,,false,false,,,,287226,3145728,6,false,false,2123dcb6ec77cffec440c8ff8179767713e3c445616ec9ee7933d524e7bb6845,438df22f8024716dd2d50252d56ab3abd51643647ca5eb3cff1cf05b6bf8185d,438df22f8024716dd2d50252d56ab3abd51643647ca5eb3cff1cf05b6bf8185d,438df22f8024716dd2d50252d56ab3abd51643647ca5eb3cff1cf05b6bf8185d,ae2ffc4d65da709bfd77e4bde64e1257143f8ae58ffc5a94cbe30a4bfab98962,exact,4.4.2,12.3.0,3.11.15,sha256(big_endian_uint32(width) || big_endian_uint32(height) || RGB_pixel_bytes_row_major)
253,253,data/raw_images/normal/253.png,252.png,252.png,exact_post_preprocessing_match,exact_post_preprocessing_match,ILSVRC/imagenet-1k,49e2ee26f3810fb5a7536bbf732a7b07389a47b5,train,true,42,10000,256,281,n02483362_10092_n02483362.JPEG,368,333,500,333,500,333,500,333,500,,false,false,,,,291243,3145728,6,false,false,b7029d923ed7811e265ade23fa637b16493886f24fc908d28e16d1cb24d9c6ad,15c458b416fdefcddef4926e0c0ea58daedb029f9b57a12198065d1588290b3c,15c458b416fdefcddef4926e0c0ea58daedb029f9b57a12198065d1588290b3c,15c458b416fdefcddef4926e0c0ea58daedb029f9b57a12198065d1588290b3c,985143a2c78dbd4b154aec4a711452ce1c63d69b57709e51208ebd6539d5ece5,exact,4.4.2,12.3.0,3.11.15,sha256(big_endian_uint32(width) || big_endian_uint32(height) || RGB_pixel_bytes_row_major)
254,254,data/raw_images/normal/254.png,253.png,253.png,exact_post_preprocessing_match,exact_post_preprocessing_match,ILSVRC/imagenet-1k,49e2ee26f3810fb5a7536bbf732a7b07389a47b5,train,true,42,10000,256,283,n01978287_5327_n01978287.JPEG,118,500,385,500,385,500,385,500,385,,false,false,,,,304525,3145728,6,false,false,734aabf8d77d2b44a3eeee94c2f53d3a92c1019ff37f5afeef76e527c13ab40c,c5a8110c3640cd6388d52cca20ba20c8215e539a9c83196c31c0b345b81df24f,c5a8110c3640cd6388d52cca20ba20c8215e539a9c83196c31c0b345b81df24f,c5a8110c3640cd6388d52cca20ba20c8215e539a9c83196c31c0b345b81df24f,b57c8aff22f7c35eef7051252f4a9d7afa0dd45ef134249d90a2783b4e57810c,exact,4.4.2,12.3.0,3.11.15,sha256(big_endian_uint32(width) || big_endian_uint32(height) || RGB_pixel_bytes_row_major)
255,255,data/raw_images/normal/255.png,254.png,254.png,exact_post_preprocessing_match,exact_post_preprocessing_match,ILSVRC/imagenet-1k,49e2ee26f3810fb5a7536bbf732a7b07389a47b5,train,true,42,10000,256,284,n02971356_13985_n02971356.JPEG,478,500,400,500,400,500,400,500,400,,false,false,,,,360563,3145728,6,false,false,a06cac64612e239f1a6e352c63d8be755e51c91b1588a59b6bf2f81fba7ee1c5,79d922487df5fc1d2e57237c78185b87707221511a5cc928895fb708c807a30c,79d922487df5fc1d2e57237c78185b87707221511a5cc928895fb708c807a30c,79d922487df5fc1d2e57237c78185b87707221511a5cc928895fb708c807a30c,bdea5ed970f3bd0caf2101293f31d76c511f9ef8cf466c85466bdee7623c508a,exact,4.4.2,12.3.0,3.11.15,sha256(big_endian_uint32(width) || big_endian_uint32(height) || RGB_pixel_bytes_row_major)
256,256,data/raw_images/normal/256.png,255.png,255.png,exact_post_preprocessing_match,exact_post_preprocessing_match,ILSVRC/imagenet-1k,49e2ee26f3810fb5a7536bbf732a7b07389a47b5,train,true,42,10000,256,285,n02094258_5265_n02094258.JPEG,186,500,375,500,375,500,375,500,375,,false,false,,,,283066,3145728,6,false,false,c0163aa9bacb8c51e523ff3183fe2dfa799e5d7032bc3ff67b5f922923d7772b,d041f0f7d27fa3ef965c8b80d6aa80ac01ba5db44dda31d3c3f9cd69aaf6773b,d041f0f7d27fa3ef965c8b80d6aa80ac01ba5db44dda31d3c3f9cd69aaf6773b,d041f0f7d27fa3ef965c8b80d6aa80ac01ba5db44dda31d3c3f9cd69aaf6773b,038e06abe640372b8cc0d534fa6aa1a129a5207c7ec26df02fdcdddb51223af3,exact,4.4.2,12.3.0,3.11.15,sha256(big_endian_uint32(width) || big_endian_uint32(height) || RGB_pixel_bytes_row_major)
257,257,data/raw_images/normal/257.png,256.png,256.png,exact_post_preprocessing_match,exact_post_preprocessing_match,ILSVRC/imagenet-1k,49e2ee26f3810fb5a7536bbf732a7b07389a47b5,train,true,42,10000,256,286,n04532106_18743_n04532106.JPEG,887,375,500,375,500,375,500,375,500,,false,false,,,,352502,3145728,6,false,false,b1a96544675563570ed972aeb2664dec68baeff53cac1df8849be59be5c19813,fa63983c2e6055030ddf5790f77e902ff7fea35571ba962771c9e773405eabdf,fa63983c2e6055030ddf5790f77e902ff7fea35571ba962771c9e773405eabdf,fa63983c2e6055030ddf5790f77e902ff7fea35571ba962771c9e773405eabdf,066a619a13bb7902b16091a9e81fd84e3de4b9154b1b32c2fc5d493e9df4b301,exact,4.4.2,12.3.0,3.11.15,sha256(big_endian_uint32(width) || big_endian_uint32(height) || RGB_pixel_bytes_row_major)
258,258,data/raw_images/normal/258.png,257.png,257.png,exact_post_preprocessing_match,exact_post_preprocessing_match,ILSVRC/imagenet-1k,49e2ee26f3810fb5a7536bbf732a7b07389a47b5,train,true,42,10000,256,287,n03249569_65616_n03249569.JPEG,541,500,484,500,484,500,484,500,484,,false,false,,,,220280,3145728,6,false,false,4026cdb02deb330638432655f35b40f9eda87108a635d1582156eec3bf4ad07d,2352cba5cead79524d6f829f2f0171e4ac403b477f794122be3a4a9dea95f8a6,2352cba5cead79524d6f829f2f0171e4ac403b477f794122be3a4a9dea95f8a6,2352cba5cead79524d6f829f2f0171e4ac403b477f794122be3a4a9dea95f8a6,560d2ff941b6c25d89ec2f174cc684bf7e373138fde41e7fd3ba0f9c34ba3ffd,exact,4.4.2,12.3.0,3.11.15,sha256(big_endian_uint32(width) || big_endian_uint32(height) || RGB_pixel_bytes_row_major)
259,259,data/raw_images/normal/259.png,258.png,258.png,exact_post_preprocessing_match,exact_post_preprocessing_match,ILSVRC/imagenet-1k,49e2ee26f3810fb5a7536bbf732a7b07389a47b5,train,true,42,10000,256,289,n03188531_11537_n03188531.JPEG,529,336,500,336,500,336,500,336,500,,false,false,,,,285111,3145728,6,false,false,b1808ad4570d8bbc513af67ff4a1ce457e2c4ca49a8490df5984b4e820a1286b,711f13b7779d805403978e1cbd4cf13b76cfe5299b360dded721f5a6221ddda6,711f13b7779d805403978e1cbd4cf13b76cfe5299b360dded721f5a6221ddda6,711f13b7779d805403978e1cbd4cf13b76cfe5299b360dded721f5a6221ddda6,3dd144fec69dd73068d81d617f284d372f9656e61fc0a76f78d432670d003f7a,exact,4.4.2,12.3.0,3.11.15,sha256(big_endian_uint32(width) || big_endian_uint32(height) || RGB_pixel_bytes_row_major)
260,260,data/raw_images/normal/260.png,259.png,259.png,exact_post_preprocessing_match,exact_post_preprocessing_match,ILSVRC/imagenet-1k,49e2ee26f3810fb5a7536bbf732a7b07389a47b5,train,true,42,10000,256,290,n02107908_12147_n02107908.JPEG,240,500,375,500,375,500,375,500,375,,false,false,,,,443580,3145728,6,false,false,5ee9bff41e33d616f238d11a44b1814c541bf43c328c3d76c22c76e986ef45c8,c217955123843328ceb1e2ed6188f902bd7c63408e0f28a582510ad0b179983b,c217955123843328ceb1e2ed6188f902bd7c63408e0f28a582510ad0b179983b,c217955123843328ceb1e2ed6188f902bd7c63408e0f28a582510ad0b179983b,4d9d0d7c4aaef8fd4204e80137b54dad4d93f26f8b9611102935a7033a362ae5,exact,4.4.2,12.3.0,3.11.15,sha256(big_endian_uint32(width) || big_endian_uint32(height) || RGB_pixel_bytes_row_major)
261,261,data/raw_images/normal/261.png,260.png,260.png,exact_post_preprocessing_match,exact_post_preprocessing_match,ILSVRC/imagenet-1k,49e2ee26f3810fb5a7536bbf732a7b07389a47b5,train,true,42,10000,256,291,n03271574_14875_n03271574.JPEG,545,500,480,500,480,500,480,500,480,,false,false,,,,488859,3145728,6,false,false,f9c3b0f6a621fa7c3540e271857c4588e2baa0dce050db39427f4479a7bb46af,df58891dfe3be136da565d2cb26d07f19cf7f0e4144866c0f6b089258c38c65c,df58891dfe3be136da565d2cb26d07f19cf7f0e4144866c0f6b089258c38c65c,df58891dfe3be136da565d2cb26d07f19cf7f0e4144866c0f6b089258c38c65c,3e2a1f67d89a99534835897aaa93b5e8ead68abb1cd56ae31bacd92a15a83b0d,exact,4.4.2,12.3.0,3.11.15,sha256(big_endian_uint32(width) || big_endian_uint32(height) || RGB_pixel_bytes_row_major)
262,262,data/raw_images/normal/262.png,261.png,261.png,exact_post_preprocessing_match,exact_post_preprocessing_match,ILSVRC/imagenet-1k,49e2ee26f3810fb5a7536bbf732a7b07389a47b5,train,true,42,10000,256,292,n04606251_8962_n04606251.JPEG,913,500,375,500,375,500,375,500,375,,false,false,,,,313508,3145728,6,false,false,30097676b2f152cd9316b3cd99ef8992e76c62cc7c5b878c9c3d4bc1727c822c,012ef6d36c5ee124f5107aecbdd3c57d5b5ba3bdcf3c5595e3d4614789fc6f72,012ef6d36c5ee124f5107aecbdd3c57d5b5ba3bdcf3c5595e3d4614789fc6f72,012ef6d36c5ee124f5107aecbdd3c57d5b5ba3bdcf3c5595e3d4614789fc6f72,9f07dc7c12a179cedb2b34461151dd8dcd528f1f5bcdd619641de0f32301e942,exact,4.4.2,12.3.0,3.11.15,sha256(big_endian_uint32(width) || big_endian_uint32(height) || RGB_pixel_bytes_row_major)
263,263,data/raw_images/normal/263.png,262.png,262.png,exact_post_preprocessing_match,exact_post_preprocessing_match,ILSVRC/imagenet-1k,49e2ee26f3810fb5a7536bbf732a7b07389a47b5,train,true,42,10000,256,293,n03785016_2025_n03785016.JPEG,665,500,333,500,333,500,333,500,333,,false,false,,,,340278,3145728,6,false,true,f4afca1e2c3f2c656396ed64d0598821e3a176ce3ce72739128bbb7cb16bd0f7,3701188592d27e8cab111f38316bd58ced218ff00a1c1268906b4bf84a458500,3701188592d27e8cab111f38316bd58ced218ff00a1c1268906b4bf84a458500,3701188592d27e8cab111f38316bd58ced218ff00a1c1268906b4bf84a458500,e01ab65100d2457b869ccde04ae99a7f8c8070d301d8288b831e8b029b317ae7,exact,4.4.2,12.3.0,3.11.15,sha256(big_endian_uint32(width) || big_endian_uint32(height) || RGB_pixel_bytes_row_major)
264,264,data/raw_images/normal/264.png,263.png,263.png,exact_post_preprocessing_match,exact_post_preprocessing_match,ILSVRC/imagenet-1k,49e2ee26f3810fb5a7536bbf732a7b07389a47b5,train,true,42,10000,256,294,n02099429_5040_n02099429.JPEG,206,282,500,282,500,282,500,282,500,,false,false,,,,259726,3145728,6,false,false,95545973f17052f66f7b784682229f938ed76af91fbae01983eeb2624e4b898c,d7cabf513856a6042cd01a5e4dff73e385b80314cf97aa5f85d13dea03f98000,d7cabf513856a6042cd01a5e4dff73e385b80314cf97aa5f85d13dea03f98000,d7cabf513856a6042cd01a5e4dff73e385b80314cf97aa5f85d13dea03f98000,5cecaf18953b377149cd870065ebdc52c182dd0631f222b147e16bfd03cc5c5f,exact,4.4.2,12.3.0,3.11.15,sha256(big_endian_uint32(width) || big_endian_uint32(height) || RGB_pixel_bytes_row_major)
265,265,data/raw_images/normal/265.png,264.png,264.png,exact_post_preprocessing_match,exact_post_preprocessing_match,ILSVRC/imagenet-1k,49e2ee26f3810fb5a7536bbf732a7b07389a47b5,train,true,42,10000,256,296,n07590611_17087_n07590611.JPEG,926,375,500,375,500,375,500,375,500,,false,false,,,,311518,3145728,6,false,true,ed3a53f2966e5c7a476541c75c2ddf91e6d12bdfd7850fc4e9b233ea5ac62815,ca284c64c852c659433207b381513cdc63eda21396057e9c701e084f46084c1e,ca284c64c852c659433207b381513cdc63eda21396057e9c701e084f46084c1e,ca284c64c852c659433207b381513cdc63eda21396057e9c701e084f46084c1e,6e5f2a007be5362a379ce72d33ad9a145849ef2f601c01ad472a6611dc0d9dcb,exact,4.4.2,12.3.0,3.11.15,sha256(big_endian_uint32(width) || big_endian_uint32(height) || RGB_pixel_bytes_row_major)
266,266,data/raw_images/normal/266.png,265.png,265.png,exact_post_preprocessing_match,exact_post_preprocessing_match,ILSVRC/imagenet-1k,49e2ee26f3810fb5a7536bbf732a7b07389a47b5,train,true,42,10000,256,297,n01986214_2473_n01986214.JPEG,125,500,482,500,482,500,482,500,482,,false,false,,,,424049,3145728,6,false,true,52584bff36ddd6220b8d091d40596c291d4f47e2d6e3a87ef2bc35f7e3b6118f,5d37da48c501c0d3626c91a79c4087e80fe832724a3bc6342b68741535e33990,5d37da48c501c0d3626c91a79c4087e80fe832724a3bc6342b68741535e33990,5d37da48c501c0d3626c91a79c4087e80fe832724a3bc6342b68741535e33990,1baacad9746e466c6d4c825886fc9c2c0baf2c33ae459e43cfa354aae731db1d,exact,4.4.2,12.3.0,3.11.15,sha256(big_endian_uint32(width) || big_endian_uint32(height) || RGB_pixel_bytes_row_major)
267,267,data/raw_images/normal/267.png,266.png,266.png,exact_post_preprocessing_match,exact_post_preprocessing_match,ILSVRC/imagenet-1k,49e2ee26f3810fb5a7536bbf732a7b07389a47b5,train,true,42,10000,256,298,n03814906_3857_n03814906.JPEG,679,500,437,500,437,500,437,500,437,,false,false,,,,449318,3145728,6,false,true,5d44395c0067b34482a838642a8fc563fcfd096db7354d27604ddfb371973770,d64c9b0f3ca45cfbf9139e4db297c4c72a4c0c8341d553e98bc3c18d08dcdc29,d64c9b0f3ca45cfbf9139e4db297c4c72a4c0c8341d553e98bc3c18d08dcdc29,d64c9b0f3ca45cfbf9139e4db297c4c72a4c0c8341d553e98bc3c18d08dcdc29,b5b133de9302b31736d7822f8d591e4810263363aa259cb718acb5737e8501d3,exact,4.4.2,12.3.0,3.11.15,sha256(big_endian_uint32(width) || big_endian_uint32(height) || RGB_pixel_bytes_row_major)
268,268,data/raw_images/normal/268.png,267.png,267.png,exact_post_preprocessing_match,exact_post_preprocessing_match,ILSVRC/imagenet-1k,49e2ee26f3810fb5a7536bbf732a7b07389a47b5,train,true,42,10000,256,300,n02107683_4979_n02107683.JPEG,239,334,500,334,500,334,500,334,500,,false,false,,,,271684,3145728,6,false,true,8fb8bf9ee060daaeba69581a791e0f109c390f24dbdcda7e06cd39c3c5d0632b,571d9070bbda2e259618b3244ca6f0e5421b900b598846989021b66e4509a640,571d9070bbda2e259618b3244ca6f0e5421b900b598846989021b66e4509a640,571d9070bbda2e259618b3244ca6f0e5421b900b598846989021b66e4509a640,4ed3bd279c2844620560ede318e18f169c84d023b0af12f4a9c04e325388a1a5,exact,4.4.2,12.3.0,3.11.15,sha256(big_endian_uint32(width) || big_endian_uint32(height) || RGB_pixel_bytes_row_major)
269,269,data/raw_images/normal/269.png,268.png,268.png,exact_post_preprocessing_match,exact_post_preprocessing_match,ILSVRC/imagenet-1k,49e2ee26f3810fb5a7536bbf732a7b07389a47b5,train,true,42,10000,256,301,n03445924_3267_n03445924.JPEG,575,500,375,500,375,500,375,500,375,,false,false,,,,365113,3145728,6,false,false,e21b9c67baa71e7c3c35b2ee2ae5c76884ef6ba10e957e504b72d73ee39c455a,1ec39b44f04cbe69e7fe4250d65dae90184fcfd7da4db1057278cc021dbbd9d4,1ec39b44f04cbe69e7fe4250d65dae90184fcfd7da4db1057278cc021dbbd9d4,1ec39b44f04cbe69e7fe4250d65dae90184fcfd7da4db1057278cc021dbbd9d4,43ad42e1154aef5c81f793acac93ec0bdb38d22c522f9ed96cf7fd9a81bb58e4,exact,4.4.2,12.3.0,3.11.15,sha256(big_endian_uint32(width) || big_endian_uint32(height) || RGB_pixel_bytes_row_major)
270,270,data/raw_images/normal/270.png,269.png,269.png,exact_post_preprocessing_match,exact_post_preprocessing_match,ILSVRC/imagenet-1k,49e2ee26f3810fb5a7536bbf732a7b07389a47b5,train,true,42,10000,256,302,n01871265_3345_n01871265.JPEG,101,500,375,500,375,500,375,500,375,,false,false,,,,465836,3145728,6,false,false,20d3315452bb896b348711e9abbff0d8af460c7826bfbd6f63c4612c240cc66c,b5053d31b811e31284bfe6f04bd3a58d1e6a979ef2de85bfc89bf99f97dba19c,b5053d31b811e31284bfe6f04bd3a58d1e6a979ef2de85bfc89bf99f97dba19c,b5053d31b811e31284bfe6f04bd3a58d1e6a979ef2de85bfc89bf99f97dba19c,6d20ed99a03a0509459374bbf0a9c4c559df55c56e70384403062e6146a7dd16,exact,4.4.2,12.3.0,3.11.15,sha256(big_endian_uint32(width) || big_endian_uint32(height) || RGB_pixel_bytes_row_major)
271,271,data/raw_images/normal/271.png,270.png,270.png,exact_post_preprocessing_match,exact_post_preprocessing_match,ILSVRC/imagenet-1k,49e2ee26f3810fb5a7536bbf732a7b07389a47b5,train,true,42,10000,256,303,n02966687_17738_n02966687.JPEG,477,667,1000,667,1000,667,1000,667,1000,1,false,false,,,,1025595,3145728,6,false,true,d2221a9d84ceef96b9c402ac81c7e157ec84aa1edc8ed47531f0ceca90d65678,fb383c7b00d1901d6e0afea3a54d3ad035b0d25c610d92ea3734a73623b0539c,fb383c7b00d1901d6e0afea3a54d3ad035b0d25c610d92ea3734a73623b0539c,fb383c7b00d1901d6e0afea3a54d3ad035b0d25c610d92ea3734a73623b0539c,b1f9d5d96d6caa65040736bb1b4b55607c714737a7e21f43a67c94afd2fae498,exact,4.4.2,12.3.0,3.11.15,sha256(big_endian_uint32(width) || big_endian_uint32(height) || RGB_pixel_bytes_row_major)
272,272,data/raw_images/normal/272.png,271.png,271.png,exact_post_preprocessing_match,exact_post_preprocessing_match,ILSVRC/imagenet-1k,49e2ee26f3810fb5a7536bbf732a7b07389a47b5,train,true,42,10000,256,304,n03933933_8933_n03933933.JPEG,718,500,333,500,333,500,333,500,333,,false,false,,,,326600,3145728,6,false,true,fde649dd38d01fef54b48242ebf69d81eb6b469904bf091bd2da2201878caab1,2cafa481264e27fc652da1423ca9a82228c74465e5cd8fa013601eada35519a2,2cafa481264e27fc652da1423ca9a82228c74465e5cd8fa013601eada35519a2,2cafa481264e27fc652da1423ca9a82228c74465e5cd8fa013601eada35519a2,a456d40964dc9338e007ca7d576f079ee78cafa94f0424e07a1ac1a33b2dcb93,exact,4.4.2,12.3.0,3.11.15,sha256(big_endian_uint32(width) || big_endian_uint32(height) || RGB_pixel_bytes_row_major)
273,273,data/raw_images/normal/273.png,272.png,272.png,exact_post_preprocessing_match,exact_post_preprocessing_match,ILSVRC/imagenet-1k,49e2ee26f3810fb5a7536bbf732a7b07389a47b5,train,true,42,10000,256,305,n03742115_8541_n03742115.JPEG,648,357,500,357,500,357,500,357,500,,false,false,,,,256336,3145728,6,false,true,17cd1117c94be2346ff70762cb22c2ae7659cefefeb51b69d8e831a5aa637e17,a7ac814d2e8a713edd36609eabd569fac44fa5caff93ae23e3010fcb0be05266,a7ac814d2e8a713edd36609eabd569fac44fa5caff93ae23e3010fcb0be05266,a7ac814d2e8a713edd36609eabd569fac44fa5caff93ae23e3010fcb0be05266,b31ae5a5ef9d975dfe4d113a2ade12e0dadb2e02af79ce2c8076cccb553ac9eb,exact,4.4.2,12.3.0,3.11.15,sha256(big_endian_uint32(width) || big_endian_uint32(height) || RGB_pixel_bytes_row_major)
274,274,data/raw_images/normal/274.png,273.png,273.png,exact_post_preprocessing_match,exact_post_preprocessing_match,ILSVRC/imagenet-1k,49e2ee26f3810fb5a7536bbf732a7b07389a47b5,train,true,42,10000,256,306,n03637318_39845_n03637318.JPEG,619,720,960,720,960,720,960,720,960,,false,false,,,,749232,3145728,6,false,false,73b50aefdb3e0fa7f62ba5dc5b4515516dd7d4e1948cce2a32e1a4694c19e502,ec09f146ea03587930dc753ccaf8cfe69e0ea8ff1482eb92aa0dd7180f07491d,ec09f146ea03587930dc753ccaf8cfe69e0ea8ff1482eb92aa0dd7180f07491d,ec09f146ea03587930dc753ccaf8cfe69e0ea8ff1482eb92aa0dd7180f07491d,e5bdbce03944d4fb15ef2e2f10fda3307469e41cc6daa33b6cd412a9b27ffeeb,exact,4.4.2,12.3.0,3.11.15,sha256(big_endian_uint32(width) || big_endian_uint32(height) || RGB_pixel_bytes_row_major)
275,275,data/raw_images/normal/275.png,274.png,274.png,exact_post_preprocessing_match,exact_post_preprocessing_match,ILSVRC/imagenet-1k,49e2ee26f3810fb5a7536bbf732a7b07389a47b5,train,true,42,10000,256,307,n02229544_941_n02229544.JPEG,312,640,640,640,640,640,640,640,640,,false,false,,,,697121,3145728,6,false,false,fdba969d073b93e6357dc87eadeec56a9c66fcf1d40bf960e0000079f6fa4206,3bceb4ed6096dd52e1500074cb5f5747d4cf5a59c4f67c2e055a2127a72001d5,3bceb4ed6096dd52e1500074cb5f5747d4cf5a59c4f67c2e055a2127a72001d5,3bceb4ed6096dd52e1500074cb5f5747d4cf5a59c4f67c2e055a2127a72001d5,adc9fa332d37cebbede3f1344d039652eba0bca46ed6572dd1e4e530874bc7d1,exact,4.4.2,12.3.0,3.11.15,sha256(big_endian_uint32(width) || big_endian_uint32(height) || RGB_pixel_bytes_row_major)
276,276,data/raw_images/normal/276.png,275.png,275.png,exact_post_preprocessing_match,exact_post_preprocessing_match,ILSVRC/imagenet-1k,49e2ee26f3810fb5a7536bbf732a7b07389a47b5,train,true,42,10000,256,308,n01484850_23269_n01484850.JPEG,2,500,333,500,333,500,333,500,333,,false,false,,,,247739,3145728,6,false,true,0095315c1a93ae201fd1bae7aed89dd06d0af1299c5eebfc31abd4c0ea3f78d4,52f36388e9b882714529dc7500989ea09696f53fe898ed0c68ded2ca94c50be2,52f36388e9b882714529dc7500989ea09696f53fe898ed0c68ded2ca94c50be2,52f36388e9b882714529dc7500989ea09696f53fe898ed0c68ded2ca94c50be2,a4f89b136114ac24dd62e77f64584c9351799538ec8a99e383562b212b3d0f64,exact,4.4.2,12.3.0,3.11.15,sha256(big_endian_uint32(width) || big_endian_uint32(height) || RGB_pixel_bytes_row_major)
277,277,data/raw_images/normal/277.png,276.png,276.png,exact_post_preprocessing_match,exact_post_preprocessing_match,ILSVRC/imagenet-1k,49e2ee26f3810fb5a7536bbf732a7b07389a47b5,train,true,42,10000,256,309,n03532672_30956_n03532672.JPEG,600,335,500,335,500,335,500,335,500,,false,false,,,,228949,3145728,6,false,true,3b8787e2e59a1232fc89ce5cfc4fc409be9f4f55c802451751bfd658c853a0f4,48960ec858182bab7abad316da75cf7cb098d80002c6b6d1139ed638302b0c88,48960ec858182bab7abad316da75cf7cb098d80002c6b6d1139ed638302b0c88,48960ec858182bab7abad316da75cf7cb098d80002c6b6d1139ed638302b0c88,8799fc1493eade975882874690ac4b696c817196ebba64291bb9d781aff14dd9,exact,4.4.2,12.3.0,3.11.15,sha256(big_endian_uint32(width) || big_endian_uint32(height) || RGB_pixel_bytes_row_major)
278,278,data/raw_images/normal/278.png,277.png,277.png,exact_post_preprocessing_match,exact_post_preprocessing_match,ILSVRC/imagenet-1k,49e2ee26f3810fb5a7536bbf732a7b07389a47b5,train,true,42,10000,256,310,n04552348_12810_n04552348.JPEG,895,500,375,500,375,500,375,500,375,,false,false,,,,342183,3145728,6,false,false,da777d4d4a94d72026608476edf15332fe2fad80604f7f9f93fc70a95175838e,3e6bdc72e522ede1bbdd75a672913d48d3ba1247346abe3a596f179b65d0f20e,3e6bdc72e522ede1bbdd75a672913d48d3ba1247346abe3a596f179b65d0f20e,3e6bdc72e522ede1bbdd75a672913d48d3ba1247346abe3a596f179b65d0f20e,99312c6f61d4b90ddc123563bafb18798cf87bd46d4ae81a8dcc9b34d58b0b9d,exact,4.4.2,12.3.0,3.11.15,sha256(big_endian_uint32(width) || big_endian_uint32(height) || RGB_pixel_bytes_row_major)
279,279,data/raw_images/normal/279.png,278.png,278.png,exact_post_preprocessing_match,exact_post_preprocessing_match,ILSVRC/imagenet-1k,49e2ee26f3810fb5a7536bbf732a7b07389a47b5,train,true,42,10000,256,311,n02108089_18540_n02108089.JPEG,242,360,500,360,500,360,500,360,500,,false,false,,,,316814,3145728,6,false,true,5e9c7a2d8f07783fecdbeddcc09268cf2455dd712948c2116822b16658eab602,dee397a188f259b11b940a480d1bc1562e605fd2dbf70505f551c624bf02c6ba,dee397a188f259b11b940a480d1bc1562e605fd2dbf70505f551c624bf02c6ba,dee397a188f259b11b940a480d1bc1562e605fd2dbf70505f551c624bf02c6ba,7f4b313d0108ff0018a20fc5c038ab960efe4f26639eaa2294d64a5be58f4a18,exact,4.4.2,12.3.0,3.11.15,sha256(big_endian_uint32(width) || big_endian_uint32(height) || RGB_pixel_bytes_row_major)
280,280,data/raw_images/normal/280.png,279.png,279.png,exact_post_preprocessing_match,exact_post_preprocessing_match,ILSVRC/imagenet-1k,49e2ee26f3810fb5a7536bbf732a7b07389a47b5,train,true,42,10000,256,312,n07697313_4998_n07697313.JPEG,933,500,333,500,333,500,333,500,333,,false,false,,,,271836,3145728,6,false,false,84bd5adcf893111d1f6d8a047dbc96e6ddb5ef21acd69c6902d9f9131947f84e,cc12ca4fad39e2c05cc9c574145e6b7e481142a0eda94428096c842e7e310240,cc12ca4fad39e2c05cc9c574145e6b7e481142a0eda94428096c842e7e310240,cc12ca4fad39e2c05cc9c574145e6b7e481142a0eda94428096c842e7e310240,09dff7d5de8dd6a1db30a388803d922ae58d082e133374253b492a56c7d0d268,exact,4.4.2,12.3.0,3.11.15,sha256(big_endian_uint32(width) || big_endian_uint32(height) || RGB_pixel_bytes_row_major)
281,281,data/raw_images/normal/281.png,280.png,280.png,exact_post_preprocessing_match,exact_post_preprocessing_match,ILSVRC/imagenet-1k,49e2ee26f3810fb5a7536bbf732a7b07389a47b5,train,true,42,10000,256,313,n07614500_60012_n07614500.JPEG,928,330,500,330,500,330,500,330,500,,false,false,,,,266504,3145728,6,false,true,b2e7ff7bd08874c7434610071b0b0af5fa62ea5815052a6b4abf1b85eb2e7b73,62178abeefbf99c266600d8c408bc974e679ba6a888bdcb937b1c2c9ca846fb3,62178abeefbf99c266600d8c408bc974e679ba6a888bdcb937b1c2c9ca846fb3,62178abeefbf99c266600d8c408bc974e679ba6a888bdcb937b1c2c9ca846fb3,1984f5b31005d5f47cda7e72fee89f12767d1ff807ac81e347009d457682517b,exact,4.4.2,12.3.0,3.11.15,sha256(big_endian_uint32(width) || big_endian_uint32(height) || RGB_pixel_bytes_row_major)
282,282,data/raw_images/normal/282.png,281.png,281.png,exact_post_preprocessing_match,exact_post_preprocessing_match,ILSVRC/imagenet-1k,49e2ee26f3810fb5a7536bbf732a7b07389a47b5,train,true,42,10000,256,314,n02088632_2841_n02088632.JPEG,164,820,615,820,615,820,615,820,615,1,false,false,,,,1148585,3145728,6,false,false,c384c7b252cb32463de93911c1d6c6f6b37b2150da9212d1e7ee531acb7453f6,3c3b9d9b07fe7ba4723bf8309c5b5330fcf91dd53581b74a5411167f06f72fa4,3c3b9d9b07fe7ba4723bf8309c5b5330fcf91dd53581b74a5411167f06f72fa4,3c3b9d9b07fe7ba4723bf8309c5b5330fcf91dd53581b74a5411167f06f72fa4,39c349fa96648309616e5a1887d5567a018d9d5e8aa6ec60c23ba5c78cb78174,exact,4.4.2,12.3.0,3.11.15,sha256(big_endian_uint32(width) || big_endian_uint32(height) || RGB_pixel_bytes_row_major)
283,283,data/raw_images/normal/283.png,282.png,282.png,exact_post_preprocessing_match,exact_post_preprocessing_match,ILSVRC/imagenet-1k,49e2ee26f3810fb5a7536bbf732a7b07389a47b5,train,true,42,10000,256,315,n04136333_735_n04136333.JPEG,775,400,300,400,300,400,300,400,300,,false,false,,,,235246,3145728,6,false,false,6a2f29200d37ff2b09b3f97699e7ab5387e1559b8c7a700444cfa84b54bc9570,56c3ec225660bb2d725f14fd358c499f040438727a04c1698879f170dc686528,56c3ec225660bb2d725f14fd358c499f040438727a04c1698879f170dc686528,56c3ec225660bb2d725f14fd358c499f040438727a04c1698879f170dc686528,3509e61a66d90de49fdb7a2366fd7804a4dc9256204ebd73c2f9f60d47280a11,exact,4.4.2,12.3.0,3.11.15,sha256(big_endian_uint32(width) || big_endian_uint32(height) || RGB_pixel_bytes_row_major)
284,284,data/raw_images/normal/284.png,283.png,283.png,exact_post_preprocessing_match,exact_post_preprocessing_match,ILSVRC/imagenet-1k,49e2ee26f3810fb5a7536bbf732a7b07389a47b5,train,true,42,10000,256,316,n06785654_1948_n06785654.JPEG,918,500,332,500,332,500,332,500,332,,false,false,,,,209601,3145728,6,false,false,2cc74a1ae0701cfe1a9b713ec07ebda1149343b893032078fc554abdcf080cc2,98554e6d5d018e8a47f78ae49988b3af67a689e0f89e44265134bc81bc3ec3d5,98554e6d5d018e8a47f78ae49988b3af67a689e0f89e44265134bc81bc3ec3d5,98554e6d5d018e8a47f78ae49988b3af67a689e0f89e44265134bc81bc3ec3d5,7918e58f330c8b07cc5a23fa7a12d1ec03af5cca2f0f5a9872d02c2fcdda85cd,exact,4.4.2,12.3.0,3.11.15,sha256(big_endian_uint32(width) || big_endian_uint32(height) || RGB_pixel_bytes_row_major)
285,285,data/raw_images/normal/285.png,284.png,284.png,exact_post_preprocessing_match,exact_post_preprocessing_match,ILSVRC/imagenet-1k,49e2ee26f3810fb5a7536bbf732a7b07389a47b5,train,true,42,10000,256,317,n02092002_12152_n02092002.JPEG,177,372,500,372,500,372,500,372,500,,false,false,,,,248562,3145728,6,false,true,a7614081246a26d815202dccfe92fccdfee7f42dd7769fda288b11e84ac1be7d,99962331dcb3a6374ed9079418e4f61e366eb4c4b92c221d024029357563d69e,99962331dcb3a6374ed9079418e4f61e366eb4c4b92c221d024029357563d69e,99962331dcb3a6374ed9079418e4f61e366eb4c4b92c221d024029357563d69e,2ec7983717f236f77c8f98d3dc0eae5087f3003c79d42576f40c3730258c32d8,exact,4.4.2,12.3.0,3.11.15,sha256(big_endian_uint32(width) || big_endian_uint32(height) || RGB_pixel_bytes_row_major)
286,286,data/raw_images/normal/286.png,285.png,285.png,exact_post_preprocessing_match,exact_post_preprocessing_match,ILSVRC/imagenet-1k,49e2ee26f3810fb5a7536bbf732a7b07389a47b5,train,true,42,10000,256,318,n04501370_12691_n04501370.JPEG,877,500,355,500,355,500,355,500,355,,false,false,,,,268621,3145728,6,false,false,f80584cf76885caaa8477e6b384e922ee850fe65210fddb3455d07eaca2e6e74,db908ae74ffd2fd1fd901dab2f1c7fb7c4ddaa0646447e77be0f4c3c4e69537e,db908ae74ffd2fd1fd901dab2f1c7fb7c4ddaa0646447e77be0f4c3c4e69537e,db908ae74ffd2fd1fd901dab2f1c7fb7c4ddaa0646447e77be0f4c3c4e69537e,c58363e2441ee0578c56852011e4d8b14d83ffe02ab093e63b58311804100082,exact,4.4.2,12.3.0,3.11.15,sha256(big_endian_uint32(width) || big_endian_uint32(height) || RGB_pixel_bytes_row_major)
287,287,data/raw_images/normal/287.png,286.png,286.png,exact_post_preprocessing_match,exact_post_preprocessing_match,ILSVRC/imagenet-1k,49e2ee26f3810fb5a7536bbf732a7b07389a47b5,train,true,42,10000,256,319,n02089078_3188_n02089078.JPEG,165,265,350,265,350,265,350,265,350,,false,false,,,,174769,3145728,6,false,false,5ab3dd75f22f3fdf283911c318d0f1e6483d97e726a0b9eb7470d656aebe673d,11f9ca1f89d57506afde4eca953d4185bdbed1c43f8af569d51926adf1ccb463,11f9ca1f89d57506afde4eca953d4185bdbed1c43f8af569d51926adf1ccb463,11f9ca1f89d57506afde4eca953d4185bdbed1c43f8af569d51926adf1ccb463,fdb2f8c3ca6c286092c98ea9fac4c50da10d0364757d02e9c8fcfce8e40b131a,exact,4.4.2,12.3.0,3.11.15,sha256(big_endian_uint32(width) || big_endian_uint32(height) || RGB_pixel_bytes_row_major)
288,288,data/raw_images/normal/288.png,287.png,287.png,exact_post_preprocessing_match,exact_post_preprocessing_match,ILSVRC/imagenet-1k,49e2ee26f3810fb5a7536bbf732a7b07389a47b5,train,true,42,10000,256,320,n01983481_26516_n01983481.JPEG,122,500,375,500,375,500,375,500,375,,false,false,,,,377067,3145728,6,false,false,81e600e8149300eb7bc63d04780f4d293fd7ed6aa00628ff747f73343e99c8ff,4e6cecb2ee0da2f72f21912bca00576100bd30cf0d3f4988f9cb1319c3752165,4e6cecb2ee0da2f72f21912bca00576100bd30cf0d3f4988f9cb1319c3752165,4e6cecb2ee0da2f72f21912bca00576100bd30cf0d3f4988f9cb1319c3752165,d01dc2b911124d753954a261edf27b04b213ca5a53d28f09594c6211bbe9f533,exact,4.4.2,12.3.0,3.11.15,sha256(big_endian_uint32(width) || big_endian_uint32(height) || RGB_pixel_bytes_row_major)
289,289,data/raw_images/normal/289.png,288.png,288.png,exact_post_preprocessing_match,exact_post_preprocessing_match,ILSVRC/imagenet-1k,49e2ee26f3810fb5a7536bbf732a7b07389a47b5,train,true,42,10000,256,321,n02793495_14226_n02793495.JPEG,425,500,375,500,375,500,375,500,375,,false,false,,,,278795,3145728,6,false,false,ec27b4bec5349f8bff9f2042d274c5985b857e5f000301f684a35e3b69b78728,b457afa1389ee5d6585d101b590849f4a0b5822a0c456e0da677034ec9aa0005,b457afa1389ee5d6585d101b590849f4a0b5822a0c456e0da677034ec9aa0005,b457afa1389ee5d6585d101b590849f4a0b5822a0c456e0da677034ec9aa0005,df51cbc994824105dc352cde471bbd5eaff3a312976f4c083bf608162853637d,exact,4.4.2,12.3.0,3.11.15,sha256(big_endian_uint32(width) || big_endian_uint32(height) || RGB_pixel_bytes_row_major)
290,290,data/raw_images/normal/290.png,289.png,289.png,exact_post_preprocessing_match,exact_post_preprocessing_match,ILSVRC/imagenet-1k,49e2ee26f3810fb5a7536bbf732a7b07389a47b5,train,true,42,10000,256,322,n04604644_9188_n04604644.JPEG,912,448,289,448,289,448,289,448,289,,false,false,,,,249794,3145728,6,false,false,7809de3922f431822704e3c106f0db84438d77033ade2817280ca82c94fffc2d,1c83bcb409205b23e4ac559f50b1713dc7a9c4a1c31399c30ba2f7257f1ac6e1,1c83bcb409205b23e4ac559f50b1713dc7a9c4a1c31399c30ba2f7257f1ac6e1,1c83bcb409205b23e4ac559f50b1713dc7a9c4a1c31399c30ba2f7257f1ac6e1,ea341a91f0a89f9a5d48798f9ec134d059a266f0e0b4ee267645a10068d49da9,exact,4.4.2,12.3.0,3.11.15,sha256(big_endian_uint32(width) || big_endian_uint32(height) || RGB_pixel_bytes_row_major)
291,291,data/raw_images/normal/291.png,290.png,290.png,exact_post_preprocessing_match,exact_post_preprocessing_match,ILSVRC/imagenet-1k,49e2ee26f3810fb5a7536bbf732a7b07389a47b5,train,true,42,10000,256,323,n07860988_12125_n07860988.JPEG,961,500,375,500,375,500,375,500,375,,false,false,,,,220439,3145728,6,false,false,b727f57241ab9b41cd7cba35474369b6d87eaaba4ec5bf5fdb010ff17bd9f330,bda5fc98b5a5f7b687c4cc9f70fc0b23f53d119c0832bb480ced03362646339d,bda5fc98b5a5f7b687c4cc9f70fc0b23f53d119c0832bb480ced03362646339d,bda5fc98b5a5f7b687c4cc9f70fc0b23f53d119c0832bb480ced03362646339d,9e6cf40bb1cc033e85047d227894b6a9b9a683d505967cd8624b417bdd4feb52,exact,4.4.2,12.3.0,3.11.15,sha256(big_endian_uint32(width) || big_endian_uint32(height) || RGB_pixel_bytes_row_major)
292,292,data/raw_images/normal/292.png,291.png,291.png,exact_post_preprocessing_match,exact_post_preprocessing_match,ILSVRC/imagenet-1k,49e2ee26f3810fb5a7536bbf732a7b07389a47b5,train,true,42,10000,256,324,n01770393_7469_n01770393.JPEG,71,500,358,500,358,500,358,500,358,,false,false,,,,388145,3145728,6,false,false,22ea907077856591545aa1728265e0b20b890324858e194df6220e7a680667c8,cec95dc4909b72010f4d8e3e0b4fec8d63bb6f60025285425cf276f55e24a96d,cec95dc4909b72010f4d8e3e0b4fec8d63bb6f60025285425cf276f55e24a96d,cec95dc4909b72010f4d8e3e0b4fec8d63bb6f60025285425cf276f55e24a96d,85a8d31b3b157f20a1908243eff22b4a2a275237e04ab8dfd018d66aafe1d356,exact,4.4.2,12.3.0,3.11.15,sha256(big_endian_uint32(width) || big_endian_uint32(height) || RGB_pixel_bytes_row_major)
293,293,data/raw_images/normal/293.png,292.png,292.png,exact_post_preprocessing_match,exact_post_preprocessing_match,ILSVRC/imagenet-1k,49e2ee26f3810fb5a7536bbf732a7b07389a47b5,train,true,42,10000,256,325,n02094258_153_n02094258.JPEG,186,500,375,500,375,500,375,500,375,,false,false,,,,326165,3145728,6,false,false,a24984be3fb7b6ae6c9acec8b5cec056a40be7b261d7ce9fe654c852ee828aea,99ef9b13a5d34537f8c1f053c7f6aa8f65b4ecf6f0758f5edd7452f78fdc551c,99ef9b13a5d34537f8c1f053c7f6aa8f65b4ecf6f0758f5edd7452f78fdc551c,99ef9b13a5d34537f8c1f053c7f6aa8f65b4ecf6f0758f5edd7452f78fdc551c,0640cc8b4efe2b718d20b6eef9ac2664e0004f0c6e6d612a0231fa59c3717308,exact,4.4.2,12.3.0,3.11.15,sha256(big_endian_uint32(width) || big_endian_uint32(height) || RGB_pixel_bytes_row_major)
294,294,data/raw_images/normal/294.png,293.png,293.png,exact_post_preprocessing_match,exact_post_preprocessing_match,ILSVRC/imagenet-1k,49e2ee26f3810fb5a7536bbf732a7b07389a47b5,train,true,42,10000,256,326,n03590841_6043_n03590841.JPEG,607,500,375,500,375,500,375,500,375,,false,false,,,,267423,3145728,6,false,false,d42c27fd3243a3013f191d577809935681e7b32eb00df67a88ae3fe6c0d015f0,a40b782b6beefe3e0738ca34765b8c84fbd644ecf0c9b380aa94c99ef11ea48a,a40b782b6beefe3e0738ca34765b8c84fbd644ecf0c9b380aa94c99ef11ea48a,a40b782b6beefe3e0738ca34765b8c84fbd644ecf0c9b380aa94c99ef11ea48a,3da8cffce3faab2652b8a89fbc8a8bf93ac60a905380eef9fefb18c2dcf91ae4,exact,4.4.2,12.3.0,3.11.15,sha256(big_endian_uint32(width) || big_endian_uint32(height) || RGB_pixel_bytes_row_major)
295,295,data/raw_images/normal/295.png,294.png,294.png,exact_post_preprocessing_match,exact_post_preprocessing_match,ILSVRC/imagenet-1k,49e2ee26f3810fb5a7536bbf732a7b07389a47b5,train,true,42,10000,256,327,n03344393_3516_n03344393.JPEG,554,333,500,333,500,333,500,333,500,,false,false,,,,276131,3145728,6,false,true,d988f34f16e9f0c1942231b70c32544c09dfa3601b778febc4b8925852cf71c4,8aff3a300af8ee361dab13c9593ffc5431696444ec7e88d3d5d9bb071f0714cf,8aff3a300af8ee361dab13c9593ffc5431696444ec7e88d3d5d9bb071f0714cf,8aff3a300af8ee361dab13c9593ffc5431696444ec7e88d3d5d9bb071f0714cf,5931d2af17e5ff7c3fe280ba66e91d00f58a08744a4922ea89ea50b02d77cb32,exact,4.4.2,12.3.0,3.11.15,sha256(big_endian_uint32(width) || big_endian_uint32(height) || RGB_pixel_bytes_row_major)
296,296,data/raw_images/normal/296.png,295.png,295.png,exact_post_preprocessing_match,exact_post_preprocessing_match,ILSVRC/imagenet-1k,49e2ee26f3810fb5a7536bbf732a7b07389a47b5,train,true,42,10000,256,328,n02104029_5542_n02104029.JPEG,222,500,333,500,333,500,333,500,333,,false,false,,,,261955,3145728,6,false,false,dea38f060373ffb91759cf6e7a31254177865e44463ed944157e2c904d1ee277,ee3f3d06727161009405db3332401074c992c6f054385f264b67ec56b03ee244,ee3f3d06727161009405db3332401074c992c6f054385f264b67ec56b03ee244,ee3f3d06727161009405db3332401074c992c6f054385f264b67ec56b03ee244,32fdaa8371d7492f59a42a9de375b2cb1bbf08936a27952d985750fa749e27fb,exact,4.4.2,12.3.0,3.11.15,sha256(big_endian_uint32(width) || big_endian_uint32(height) || RGB_pixel_bytes_row_major)
297,297,data/raw_images/normal/297.png,296.png,296.png,exact_post_preprocessing_match,exact_post_preprocessing_match,ILSVRC/imagenet-1k,49e2ee26f3810fb5a7536bbf732a7b07389a47b5,train,true,42,10000,256,329,n02097130_3005_n02097130.JPEG,197,500,375,500,375,500,375,500,375,,false,false,,,,378056,3145728,6,false,false,8c4be24b4d449e7fc358b5ac316a2ab4a32dc9d25acf16ce89ced3bf1c8532e0,e79529542a140a9a6c18b49b9893d5328bcee74a1a0e96ca6d6c251b5effc435,e79529542a140a9a6c18b49b9893d5328bcee74a1a0e96ca6d6c251b5effc435,e79529542a140a9a6c18b49b9893d5328bcee74a1a0e96ca6d6c251b5effc435,41aa3843fd8c371a497f0115bd326104ea5a5457066c3f08d3c4c83ed23eb8a9,exact,4.4.2,12.3.0,3.11.15,sha256(big_endian_uint32(width) || big_endian_uint32(height) || RGB_pixel_bytes_row_major)
298,298,data/raw_images/normal/298.png,297.png,297.png,exact_post_preprocessing_match,exact_post_preprocessing_match,ILSVRC/imagenet-1k,49e2ee26f3810fb5a7536bbf732a7b07389a47b5,train,true,42,10000,256,330,n02814860_3206_n02814860.JPEG,437,432,640,432,640,432,640,432,640,,false,false,,,,167483,3145728,6,false,false,6a2d1c451f50a154886a6053c821e6a47838ce802e2ce74f72326c10414f29cd,9b816e1281ba759402c05979258dea3f2e3dab0c5fccf71f471ad6a6e332f877,9b816e1281ba759402c05979258dea3f2e3dab0c5fccf71f471ad6a6e332f877,9b816e1281ba759402c05979258dea3f2e3dab0c5fccf71f471ad6a6e332f877,90783b8f3bff82423d855e7fff2440781f05789903166464a7d31aad7b74cf3a,exact,4.4.2,12.3.0,3.11.15,sha256(big_endian_uint32(width) || big_endian_uint32(height) || RGB_pixel_bytes_row_major)
299,299,data/raw_images/normal/299.png,298.png,298.png,exact_post_preprocessing_match,exact_post_preprocessing_match,ILSVRC/imagenet-1k,49e2ee26f3810fb5a7536bbf732a7b07389a47b5,train,true,42,10000,256,331,n03208938_1094_n03208938.JPEG,535,400,392,400,392,400,392,400,392,1,false,false,,,,156710,3145728,6,false,false,73c4e30e74eb7b2990a3ee4323fad3cccc22dbeb681f4ce5cd67dd570d857aee,2a8b1608002620ab9a75abf2fec3cabd5b4080cf20235a8960a12f28f694c80a,2a8b1608002620ab9a75abf2fec3cabd5b4080cf20235a8960a12f28f694c80a,2a8b1608002620ab9a75abf2fec3cabd5b4080cf20235a8960a12f28f694c80a,1aa29115970fdfd2e90d07a40d2b2ec1fa385364f7fe40fd85e445f5d4a7f943,exact,4.4.2,12.3.0,3.11.15,sha256(big_endian_uint32(width) || big_endian_uint32(height) || RGB_pixel_bytes_row_major)
300,300,data/raw_images/normal/300.png,299.png,299.png,exact_post_preprocessing_match,exact_post_preprocessing_match,ILSVRC/imagenet-1k,49e2ee26f3810fb5a7536bbf732a7b07389a47b5,train,true,42,10000,256,332,n03630383_4162_n03630383.JPEG,617,375,500,375,500,375,500,375,500,,false,false,,,,316512,3145728,6,false,false,25ecbe3291956d1e3cd66f48944be966a2fe146ec883fa27b6929f1610f0e9c3,7ee8f1a8b12c6c1dd71c160888e448de37a7d6bd518160a2bd9a6336672e5c7e,7ee8f1a8b12c6c1dd71c160888e448de37a7d6bd518160a2bd9a6336672e5c7e,7ee8f1a8b12c6c1dd71c160888e448de37a7d6bd518160a2bd9a6336672e5c7e,586be9e44905e51438ad04574d9be472fb28c94a835d3c0424ffa3e616a9fcbb,exact,4.4.2,12.3.0,3.11.15,sha256(big_endian_uint32(width) || big_endian_uint32(height) || RGB_pixel_bytes_row_major)
301,301,data/raw_images/normal/301.png,300.png,300.png,exact_post_preprocessing_match,exact_post_preprocessing_match,ILSVRC/imagenet-1k,49e2ee26f3810fb5a7536bbf732a7b07389a47b5,train,true,42,10000,256,333,n03207941_13680_n03207941.JPEG,534,375,500,375,500,375,500,375,500,,false,false,,,,358199,3145728,6,false,true,d9e0e00a001ac48437492fff748cad2de6e4825bb5861a555a2a4b2945be6e6f,0878f107d5082e8f4732097e79188e848726e4e54608d6d4350c2ce6fba061de,0878f107d5082e8f4732097e79188e848726e4e54608d6d4350c2ce6fba061de,0878f107d5082e8f4732097e79188e848726e4e54608d6d4350c2ce6fba061de,c8a904d3a05244970a951a9ea54c2249a6deb39aff00983714fdf3a0a0c5cebb,exact,4.4.2,12.3.0,3.11.15,sha256(big_endian_uint32(width) || big_endian_uint32(height) || RGB_pixel_bytes_row_major)
302,302,data/raw_images/normal/302.png,301.png,301.png,exact_post_preprocessing_match,exact_post_preprocessing_match,ILSVRC/imagenet-1k,49e2ee26f3810fb5a7536bbf732a7b07389a47b5,train,true,42,10000,256,334,n03494278_33081_n03494278.JPEG,593,500,375,500,375,500,375,500,375,,false,false,,,,274493,3145728,6,false,false,a6fb3d6a7cf9a42153156b20734d376fe776c64e919290489fdf84b3bc5cbfe0,74bd37ed4a3215ff397865de07ec7d3cb73f70f9525038697641ae39247066c3,74bd37ed4a3215ff397865de07ec7d3cb73f70f9525038697641ae39247066c3,74bd37ed4a3215ff397865de07ec7d3cb73f70f9525038697641ae39247066c3,2a1c695d21ee62816cf040f5b6e4de76c651bfd89078f19b634776f31319994a,exact,4.4.2,12.3.0,3.11.15,sha256(big_endian_uint32(width) || big_endian_uint32(height) || RGB_pixel_bytes_row_major)
303,303,data/raw_images/normal/303.png,302.png,302.png,exact_post_preprocessing_match,exact_post_preprocessing_match,ILSVRC/imagenet-1k,49e2ee26f3810fb5a7536bbf732a7b07389a47b5,train,true,42,10000,256,335,n02280649_970_n02280649.JPEG,324,700,525,700,525,700,525,700,525,1,false,false,,,,648780,3145728,6,false,true,4a56f80183b7df5b59ef1af750ae40c5433d8094d3ad4c8e3f9a001637ab996b,e5ce0f322751e62ac1c15cdbdbc339582188196d039be1b9b36990a758bf78b6,e5ce0f322751e62ac1c15cdbdbc339582188196d039be1b9b36990a758bf78b6,e5ce0f322751e62ac1c15cdbdbc339582188196d039be1b9b36990a758bf78b6,7182e1c027ab343336b18601b1848a165dd9e1939d038857c03dbcb52226a9da,exact,4.4.2,12.3.0,3.11.15,sha256(big_endian_uint32(width) || big_endian_uint32(height) || RGB_pixel_bytes_row_major)
304,304,data/raw_images/normal/304.png,303.png,303.png,exact_post_preprocessing_match,exact_post_preprocessing_match,ILSVRC/imagenet-1k,49e2ee26f3810fb5a7536bbf732a7b07389a47b5,train,true,42,10000,256,336,n07836838_10710_n07836838.JPEG,960,2400,2307,2400,2307,2400,2307,1536,1476,1,false,true,Pillow Image.Resampling.LANCZOS,"int(width*ratio), int(height*ratio) (floor for positive values)",1536,3457726,3145728,6,false,true,fed7b403acbf92080ef2d71dd5d54f5f1dc6ab18d84d60b238835d19c861a8ed,98238827bc92f0bd5eab3697b9293311e2bc9b7c2960cae58139d59f607da9ee,9ed3e429c83cce5691b93f287f0daf65482eababeb0fe3adab6da9ce99e3186b,9ed3e429c83cce5691b93f287f0daf65482eababeb0fe3adab6da9ce99e3186b,090df36839ae538f71ab6973a16572a2f28d513acc5ae367d1ba45989f2ca347,exact,4.4.2,12.3.0,3.11.15,sha256(big_endian_uint32(width) || big_endian_uint32(height) || RGB_pixel_bytes_row_major)
305,305,data/raw_images/normal/305.png,304.png,304.png,exact_post_preprocessing_match,exact_post_preprocessing_match,ILSVRC/imagenet-1k,49e2ee26f3810fb5a7536bbf732a7b07389a47b5,train,true,42,10000,256,337,n02094114_406_n02094114.JPEG,185,500,383,500,383,500,383,500,383,,false,false,,,,458571,3145728,6,false,false,3559f122fbf09737a0bb8168ac2edbed44c955ea0621fa96095f9e5bc2f30871,bb83e5e9225c06a511fb633bbb45b8502d28b8dec45ec422ea802f7dedd0e801,bb83e5e9225c06a511fb633bbb45b8502d28b8dec45ec422ea802f7dedd0e801,bb83e5e9225c06a511fb633bbb45b8502d28b8dec45ec422ea802f7dedd0e801,4a1bb0b24ae90d73e31d5bb8a334ea9cbb151e51cef21b52fd7ead859512e9da,exact,4.4.2,12.3.0,3.11.15,sha256(big_endian_uint32(width) || big_endian_uint32(height) || RGB_pixel_bytes_row_major)
306,306,data/raw_images/normal/306.png,305.png,305.png,exact_post_preprocessing_match,exact_post_preprocessing_match,ILSVRC/imagenet-1k,49e2ee26f3810fb5a7536bbf732a7b07389a47b5,train,true,42,10000,256,338,n02489166_11128_n02489166.JPEG,376,333,500,333,500,333,500,333,500,,false,false,,,,253223,3145728,6,false,false,e90cffbbcbedf51da40086b92aa34b350459c4f13b6ec821c8c5345a9b61b8a9,4919d2da07d3012690ddfb96d4c9327520dd01d223e2066395a26b041714d00a,4919d2da07d3012690ddfb96d4c9327520dd01d223e2066395a26b041714d00a,4919d2da07d3012690ddfb96d4c9327520dd01d223e2066395a26b041714d00a,75f32b549fd7c1740ca0fa6a8b0c06e84f33f1f7175a95f96cb2e7f1c3af7dd9,exact,4.4.2,12.3.0,3.11.15,sha256(big_endian_uint32(width) || big_endian_uint32(height) || RGB_pixel_bytes_row_major)
307,307,data/raw_images/normal/307.png,306.png,306.png,exact_post_preprocessing_match,exact_post_preprocessing_match,ILSVRC/imagenet-1k,49e2ee26f3810fb5a7536bbf732a7b07389a47b5,train,true,42,10000,256,339,n02106662_778_n02106662.JPEG,235,319,500,319,500,319,500,319,500,,false,false,,,,359814,3145728,6,false,true,0b77846457ada67191f57bdf1b78db7b9bdb3cf59d2d366afa55bb82f3f43672,bd548c44ff1deed6790e1bd5869b499e5def3564b3459d638bb79eee7d3fad04,bd548c44ff1deed6790e1bd5869b499e5def3564b3459d638bb79eee7d3fad04,bd548c44ff1deed6790e1bd5869b499e5def3564b3459d638bb79eee7d3fad04,2c39f48bda7f90da24b4c77e3a03e3082d81ccc4693571bd2bf6c7db2801b605,exact,4.4.2,12.3.0,3.11.15,sha256(big_endian_uint32(width) || big_endian_uint32(height) || RGB_pixel_bytes_row_major)
308,308,data/raw_images/normal/308.png,307.png,307.png,exact_post_preprocessing_match,exact_post_preprocessing_match,ILSVRC/imagenet-1k,49e2ee26f3810fb5a7536bbf732a7b07389a47b5,train,true,42,10000,256,340,n01667778_8429_n01667778.JPEG,36,500,375,500,375,500,375,500,375,,false,false,,,,257717,3145728,6,false,false,74fbba74214cac293250034f22a4568329734681ae2702375378abba8bbd14d4,7c559ce4e1d362c06489858c67373d3d2b43ed42ad69ccd92efd85c38ced9712,7c559ce4e1d362c06489858c67373d3d2b43ed42ad69ccd92efd85c38ced9712,7c559ce4e1d362c06489858c67373d3d2b43ed42ad69ccd92efd85c38ced9712,a9b3a4c6f09b817a143ed934211741b91c21ffafb4d482d6465ca0ece7892b75,exact,4.4.2,12.3.0,3.11.15,sha256(big_endian_uint32(width) || big_endian_uint32(height) || RGB_pixel_bytes_row_major)
309,309,data/raw_images/normal/309.png,308.png,308.png,exact_post_preprocessing_match,exact_post_preprocessing_match,ILSVRC/imagenet-1k,49e2ee26f3810fb5a7536bbf732a7b07389a47b5,train,true,42,10000,256,341,n03854065_247_n03854065.JPEG,687,800,600,800,600,800,600,800,600,1,false,false,,,,583947,3145728,6,false,false,1a9b8aa2d617519490b96b706da4ecb59e4bc11130d7e6e751cd7116c6376ad3,1efc5a7a1735addf6c9f4416540d4772d07d578bd60b0c2a75f983808abd0926,1efc5a7a1735addf6c9f4416540d4772d07d578bd60b0c2a75f983808abd0926,1efc5a7a1735addf6c9f4416540d4772d07d578bd60b0c2a75f983808abd0926,68a3c1ea1736fe639439f5e975b82d649b94e50fd84f28cd2d043ea868a81df7,exact,4.4.2,12.3.0,3.11.15,sha256(big_endian_uint32(width) || big_endian_uint32(height) || RGB_pixel_bytes_row_major)
310,310,data/raw_images/normal/310.png,309.png,309.png,exact_post_preprocessing_match,exact_post_preprocessing_match,ILSVRC/imagenet-1k,49e2ee26f3810fb5a7536bbf732a7b07389a47b5,train,true,42,10000,256,344,n13052670_750_n13052670.JPEG,996,400,300,400,300,400,300,400,300,,false,false,,,,203079,3145728,6,false,false,c20d8dbea6144fdd02963539ae2b1b99932d8eec8d345ccd6eca464c69c68843,ec808c1bcbaa21eba87216a6daa429a81d3bd5e80057a42a7d553f5b2265aef0,ec808c1bcbaa21eba87216a6daa429a81d3bd5e80057a42a7d553f5b2265aef0,ec808c1bcbaa21eba87216a6daa429a81d3bd5e80057a42a7d553f5b2265aef0,639bec0077d0699a01483af3d4524e1b749848efc723fe4494ebb8d7a35d1e0d,exact,4.4.2,12.3.0,3.11.15,sha256(big_endian_uint32(width) || big_endian_uint32(height) || RGB_pixel_bytes_row_major)
311,311,data/raw_images/normal/311.png,310.png,310.png,exact_post_preprocessing_match,exact_post_preprocessing_match,ILSVRC/imagenet-1k,49e2ee26f3810fb5a7536bbf732a7b07389a47b5,train,true,42,10000,256,345,n03393912_238_n03393912.JPEG,565,500,375,500,375,500,375,500,375,,false,false,,,,311892,3145728,6,false,false,1e8f9ac8eca19c4090f44db44c08f997a98892ae21b9b170501f521196c630ea,d50a9e40754790b4820e7f22e7a452c2ac1eae92ff81678dc27be60786e8cb4c,d50a9e40754790b4820e7f22e7a452c2ac1eae92ff81678dc27be60786e8cb4c,d50a9e40754790b4820e7f22e7a452c2ac1eae92ff81678dc27be60786e8cb4c,be08d753d9f6757461c8540251acd061c0212ae2f7df886b74e4353d35315dab,exact,4.4.2,12.3.0,3.11.15,sha256(big_endian_uint32(width) || big_endian_uint32(height) || RGB_pixel_bytes_row_major)
312,312,data/raw_images/normal/312.png,311.png,311.png,exact_post_preprocessing_match,exact_post_preprocessing_match,ILSVRC/imagenet-1k,49e2ee26f3810fb5a7536bbf732a7b07389a47b5,train,true,42,10000,256,346,n04229816_14264_n04229816.JPEG,796,500,333,500,333,500,333,500,333,,false,false,,,,299832,3145728,6,false,false,7a7edb3f0b414cbbe5c34d136bcfc6ab7f9c325d34a6c03f653fac58d6b68053,5304bbef20dfd02603266a218cb0a2f81007653f5bc38c029bb119bb6d0b984c,5304bbef20dfd02603266a218cb0a2f81007653f5bc38c029bb119bb6d0b984c,5304bbef20dfd02603266a218cb0a2f81007653f5bc38c029bb119bb6d0b984c,63107902778b7d96fe4d8d2823329dcc33c90953bc71bbf9a251ec7029e632e4,exact,4.4.2,12.3.0,3.11.15,sha256(big_endian_uint32(width) || big_endian_uint32(height) || RGB_pixel_bytes_row_major)
313,313,data/raw_images/normal/313.png,312.png,312.png,exact_post_preprocessing_match,exact_post_preprocessing_match,ILSVRC/imagenet-1k,49e2ee26f3810fb5a7536bbf732a7b07389a47b5,train,true,42,10000,256,347,n01773549_2007_n01773549.JPEG,73,576,461,576,461,576,461,576,461,,false,false,,,,446032,3145728,6,false,false,65939ada106e3bf402de0193c2651867bf9b6f72c42ed70efce7688404b84000,993b8f5084d1972b60ffddba979ae404b27f0208d4f7c7050a5bdab4997fb442,993b8f5084d1972b60ffddba979ae404b27f0208d4f7c7050a5bdab4997fb442,993b8f5084d1972b60ffddba979ae404b27f0208d4f7c7050a5bdab4997fb442,9987191f2dcb0c88c5c79f69a8b5fb009e1646e7f2ccd4ece03bb4d12403b66f,exact,4.4.2,12.3.0,3.11.15,sha256(big_endian_uint32(width) || big_endian_uint32(height) || RGB_pixel_bytes_row_major)
314,314,data/raw_images/normal/314.png,313.png,313.png,exact_post_preprocessing_match,exact_post_preprocessing_match,ILSVRC/imagenet-1k,49e2ee26f3810fb5a7536bbf732a7b07389a47b5,train,true,42,10000,256,348,n01614925_3160_n01614925.JPEG,22,500,451,500,451,500,451,500,451,,false,false,,,,328934,3145728,6,false,false,bc01b01dd3aceed7c5eb9bf2ec2c21d4a1ecde26f24aa62ebc1df86d30fe9d75,01b1cf3045accb0a553748ccd28e5e949e637f94b7ba8a822c9f30ccc03ef86a,01b1cf3045accb0a553748ccd28e5e949e637f94b7ba8a822c9f30ccc03ef86a,01b1cf3045accb0a553748ccd28e5e949e637f94b7ba8a822c9f30ccc03ef86a,ea94d591d6781a831cb6cf53cdb6aa8ca019c6ef12ca1934066eb58c1d740d94,exact,4.4.2,12.3.0,3.11.15,sha256(big_endian_uint32(width) || big_endian_uint32(height) || RGB_pixel_bytes_row_major)
315,315,data/raw_images/normal/315.png,314.png,314.png,exact_post_preprocessing_match,exact_post_preprocessing_match,ILSVRC/imagenet-1k,49e2ee26f3810fb5a7536bbf732a7b07389a47b5,train,true,42,10000,256,349,n02091134_7567_n02091134.JPEG,172,500,261,500,261,500,261,500,261,,false,false,,,,126345,3145728,6,false,false,71967516e82412abc5d71bc6289583ed0caf3b753a9f2922c49c5693b7294f7b,5b0d7c15101668a035d43f899b1a1cc4fb1925430c95b5b4c201cc74859ae301,5b0d7c15101668a035d43f899b1a1cc4fb1925430c95b5b4c201cc74859ae301,5b0d7c15101668a035d43f899b1a1cc4fb1925430c95b5b4c201cc74859ae301,ad4287704380923c36a1a26d81fee7fb8dd139284724ac9c8c18262f98729287,exact,4.4.2,12.3.0,3.11.15,sha256(big_endian_uint32(width) || big_endian_uint32(height) || RGB_pixel_bytes_row_major)
316,316,data/raw_images/normal/316.png,315.png,315.png,exact_post_preprocessing_match,exact_post_preprocessing_match,ILSVRC/imagenet-1k,49e2ee26f3810fb5a7536bbf732a7b07389a47b5,train,true,42,10000,256,350,n04380533_2359_n04380533.JPEG,846,500,334,500,334,500,334,500,334,,false,false,,,,183289,3145728,6,false,false,1a769eee11d45ccef4710dc7abe2a79e2a394ae9b2fac36587006a2e10b26635,1d86bca8c81458d111ef4777f93543099f91ef1d861c0c4ae4255846f12c16b2,1d86bca8c81458d111ef4777f93543099f91ef1d861c0c4ae4255846f12c16b2,1d86bca8c81458d111ef4777f93543099f91ef1d861c0c4ae4255846f12c16b2,03bbca8f43d9df7091aea8e095f87f49ad3f8c0ac6ecba1ebff83b02abaf574b,exact,4.4.2,12.3.0,3.11.15,sha256(big_endian_uint32(width) || big_endian_uint32(height) || RGB_pixel_bytes_row_major)
317,317,data/raw_images/normal/317.png,316.png,316.png,exact_post_preprocessing_match,exact_post_preprocessing_match,ILSVRC/imagenet-1k,49e2ee26f3810fb5a7536bbf732a7b07389a47b5,train,true,42,10000,256,351,n02229544_4357_n02229544.JPEG,312,333,500,333,500,333,500,333,500,,false,false,,,,255236,3145728,6,false,true,024688f2c15ea20783e670e29a86ee7fd9822bab6e463cb098fe5553b5a9422e,5fa96f3e1acf7042f68eb70709a1a9347000e7bd594a1685b4644c1cf5ca14a5,5fa96f3e1acf7042f68eb70709a1a9347000e7bd594a1685b4644c1cf5ca14a5,5fa96f3e1acf7042f68eb70709a1a9347000e7bd594a1685b4644c1cf5ca14a5,991d04def7794677789f65da3404e917ddc30efd1783c7ff16b83caea0b21df5,exact,4.4.2,12.3.0,3.11.15,sha256(big_endian_uint32(width) || big_endian_uint32(height) || RGB_pixel_bytes_row_major)
318,318,data/raw_images/normal/318.png,317.png,317.png,exact_post_preprocessing_match,exact_post_preprocessing_match,ILSVRC/imagenet-1k,49e2ee26f3810fb5a7536bbf732a7b07389a47b5,train,true,42,10000,256,352,n01742172_5841_n01742172.JPEG,61,545,726,545,726,545,726,545,726,,false,false,,,,541386,3145728,6,false,false,2173bf1dbaf6909e2cc5e830a1494115cc0d09991741a745e9a956096fb85c88,acaa94773d2daac87152afb69e80c5ee6548c8d7c41454b5b2d7e86c1afa627e,acaa94773d2daac87152afb69e80c5ee6548c8d7c41454b5b2d7e86c1afa627e,acaa94773d2daac87152afb69e80c5ee6548c8d7c41454b5b2d7e86c1afa627e,308dc308d5aabe34812d85087a71b6d72d71afe42020d9d90bc7462c89e4d80f,exact,4.4.2,12.3.0,3.11.15,sha256(big_endian_uint32(width) || big_endian_uint32(height) || RGB_pixel_bytes_row_major)
319,319,data/raw_images/normal/319.png,318.png,318.png,exact_post_preprocessing_match,exact_post_preprocessing_match,ILSVRC/imagenet-1k,49e2ee26f3810fb5a7536bbf732a7b07389a47b5,train,true,42,10000,256,353,n01665541_4388_n01665541.JPEG,34,500,375,500,375,500,375,500,375,,false,false,,,,382733,3145728,6,false,false,797a9fc16cff18838b615b14ebdbc86649ab7d939fe54cca85a40eacb6f33b66,9c854822ff700c8107156ca7dfd7a62218eebdde6bb05d48d64ba7298a71ca87,9c854822ff700c8107156ca7dfd7a62218eebdde6bb05d48d64ba7298a71ca87,9c854822ff700c8107156ca7dfd7a62218eebdde6bb05d48d64ba7298a71ca87,a3a70a4b31ae36754968bcd21bad11f073086f26ecd04b58843a467e13820842,exact,4.4.2,12.3.0,3.11.15,sha256(big_endian_uint32(width) || big_endian_uint32(height) || RGB_pixel_bytes_row_major)
320,320,data/raw_images/normal/320.png,319.png,319.png,exact_post_preprocessing_match,exact_post_preprocessing_match,ILSVRC/imagenet-1k,49e2ee26f3810fb5a7536bbf732a7b07389a47b5,train,true,42,10000,256,354,n04204347_1659_n04204347.JPEG,791,500,334,500,334,500,334,500,334,,false,false,,,,333449,3145728,6,false,true,d87d09b294a4c8f247e94d531b59a004a39f35fa6756ea911b3d3a365b61c724,ab80d93294cf931a253e72d6482234111f384e987b7517472217caa348017141,ab80d93294cf931a253e72d6482234111f384e987b7517472217caa348017141,ab80d93294cf931a253e72d6482234111f384e987b7517472217caa348017141,cf3213851ff2552936b303416d6ec601b6f68e913736f55d5e6fcfb052b190f6,exact,4.4.2,12.3.0,3.11.15,sha256(big_endian_uint32(width) || big_endian_uint32(height) || RGB_pixel_bytes_row_major)
321,321,data/raw_images/normal/321.png,320.png,320.png,exact_post_preprocessing_match,exact_post_preprocessing_match,ILSVRC/imagenet-1k,49e2ee26f3810fb5a7536bbf732a7b07389a47b5,train,true,42,10000,256,355,n02088466_10598_n02088466.JPEG,163,300,317,300,317,300,317,300,317,,false,false,,,,183117,3145728,6,false,false,43aff299020adfd409846068a8b75c99e48f013f2c12f46c47a3ee90044ceff1,c27b4c3b7f83d7c5239740879f0b01c6ddd82f955844e5dca37f6bd46ce7a1b7,c27b4c3b7f83d7c5239740879f0b01c6ddd82f955844e5dca37f6bd46ce7a1b7,c27b4c3b7f83d7c5239740879f0b01c6ddd82f955844e5dca37f6bd46ce7a1b7,b95026f227cd920064478d7d58612494331867fbb642d42534d5b791574a9c8d,exact,4.4.2,12.3.0,3.11.15,sha256(big_endian_uint32(width) || big_endian_uint32(height) || RGB_pixel_bytes_row_major)
322,322,data/raw_images/normal/322.png,321.png,321.png,exact_post_preprocessing_match,exact_post_preprocessing_match,ILSVRC/imagenet-1k,49e2ee26f3810fb5a7536bbf732a7b07389a47b5,train,true,42,10000,256,356,n02106166_3028_n02106166.JPEG,232,500,374,500,374,500,374,500,374,,false,false,,,,252057,3145728,6,false,false,8adb81db17c0b75f19171729086e69ed5b2741c5da7c09d7bc5aa7601594e1f7,cd746781d8ead50e6e0038131276ef697b14f61bec4c2b0d1c3c37d2c1175ce4,cd746781d8ead50e6e0038131276ef697b14f61bec4c2b0d1c3c37d2c1175ce4,cd746781d8ead50e6e0038131276ef697b14f61bec4c2b0d1c3c37d2c1175ce4,54843f872175ec4f5286f23399888a93381dccff841899c06608c0132f44f30e,exact,4.4.2,12.3.0,3.11.15,sha256(big_endian_uint32(width) || big_endian_uint32(height) || RGB_pixel_bytes_row_major)
323,323,data/raw_images/normal/323.png,322.png,322.png,exact_post_preprocessing_match,exact_post_preprocessing_match,ILSVRC/imagenet-1k,49e2ee26f3810fb5a7536bbf732a7b07389a47b5,train,true,42,10000,256,357,n13133613_47044_n13133613.JPEG,998,640,480,640,480,640,480,640,480,,false,false,,,,361806,3145728,6,false,true,7f7e87c8af680b8e6a669c9cc8b9f6a3c25226738ce7b5bbc179ef871368353f,913b87867f3724e7ada052f85740616c7631d25fffcf8166344d7e74f240dcc4,913b87867f3724e7ada052f85740616c7631d25fffcf8166344d7e74f240dcc4,913b87867f3724e7ada052f85740616c7631d25fffcf8166344d7e74f240dcc4,68422b2ba21e38bc4d94bddedf4ad4246da9088183e858f6a1429ec87cb30beb,exact,4.4.2,12.3.0,3.11.15,sha256(big_endian_uint32(width) || big_endian_uint32(height) || RGB_pixel_bytes_row_major)
324,324,data/raw_images/normal/324.png,323.png,323.png,exact_post_preprocessing_match,exact_post_preprocessing_match,ILSVRC/imagenet-1k,49e2ee26f3810fb5a7536bbf732a7b07389a47b5,train,true,42,10000,256,358,n03920288_1893_n03920288.JPEG,712,500,375,500,375,500,375,500,375,,false,false,,,,282625,3145728,6,false,false,94a540b53f0864ec2a231ecd315ff5631b3e2a7dea687de835aedb610f92c1c9,8f6b73ab611753e4f8e275ee4878756073f33b34a33a8b0adb6aad57461adfd7,8f6b73ab611753e4f8e275ee4878756073f33b34a33a8b0adb6aad57461adfd7,8f6b73ab611753e4f8e275ee4878756073f33b34a33a8b0adb6aad57461adfd7,b9ef4561c8c0c50435391d126b480864b90f666b0fe857d5a687ce03ded1775a,exact,4.4.2,12.3.0,3.11.15,sha256(big_endian_uint32(width) || big_endian_uint32(height) || RGB_pixel_bytes_row_major)
325,325,data/raw_images/normal/325.png,324.png,324.png,exact_post_preprocessing_match,exact_post_preprocessing_match,ILSVRC/imagenet-1k,49e2ee26f3810fb5a7536bbf732a7b07389a47b5,train,true,42,10000,256,361,n02096051_2204_n02096051.JPEG,191,500,375,500,375,500,375,500,375,,false,false,,,,379556,3145728,6,false,false,a714e6ccc0cbe52e576fa39329112d8732ee7010c6e739dda1e73c00a336d4a5,0168dd2a800921c17db3d775ef4aa65fffcdadf0173d96682493171b8a45ebe8,0168dd2a800921c17db3d775ef4aa65fffcdadf0173d96682493171b8a45ebe8,0168dd2a800921c17db3d775ef4aa65fffcdadf0173d96682493171b8a45ebe8,ae813dce7541c7a99e1fc0aafade3255f2ddbc39e444ba080cb50b5afbb1c92a,exact,4.4.2,12.3.0,3.11.15,sha256(big_endian_uint32(width) || big_endian_uint32(height) || RGB_pixel_bytes_row_major)
326,326,data/raw_images/normal/326.png,325.png,325.png,exact_post_preprocessing_match,exact_post_preprocessing_match,ILSVRC/imagenet-1k,49e2ee26f3810fb5a7536bbf732a7b07389a47b5,train,true,42,10000,256,362,n01882714_29755_n01882714.JPEG,105,357,500,357,500,357,500,357,500,,false,false,,,,395744,3145728,6,false,true,92f48dfb65eefcf2b334d43efbef0df6c8017b3c4caccbf7290b5de7c24ddcbd,cbbee2e2fc9609e138a8ed1af9c4240586b191c0001c0961a9795606dad532b6,cbbee2e2fc9609e138a8ed1af9c4240586b191c0001c0961a9795606dad532b6,cbbee2e2fc9609e138a8ed1af9c4240586b191c0001c0961a9795606dad532b6,690770dd4167b4f1b62cc90b56b7e091b163a91dbab11a8972358df2078c98d4,exact,4.4.2,12.3.0,3.11.15,sha256(big_endian_uint32(width) || big_endian_uint32(height) || RGB_pixel_bytes_row_major)
327,327,data/raw_images/normal/327.png,326.png,326.png,exact_post_preprocessing_match,exact_post_preprocessing_match,ILSVRC/imagenet-1k,49e2ee26f3810fb5a7536bbf732a7b07389a47b5,train,true,42,10000,256,363,n03496892_30878_n03496892.JPEG,595,500,330,500,330,500,330,500,330,,false,false,,,,283727,3145728,6,false,false,8bba00f587360f664b450ae6f4ca79e878990c9022f1f1cc16be11f9c306005e,07fb8780072d27cfa17916d3949658329628f022378d0176974af3249eb2c7b7,07fb8780072d27cfa17916d3949658329628f022378d0176974af3249eb2c7b7,07fb8780072d27cfa17916d3949658329628f022378d0176974af3249eb2c7b7,ace00a69d3d60080d11055df976cd80dc74d91d7fb056ff86d96e2a3367d1393,exact,4.4.2,12.3.0,3.11.15,sha256(big_endian_uint32(width) || big_endian_uint32(height) || RGB_pixel_bytes_row_major)
328,328,data/raw_images/normal/328.png,327.png,327.png,exact_post_preprocessing_match,exact_post_preprocessing_match,ILSVRC/imagenet-1k,49e2ee26f3810fb5a7536bbf732a7b07389a47b5,train,true,42,10000,256,364,n01695060_740_n01695060.JPEG,48,500,375,500,375,500,375,500,375,,false,false,,,,465893,3145728,6,false,false,b9f5290412a1823f7d0d69d2f72dce85cde0f6a6757cb4f303e7d8b795002c7f,d69bd597ac6d1cc955044e6459955f88b9a02ace2f57ce872c066d2e0a28c828,d69bd597ac6d1cc955044e6459955f88b9a02ace2f57ce872c066d2e0a28c828,d69bd597ac6d1cc955044e6459955f88b9a02ace2f57ce872c066d2e0a28c828,cf4c207ec9785867e0d91aea7beeaa70fb00e2a0c8373ba4d96f6fb2e0dbd252,exact,4.4.2,12.3.0,3.11.15,sha256(big_endian_uint32(width) || big_endian_uint32(height) || RGB_pixel_bytes_row_major)
329,329,data/raw_images/normal/329.png,328.png,328.png,exact_post_preprocessing_match,exact_post_preprocessing_match,ILSVRC/imagenet-1k,49e2ee26f3810fb5a7536bbf732a7b07389a47b5,train,true,42,10000,256,365,n02108000_6622_n02108000.JPEG,241,332,500,332,500,332,500,332,500,,false,false,,,,411067,3145728,6,false,false,4daf2cacacf9d956142c6092aabeb1ac286b141aec18371ab10fcaef1302e420,b6b5fe9fb2308a34f43e9b3386a9cbeed7871977d9c3de998dc6119be063fc97,b6b5fe9fb2308a34f43e9b3386a9cbeed7871977d9c3de998dc6119be063fc97,b6b5fe9fb2308a34f43e9b3386a9cbeed7871977d9c3de998dc6119be063fc97,785525c23dc4c373822decc16dc59ad28db97812a4d4329b3750137247b5a3a2,exact,4.4.2,12.3.0,3.11.15,sha256(big_endian_uint32(width) || big_endian_uint32(height) || RGB_pixel_bytes_row_major)
330,330,data/raw_images/normal/330.png,329.png,329.png,exact_post_preprocessing_match,exact_post_preprocessing_match,ILSVRC/imagenet-1k,49e2ee26f3810fb5a7536bbf732a7b07389a47b5,train,true,42,10000,256,366,n02104365_7822_n02104365.JPEG,223,500,375,500,375,500,375,500,375,,false,false,,,,160165,3145728,6,false,false,02914a2ee48e94ae10ae743d7dc95b6d87d86aa66c9603799f8d0a24c42b3876,1266be3c859a4bbf5755b07cb4f0b0a028c542d12f937d7dc8dcdc033b0448b7,1266be3c859a4bbf5755b07cb4f0b0a028c542d12f937d7dc8dcdc033b0448b7,1266be3c859a4bbf5755b07cb4f0b0a028c542d12f937d7dc8dcdc033b0448b7,273f18be5403e23b93f00b85fc102c71ec593f7eeb9e11024096212aee798323,exact,4.4.2,12.3.0,3.11.15,sha256(big_endian_uint32(width) || big_endian_uint32(height) || RGB_pixel_bytes_row_major)
331,331,data/raw_images/normal/331.png,330.png,330.png,exact_post_preprocessing_match,exact_post_preprocessing_match,ILSVRC/imagenet-1k,49e2ee26f3810fb5a7536bbf732a7b07389a47b5,train,true,42,10000,256,367,n03998194_7186_n03998194.JPEG,741,1010,1564,1010,1564,1564,1010,1564,1010,8,true,false,,,,2901857,3145728,6,false,false,60948b3c9dfeef4795923b7f72af30139f7da467ae93090fbbca83c6663837d0,ea702e10d79a723ccebb6e7b8476f0a7fa6dc71e8141e95082c174feef848d81,4f2d2fc773316505d2e8f2527cdb99ebfab93125384d1aa38162bc25bff7b38e,4f2d2fc773316505d2e8f2527cdb99ebfab93125384d1aa38162bc25bff7b38e,333f7e61d926038f9c090238c78c5bd839b74850aab5e7fc6bffde4bd93497f5,exact,4.4.2,12.3.0,3.11.15,sha256(big_endian_uint32(width) || big_endian_uint32(height) || RGB_pixel_bytes_row_major)
332,332,data/raw_images/normal/332.png,331.png,331.png,exact_post_preprocessing_match,exact_post_preprocessing_match,ILSVRC/imagenet-1k,49e2ee26f3810fb5a7536bbf732a7b07389a47b5,train,true,42,10000,256,368,n04204238_6036_n04204238.JPEG,790,500,375,500,375,500,375,500,375,,false,false,,,,387866,3145728,6,false,false,fce9f7a909e102239480274c8dd75c6e0fa118d03cd484f744eb307a537d3c2b,36c59b0f6db4dfd904fccb51f7996771ae52293a50eafe2bd06dd9cae162ebd7,36c59b0f6db4dfd904fccb51f7996771ae52293a50eafe2bd06dd9cae162ebd7,36c59b0f6db4dfd904fccb51f7996771ae52293a50eafe2bd06dd9cae162ebd7,916d0ef98dd105bf1a0f4ac60d14a6428120de30bb3cd978d35db64117fc23a3,exact,4.4.2,12.3.0,3.11.15,sha256(big_endian_uint32(width) || big_endian_uint32(height) || RGB_pixel_bytes_row_major)
333,333,data/raw_images/normal/333.png,332.png,332.png,exact_post_preprocessing_match,exact_post_preprocessing_match,ILSVRC/imagenet-1k,49e2ee26f3810fb5a7536bbf732a7b07389a47b5,train,true,42,10000,256,369,n03018349_3078_n03018349.JPEG,495,704,528,704,528,704,528,704,528,1,false,false,,,,532606,3145728,6,false,true,723dde7b6848c12f3b29dfef8d28ebf32e4decd6ceae0957ff48538f797d12ea,4d0624bae4d43de61fa16f628274b79b945360d14b4ef3b23f21c817ebaec794,4d0624bae4d43de61fa16f628274b79b945360d14b4ef3b23f21c817ebaec794,4d0624bae4d43de61fa16f628274b79b945360d14b4ef3b23f21c817ebaec794,740571feeb647bd0aa6b548ec87cb11de5237adcee393c3db76cae0ede147eef,exact,4.4.2,12.3.0,3.11.15,sha256(big_endian_uint32(width) || big_endian_uint32(height) || RGB_pixel_bytes_row_major)
334,334,data/raw_images/normal/334.png,333.png,333.png,exact_post_preprocessing_match,exact_post_preprocessing_match,ILSVRC/imagenet-1k,49e2ee26f3810fb5a7536bbf732a7b07389a47b5,train,true,42,10000,256,370,n02113978_7731_n02113978.JPEG,268,500,333,500,333,500,333,500,333,,false,false,,,,230870,3145728,6,false,false,e4b1ec8673ce8bbeb99ecc92f2de49b63548419a4eddfbc87a4e49d931134a65,fb61aac150aa4b4a2e903d25abf261323e7c424e79585602dbf9a7382d1281d4,fb61aac150aa4b4a2e903d25abf261323e7c424e79585602dbf9a7382d1281d4,fb61aac150aa4b4a2e903d25abf261323e7c424e79585602dbf9a7382d1281d4,f8a3a548e795d0258717a778453ee94cbfa5dd72e7932d4efa493352368dde8a,exact,4.4.2,12.3.0,3.11.15,sha256(big_endian_uint32(width) || big_endian_uint32(height) || RGB_pixel_bytes_row_major)
335,335,data/raw_images/normal/335.png,334.png,334.png,exact_post_preprocessing_match,exact_post_preprocessing_match,ILSVRC/imagenet-1k,49e2ee26f3810fb5a7536bbf732a7b07389a47b5,train,true,42,10000,256,371,n04367480_15506_n04367480.JPEG,840,650,325,650,325,650,325,650,325,,false,false,,,,244958,3145728,6,false,false,95ed0d742651fc140daa07defac865b8a2bb45cef0eb9c9444ce07afca7ea846,6830a1e088ce95ce0cd76dc1cd2d80796d178259213ba5d63dbab7d3f7db6426,6830a1e088ce95ce0cd76dc1cd2d80796d178259213ba5d63dbab7d3f7db6426,6830a1e088ce95ce0cd76dc1cd2d80796d178259213ba5d63dbab7d3f7db6426,f15e85aaf258754fd898bd8de9e1de4057da8940a3fea07ae03017fff51728a4,exact,4.4.2,12.3.0,3.11.15,sha256(big_endian_uint32(width) || big_endian_uint32(height) || RGB_pixel_bytes_row_major)
336,336,data/raw_images/normal/336.png,335.png,335.png,exact_post_preprocessing_match,exact_post_preprocessing_match,ILSVRC/imagenet-1k,49e2ee26f3810fb5a7536bbf732a7b07389a47b5,train,true,42,10000,256,372,n03127747_4654_n03127747.JPEG,518,600,788,600,788,600,788,600,788,1,false,false,,,,537702,3145728,6,false,false,6803e74be99df37fd1005cbefce77bfeb3cdcf8691be3149d215d6d29c17f985,1a2a2d50d2c7030cebe43de542f030a85fb833f0a34fcce54bfa4f2ce7e71e8c,1a2a2d50d2c7030cebe43de542f030a85fb833f0a34fcce54bfa4f2ce7e71e8c,1a2a2d50d2c7030cebe43de542f030a85fb833f0a34fcce54bfa4f2ce7e71e8c,4c175ba55ec91f73c621cdd5386dfa8899120ec699999e53e49f528bc6501983,exact,4.4.2,12.3.0,3.11.15,sha256(big_endian_uint32(width) || big_endian_uint32(height) || RGB_pixel_bytes_row_major)
337,337,data/raw_images/normal/337.png,336.png,336.png,exact_post_preprocessing_match,exact_post_preprocessing_match,ILSVRC/imagenet-1k,49e2ee26f3810fb5a7536bbf732a7b07389a47b5,train,true,42,10000,256,373,n04090263_6084_n04090263.JPEG,764,500,333,500,333,500,333,500,333,,false,false,,,,264819,3145728,6,false,false,e83114d735d8bfd248466a6f4bd5d992cafd67549e4940982e7b663448f4e4a1,c1b2a3cecbd9e621507e0b57edf51a273a15f3c52c8cfc0abf8917be99334aa1,c1b2a3cecbd9e621507e0b57edf51a273a15f3c52c8cfc0abf8917be99334aa1,c1b2a3cecbd9e621507e0b57edf51a273a15f3c52c8cfc0abf8917be99334aa1,8bee0e177df18a05e130927a9b605826689c7b448ca7f921029e57954921e294,exact,4.4.2,12.3.0,3.11.15,sha256(big_endian_uint32(width) || big_endian_uint32(height) || RGB_pixel_bytes_row_major)
338,338,data/raw_images/normal/338.png,337.png,337.png,exact_post_preprocessing_match,exact_post_preprocessing_match,ILSVRC/imagenet-1k,49e2ee26f3810fb5a7536bbf732a7b07389a47b5,train,true,42,10000,256,374,n02422699_5333_n02422699.JPEG,352,400,500,400,500,400,500,400,500,,false,false,,,,430123,3145728,6,false,false,5d8788305501dd6c7df138d519cbf0e9e596baf7efaba6e739d07215fb6fae6b,04c2d9ab2d604f8b69d7743c09077a75c87af44d055dbfaf9b31f26ea57c7860,04c2d9ab2d604f8b69d7743c09077a75c87af44d055dbfaf9b31f26ea57c7860,04c2d9ab2d604f8b69d7743c09077a75c87af44d055dbfaf9b31f26ea57c7860,3b9ae2c2ad2ef28f438c2b029022231d35d23a7ef0f96fc4dfee3a4437677f23,exact,4.4.2,12.3.0,3.11.15,sha256(big_endian_uint32(width) || big_endian_uint32(height) || RGB_pixel_bytes_row_major)
339,339,data/raw_images/normal/339.png,338.png,338.png,exact_post_preprocessing_match,exact_post_preprocessing_match,ILSVRC/imagenet-1k,49e2ee26f3810fb5a7536bbf732a7b07389a47b5,train,true,42,10000,256,375,n01784675_14518_n01784675.JPEG,79,403,500,403,500,403,500,403,500,,false,false,,,,388153,3145728,6,false,false,cb176d7040c3d43303bda747d380b888ad069a1837eae53cc2d98bbc729b4ac8,c2901894c74baf4b8b4da10b3b6330b49dbda8d500942bd168481e8277a4b9e2,c2901894c74baf4b8b4da10b3b6330b49dbda8d500942bd168481e8277a4b9e2,c2901894c74baf4b8b4da10b3b6330b49dbda8d500942bd168481e8277a4b9e2,c3b39806613ba84fc98f6aad324e66cf44b58962f0e8b198e5d5f92ef4afea68,exact,4.4.2,12.3.0,3.11.15,sha256(big_endian_uint32(width) || big_endian_uint32(height) || RGB_pixel_bytes_row_major)
340,340,data/raw_images/normal/340.png,339.png,339.png,exact_post_preprocessing_match,exact_post_preprocessing_match,ILSVRC/imagenet-1k,49e2ee26f3810fb5a7536bbf732a7b07389a47b5,train,true,42,10000,256,376,n07613480_19232_n07613480.JPEG,927,500,333,500,333,500,333,500,333,,false,false,,,,287341,3145728,6,false,true,b1155b9f6b2017bdb9db6d872daf7b025c18f8f4aeb693cc337b90529708aaf2,9b26c0391ee25d8378596c084f019d0118d167c4833b52af5c1d874a7088ca9d,9b26c0391ee25d8378596c084f019d0118d167c4833b52af5c1d874a7088ca9d,9b26c0391ee25d8378596c084f019d0118d167c4833b52af5c1d874a7088ca9d,3a83a312cf4dd32e77e8923c1f2ef083e7d90941be3c7552d578105b8297d3d5,exact,4.4.2,12.3.0,3.11.15,sha256(big_endian_uint32(width) || big_endian_uint32(height) || RGB_pixel_bytes_row_major)
341,341,data/raw_images/normal/341.png,340.png,340.png,exact_post_preprocessing_match,exact_post_preprocessing_match,ILSVRC/imagenet-1k,49e2ee26f3810fb5a7536bbf732a7b07389a47b5,train,true,42,10000,256,377,n02326432_26113_n02326432.JPEG,331,450,336,450,336,450,336,450,336,,false,false,,,,230734,3145728,6,false,false,7e4ee013115d4fb05eee9d8377f6539388086b2fe3c88055a824edaf5c8a931a,20eff80a46ca81fbdb24ea67c9d111ca3f4ad4633151f2e36af46c0708844f0b,20eff80a46ca81fbdb24ea67c9d111ca3f4ad4633151f2e36af46c0708844f0b,20eff80a46ca81fbdb24ea67c9d111ca3f4ad4633151f2e36af46c0708844f0b,b50d2622506a00ca94c36635d2f0d7198dded7405c1015825b599d5541bd15ac,exact,4.4.2,12.3.0,3.11.15,sha256(big_endian_uint32(width) || big_endian_uint32(height) || RGB_pixel_bytes_row_major)
342,342,data/raw_images/normal/342.png,341.png,341.png,exact_post_preprocessing_match,exact_post_preprocessing_match,ILSVRC/imagenet-1k,49e2ee26f3810fb5a7536bbf732a7b07389a47b5,train,true,42,10000,256,378,n03691459_1438_n03691459.JPEG,632,448,336,448,336,448,336,448,336,,false,false,,,,114365,3145728,6,false,false,fab120502e7d6577ebb129f19294862df38189a1fee28558af4093843eef2eab,48062c86656c005ca8b544a0121734ab58471444fd8e4a163be2e1f8059a2172,48062c86656c005ca8b544a0121734ab58471444fd8e4a163be2e1f8059a2172,48062c86656c005ca8b544a0121734ab58471444fd8e4a163be2e1f8059a2172,4f1bcf5bf9f6bb277256b98b2c085fd246ffb2988264efd641780e82d2f069dc,exact,4.4.2,12.3.0,3.11.15,sha256(big_endian_uint32(width) || big_endian_uint32(height) || RGB_pixel_bytes_row_major)
343,343,data/raw_images/normal/343.png,342.png,342.png,exact_post_preprocessing_match,exact_post_preprocessing_match,ILSVRC/imagenet-1k,49e2ee26f3810fb5a7536bbf732a7b07389a47b5,train,true,42,10000,256,379,n03793489_57153_n03793489.JPEG,673,300,400,300,400,300,400,300,400,,false,false,,,,151694,3145728,6,false,false,bc8b50875538a3d19318b17e1e51c2595662a8970d41a114f102107fd4beb970,4dcdb1be1a39b0ed4d14a497e7c5b07ca8887d13d619423cbbee957def5a8272,4dcdb1be1a39b0ed4d14a497e7c5b07ca8887d13d619423cbbee957def5a8272,4dcdb1be1a39b0ed4d14a497e7c5b07ca8887d13d619423cbbee957def5a8272,59d978dfc5d20973bc4756868737e7630742935c7b0b2293cee34712aaec9eee,exact,4.4.2,12.3.0,3.11.15,sha256(big_endian_uint32(width) || big_endian_uint32(height) || RGB_pixel_bytes_row_major)
344,344,data/raw_images/normal/344.png,343.png,343.png,exact_post_preprocessing_match,exact_post_preprocessing_match,ILSVRC/imagenet-1k,49e2ee26f3810fb5a7536bbf732a7b07389a47b5,train,true,42,10000,256,380,n06794110_2162_n06794110.JPEG,919,256,600,256,600,256,600,256,600,,false,false,,,,244986,3145728,6,false,false,0abc14ed0af64685a1165fbce2e00d0ee314049d3e93fcfadd4a98e606eebc5d,38c6d264ca776eb0262850097ea806d21f36d4ac3838dbdf6ffd85c54767affc,38c6d264ca776eb0262850097ea806d21f36d4ac3838dbdf6ffd85c54767affc,38c6d264ca776eb0262850097ea806d21f36d4ac3838dbdf6ffd85c54767affc,be73909d0af7179d2c15a2808c74e3bc5719ceeaf65ee5788acc72a25c9d52ea,exact,4.4.2,12.3.0,3.11.15,sha256(big_endian_uint32(width) || big_endian_uint32(height) || RGB_pixel_bytes_row_major)
345,345,data/raw_images/normal/345.png,344.png,344.png,exact_post_preprocessing_match,exact_post_preprocessing_match,ILSVRC/imagenet-1k,49e2ee26f3810fb5a7536bbf732a7b07389a47b5,train,true,42,10000,256,381,n03724870_1399_n03724870.JPEG,643,464,582,464,582,464,582,464,582,,false,false,,,,439990,3145728,6,false,false,be5ee269ac721924c0889858981c9fa8c2fc00931653e1b3a1f9a0fc7d8c62dd,1d08531230f40190258c7d7177e25c0dfdc48c2a5eb84417145a7b4009fddfda,1d08531230f40190258c7d7177e25c0dfdc48c2a5eb84417145a7b4009fddfda,1d08531230f40190258c7d7177e25c0dfdc48c2a5eb84417145a7b4009fddfda,d4f3f01590887c21fb6d056658d8cdfbd0ae01ec084f871e3a399148146e0ae8,exact,4.4.2,12.3.0,3.11.15,sha256(big_endian_uint32(width) || big_endian_uint32(height) || RGB_pixel_bytes_row_major)
346,346,data/raw_images/normal/346.png,345.png,345.png,exact_post_preprocessing_match,exact_post_preprocessing_match,ILSVRC/imagenet-1k,49e2ee26f3810fb5a7536bbf732a7b07389a47b5,train,true,42,10000,256,382,n12985857_1187_n12985857.JPEG,991,885,1335,885,1335,885,1335,885,1335,,false,false,,,,1188549,3145728,6,false,false,5522a1aa0ba5ccd591a3a16343c6b994ab62581e37f5855539215c091abbde53,31b1b06166a813df568a8947630d2fb4a3bdd66b47db1d1a3ae1fc22782670b4,31b1b06166a813df568a8947630d2fb4a3bdd66b47db1d1a3ae1fc22782670b4,31b1b06166a813df568a8947630d2fb4a3bdd66b47db1d1a3ae1fc22782670b4,8b21d6ba2fc77d760121923f61788988f24833721802e98a1c6de3607291d60b,exact,4.4.2,12.3.0,3.11.15,sha256(big_endian_uint32(width) || big_endian_uint32(height) || RGB_pixel_bytes_row_major)
347,347,data/raw_images/normal/347.png,346.png,346.png,exact_post_preprocessing_match,exact_post_preprocessing_match,ILSVRC/imagenet-1k,49e2ee26f3810fb5a7536bbf732a7b07389a47b5,train,true,42,10000,256,383,n02098286_2026_n02098286.JPEG,203,500,375,500,375,500,375,500,375,,false,false,,,,280807,3145728,6,false,false,48a7ec0dca81919b8d3a67b323d6477520029d1a9db63b5bb90adaac2a4a5deb,44527ec91ac2399133f0e5fd930b5ed77180c62d361a60f17cfbbd2d17985797,44527ec91ac2399133f0e5fd930b5ed77180c62d361a60f17cfbbd2d17985797,44527ec91ac2399133f0e5fd930b5ed77180c62d361a60f17cfbbd2d17985797,a0f862963884a7aa07f8e56b05b029a92dd84357eb3767bd87c0712a01695d2c,exact,4.4.2,12.3.0,3.11.15,sha256(big_endian_uint32(width) || big_endian_uint32(height) || RGB_pixel_bytes_row_major)
348,348,data/raw_images/normal/348.png,347.png,347.png,exact_post_preprocessing_match,exact_post_preprocessing_match,ILSVRC/imagenet-1k,49e2ee26f3810fb5a7536bbf732a7b07389a47b5,train,true,42,10000,256,384,n04229816_9136_n04229816.JPEG,796,323,500,323,500,323,500,323,500,,false,false,,,,315681,3145728,6,false,false,f9ad397b228b0e90a9a0892bb96f5ce4e4ad9f606f2a38a912477b6815cc3455,c86e75cd0c5753962d494ea71418160947a63bb3b0013c99777d83aed43047ff,c86e75cd0c5753962d494ea71418160947a63bb3b0013c99777d83aed43047ff,c86e75cd0c5753962d494ea71418160947a63bb3b0013c99777d83aed43047ff,963a84d6413f9e378e964eb3c0f17142f6e5d8d780239a8a9da3a4e5a6702e7e,exact,4.4.2,12.3.0,3.11.15,sha256(big_endian_uint32(width) || big_endian_uint32(height) || RGB_pixel_bytes_row_major)
349,349,data/raw_images/normal/349.png,348.png,348.png,exact_post_preprocessing_match,exact_post_preprocessing_match,ILSVRC/imagenet-1k,49e2ee26f3810fb5a7536bbf732a7b07389a47b5,train,true,42,10000,256,385,n03944341_22846_n03944341.JPEG,723,500,333,500,333,500,333,500,333,,false,false,,,,269298,3145728,6,false,true,066df85ee7404a9e4d220845c47cc346a7936dcb30a804d497b6062d28d0108a,f7ecdc2051e2ff33316dd7f38f4197c42a425baae9886b95734b16700f9d6b24,f7ecdc2051e2ff33316dd7f38f4197c42a425baae9886b95734b16700f9d6b24,f7ecdc2051e2ff33316dd7f38f4197c42a425baae9886b95734b16700f9d6b24,bf570c83eecf848fc34c6656ac9f4b14a6b96e5b1ce45b42212e46be42cdce87,exact,4.4.2,12.3.0,3.11.15,sha256(big_endian_uint32(width) || big_endian_uint32(height) || RGB_pixel_bytes_row_major)
350,350,data/raw_images/normal/350.png,349.png,349.png,exact_post_preprocessing_match,exact_post_preprocessing_match,ILSVRC/imagenet-1k,49e2ee26f3810fb5a7536bbf732a7b07389a47b5,train,true,42,10000,256,387,n04086273_22744_n04086273.JPEG,763,500,375,500,375,500,375,500,375,,false,false,,,,482849,3145728,6,false,false,55947ff728bca09ab34c8500c2bd97eb5bf85f39e95a87f39536d5a8ef4ef54f,a5685529eacff14b3ae4f7968286b9626d522b56882b74c002cd299dcb920ad6,a5685529eacff14b3ae4f7968286b9626d522b56882b74c002cd299dcb920ad6,a5685529eacff14b3ae4f7968286b9626d522b56882b74c002cd299dcb920ad6,e1d87853f9b33eb3ee7096d11e791bd069d21cf74224d5e28a8d4cae595095f3,exact,4.4.2,12.3.0,3.11.15,sha256(big_endian_uint32(width) || big_endian_uint32(height) || RGB_pixel_bytes_row_major)
351,351,data/raw_images/normal/351.png,350.png,350.png,exact_post_preprocessing_match,exact_post_preprocessing_match,ILSVRC/imagenet-1k,49e2ee26f3810fb5a7536bbf732a7b07389a47b5,train,true,42,10000,256,388,n07880968_2955_n07880968.JPEG,965,500,333,500,333,500,333,500,333,,false,false,,,,282358,3145728,6,false,false,9686b071065919f6866835115a44feff87cf3863089a54761849035c6d3f4b20,4f5a1aaa64135a82cedf6328394273889d041f101ff0c6fbe701305c9678088e,4f5a1aaa64135a82cedf6328394273889d041f101ff0c6fbe701305c9678088e,4f5a1aaa64135a82cedf6328394273889d041f101ff0c6fbe701305c9678088e,f8be73a34b7429246eedf6ab78793de4014137139df8342cf1ee8c45cdd47d0d,exact,4.4.2,12.3.0,3.11.15,sha256(big_endian_uint32(width) || big_endian_uint32(height) || RGB_pixel_bytes_row_major)
352,352,data/raw_images/normal/352.png,351.png,351.png,exact_post_preprocessing_match,exact_post_preprocessing_match,ILSVRC/imagenet-1k,49e2ee26f3810fb5a7536bbf732a7b07389a47b5,train,true,42,10000,256,389,n01748264_21076_n01748264.JPEG,63,450,344,450,344,450,344,450,344,,false,false,,,,260285,3145728,6,false,false,74d61ca05affbfa49e271d69ae78bb55d5e8af031a15f0d424de4f30648fd253,7f0cf3d04a0fdca72f02a6e473edb62a48cede321020342347e9fe8a4add4f73,7f0cf3d04a0fdca72f02a6e473edb62a48cede321020342347e9fe8a4add4f73,7f0cf3d04a0fdca72f02a6e473edb62a48cede321020342347e9fe8a4add4f73,9e245eba2a35c8b0f4afcf965604e7f1f8cb55271deafd8e544c5a5512599b62,exact,4.4.2,12.3.0,3.11.15,sha256(big_endian_uint32(width) || big_endian_uint32(height) || RGB_pixel_bytes_row_major)
353,353,data/raw_images/normal/353.png,352.png,352.png,exact_post_preprocessing_match,exact_post_preprocessing_match,ILSVRC/imagenet-1k,49e2ee26f3810fb5a7536bbf732a7b07389a47b5,train,true,42,10000,256,390,n03633091_15741_n03633091.JPEG,618,500,333,500,333,500,333,500,333,,false,false,,,,281483,3145728,6,false,true,b337e8ad37194315fbddfd778e22055cfcb9bea0edb795f1c7888e13761a0021,92ad87d99616321f970fdbeb5fae1d52cd9eac839f6cead7f940b18ba4ff9ec3,92ad87d99616321f970fdbeb5fae1d52cd9eac839f6cead7f940b18ba4ff9ec3,92ad87d99616321f970fdbeb5fae1d52cd9eac839f6cead7f940b18ba4ff9ec3,979ebec3425a809d2e0f266b91d552aa223d24f9d18d5ad55db246aa9b6731b7,exact,4.4.2,12.3.0,3.11.15,sha256(big_endian_uint32(width) || big_endian_uint32(height) || RGB_pixel_bytes_row_major)
354,354,data/raw_images/normal/354.png,353.png,353.png,exact_post_preprocessing_match,exact_post_preprocessing_match,ILSVRC/imagenet-1k,49e2ee26f3810fb5a7536bbf732a7b07389a47b5,train,true,42,10000,256,391,n12998815_8851_n12998815.JPEG,992,500,375,500,375,500,375,500,375,,false,false,,,,454850,3145728,6,false,true,55290ed7fccaa90543ca95ad0a5ca5c2acb3362a41e74ccf39ef2e5b35a02aef,ed119195dd96f726d2142ce77f20659b7361f494b1f4573d88c71a720c568391,ed119195dd96f726d2142ce77f20659b7361f494b1f4573d88c71a720c568391,ed119195dd96f726d2142ce77f20659b7361f494b1f4573d88c71a720c568391,3c95fd5d29651e0a5c76053f0c9ccf404c15df67bb20d4689e3c4e32ec30764a,exact,4.4.2,12.3.0,3.11.15,sha256(big_endian_uint32(width) || big_endian_uint32(height) || RGB_pixel_bytes_row_major)
355,355,data/raw_images/normal/355.png,354.png,354.png,exact_post_preprocessing_match,exact_post_preprocessing_match,ILSVRC/imagenet-1k,49e2ee26f3810fb5a7536bbf732a7b07389a47b5,train,true,42,10000,256,392,n04456115_3334_n04456115.JPEG,862,371,600,371,600,371,600,371,600,,false,false,,,,287715,3145728,6,false,false,9e30b9e76be9c83cd26c4f77a4b0caf664616de3bdb669b924f9872e6fd4fd65,9232fba470f366ac404801e7356577a3698d0c95762b7e997a144af78f9df84c,9232fba470f366ac404801e7356577a3698d0c95762b7e997a144af78f9df84c,9232fba470f366ac404801e7356577a3698d0c95762b7e997a144af78f9df84c,99bb429c9c00e401dfad0621f3a129fbce78f0f63db4816e0d6da22925d1b394,exact,4.4.2,12.3.0,3.11.15,sha256(big_endian_uint32(width) || big_endian_uint32(height) || RGB_pixel_bytes_row_major)
356,356,data/raw_images/normal/356.png,355.png,355.png,exact_post_preprocessing_match,exact_post_preprocessing_match,ILSVRC/imagenet-1k,49e2ee26f3810fb5a7536bbf732a7b07389a47b5,train,true,42,10000,256,393,n03388043_15612_n03388043.JPEG,562,500,444,500,444,500,444,500,444,,false,false,,,,543775,3145728,6,false,false,862a78a2ed74b8b9e2f8e794d8549344a77f16efad3efe98099e9adf3fa0f212,ae58e64175ad3a3ce4ec865fc23eaadb31dc3cc3fb27bdf6251b3b5d3d59442f,ae58e64175ad3a3ce4ec865fc23eaadb31dc3cc3fb27bdf6251b3b5d3d59442f,ae58e64175ad3a3ce4ec865fc23eaadb31dc3cc3fb27bdf6251b3b5d3d59442f,98d2729f234438f5fff1f26b098a5dcad1a4833f29152a940f927b36a3d97371,exact,4.4.2,12.3.0,3.11.15,sha256(big_endian_uint32(width) || big_endian_uint32(height) || RGB_pixel_bytes_row_major)
357,357,data/raw_images/normal/357.png,356.png,356.png,exact_post_preprocessing_match,exact_post_preprocessing_match,ILSVRC/imagenet-1k,49e2ee26f3810fb5a7536bbf732a7b07389a47b5,train,true,42,10000,256,394,n07720875_14817_n07720875.JPEG,945,500,325,500,325,500,325,500,325,,false,false,,,,215515,3145728,6,false,false,b703d9171eaa246511ec90421300a3bbd5e85d3fb8171aa7520c3a8a549a2cc2,19172c8d5c6a1737d918b04734f5852f68c6ad2206318abcd73fc46991cd8786,19172c8d5c6a1737d918b04734f5852f68c6ad2206318abcd73fc46991cd8786,19172c8d5c6a1737d918b04734f5852f68c6ad2206318abcd73fc46991cd8786,d9dd6d7760b2f951c7a2cddbb753c2940d06fc7a7e314e71b7c7ec13994a965e,exact,4.4.2,12.3.0,3.11.15,sha256(big_endian_uint32(width) || big_endian_uint32(height) || RGB_pixel_bytes_row_major)
358,358,data/raw_images/normal/358.png,357.png,357.png,exact_post_preprocessing_match,exact_post_preprocessing_match,ILSVRC/imagenet-1k,49e2ee26f3810fb5a7536bbf732a7b07389a47b5,train,true,42,10000,256,395,n02096585_3894_n02096585.JPEG,195,500,375,500,375,500,375,500,375,,false,false,,,,261227,3145728,6,false,false,c94e626b677745be06f1735b9965258d09b0125cf750a45c1ae84743275d3045,20080825f199ade53777deff022f43c86f232c7b63e779fc90ab0d4096378651,20080825f199ade53777deff022f43c86f232c7b63e779fc90ab0d4096378651,20080825f199ade53777deff022f43c86f232c7b63e779fc90ab0d4096378651,3ba11ff1feac4c7659803f63ada02cf0b5c6681e2b82b3b245cdaef446fd8bcc,exact,4.4.2,12.3.0,3.11.15,sha256(big_endian_uint32(width) || big_endian_uint32(height) || RGB_pixel_bytes_row_major)
359,359,data/raw_images/normal/359.png,358.png,358.png,exact_post_preprocessing_match,exact_post_preprocessing_match,ILSVRC/imagenet-1k,49e2ee26f3810fb5a7536bbf732a7b07389a47b5,train,true,42,10000,256,397,n03014705_4067_n03014705.JPEG,492,360,500,360,500,360,500,360,500,,false,false,,,,373151,3145728,6,false,true,b701b0998ea5b6c2dbae6d5bce22015a647f8746ed2f65fd30becadd367e3de7,4e8cd541fa1ff09ea97c342bcbb4cfaa1182f1635f36e0a33421e461cdb5a3a9,4e8cd541fa1ff09ea97c342bcbb4cfaa1182f1635f36e0a33421e461cdb5a3a9,4e8cd541fa1ff09ea97c342bcbb4cfaa1182f1635f36e0a33421e461cdb5a3a9,2ecdd680d9abaf14afd67c27280bbd684f84bd2003a716e22b8a6630175986a7,exact,4.4.2,12.3.0,3.11.15,sha256(big_endian_uint32(width) || big_endian_uint32(height) || RGB_pixel_bytes_row_major)
360,360,data/raw_images/normal/360.png,359.png,359.png,exact_post_preprocessing_match,exact_post_preprocessing_match,ILSVRC/imagenet-1k,49e2ee26f3810fb5a7536bbf732a7b07389a47b5,train,true,42,10000,256,398,n03532672_42949_n03532672.JPEG,600,500,343,500,343,500,343,500,343,,false,false,,,,333296,3145728,6,false,false,fa0c7fb90bb66dafd130b4ebc3b094e5838a96c11177c712cc567a3268cfb290,183287678d9aa2ffa721bcd30ee453ac5c3fa82ee9e75b3369f416ddb390b72d,183287678d9aa2ffa721bcd30ee453ac5c3fa82ee9e75b3369f416ddb390b72d,183287678d9aa2ffa721bcd30ee453ac5c3fa82ee9e75b3369f416ddb390b72d,f6a12cb1db414e3d6e05ed9675f64f496a95e499d8a3792fb3534b2ecd564495,exact,4.4.2,12.3.0,3.11.15,sha256(big_endian_uint32(width) || big_endian_uint32(height) || RGB_pixel_bytes_row_major)
361,361,data/raw_images/normal/361.png,360.png,360.png,exact_post_preprocessing_match,exact_post_preprocessing_match,ILSVRC/imagenet-1k,49e2ee26f3810fb5a7536bbf732a7b07389a47b5,train,true,42,10000,256,399,n02791270_9012_n02791270.JPEG,424,500,375,500,375,500,375,500,375,,false,false,,,,314681,3145728,6,false,false,5c29a3fa518e3b2e2d1f46c61cc1eac52d1db2002911ee2c658813a2e6994e60,5265c4637deb7e24a4b2d267c6413bc12c7b177f66f9f0ad7d427af3f5cdcf79,5265c4637deb7e24a4b2d267c6413bc12c7b177f66f9f0ad7d427af3f5cdcf79,5265c4637deb7e24a4b2d267c6413bc12c7b177f66f9f0ad7d427af3f5cdcf79,3d5235d2ce8acdbf75aaeb1dee8b4b0b936a126526b1cae9b1b6ac1263a25647,exact,4.4.2,12.3.0,3.11.15,sha256(big_endian_uint32(width) || big_endian_uint32(height) || RGB_pixel_bytes_row_major)
362,362,data/raw_images/normal/362.png,361.png,361.png,exact_post_preprocessing_match,exact_post_preprocessing_match,ILSVRC/imagenet-1k,49e2ee26f3810fb5a7536bbf732a7b07389a47b5,train,true,42,10000,256,400,n07836838_7395_n07836838.JPEG,960,500,333,500,333,500,333,500,333,,false,false,,,,240423,3145728,6,false,true,f3cbcfd15dc9530fa30c07302cee75c7b2b826b6a69c2a8ccc8ff122cec4e242,74f0874df25aac478fe282f63084d58b70f39183f569c7d63f6a03d19447d11e,74f0874df25aac478fe282f63084d58b70f39183f569c7d63f6a03d19447d11e,74f0874df25aac478fe282f63084d58b70f39183f569c7d63f6a03d19447d11e,d57eb5effb75269d3d83cbbfd57345fb0b3a27a700d376902e26b206facb1487,exact,4.4.2,12.3.0,3.11.15,sha256(big_endian_uint32(width) || big_endian_uint32(height) || RGB_pixel_bytes_row_major)
363,363,data/raw_images/normal/363.png,362.png,362.png,exact_post_preprocessing_match,exact_post_preprocessing_match,ILSVRC/imagenet-1k,49e2ee26f3810fb5a7536bbf732a7b07389a47b5,train,true,42,10000,256,401,n01950731_17067_n01950731.JPEG,115,500,463,500,463,500,463,500,463,,false,false,,,,517931,3145728,6,false,true,49814d31f26206b77040c73301f7b2316df383805b92e8fb13625a095b91ced3,f71fc0ab76215b4a1e39ffb6863585b2827fca0701e03a1322748ac58f134344,f71fc0ab76215b4a1e39ffb6863585b2827fca0701e03a1322748ac58f134344,f71fc0ab76215b4a1e39ffb6863585b2827fca0701e03a1322748ac58f134344,06394bda77e046f7ea15cc4798f287d2c07d2b83de730bffc7b0277fedf1c29b,exact,4.4.2,12.3.0,3.11.15,sha256(big_endian_uint32(width) || big_endian_uint32(height) || RGB_pixel_bytes_row_major)
364,364,data/raw_images/normal/364.png,363.png,363.png,exact_post_preprocessing_match,exact_post_preprocessing_match,ILSVRC/imagenet-1k,49e2ee26f3810fb5a7536bbf732a7b07389a47b5,train,true,42,10000,256,403,n02704792_9775_n02704792.JPEG,408,500,375,500,375,500,375,500,375,,false,false,,,,415447,3145728,6,false,true,a8eab82bfc4f817522933ec7e892efa0479da14be8a19c8972479631d8dbf197,a81bb88c3ef02745a162f417aa44089c098304db0bfbc8a5c9549036e475bfc8,a81bb88c3ef02745a162f417aa44089c098304db0bfbc8a5c9549036e475bfc8,a81bb88c3ef02745a162f417aa44089c098304db0bfbc8a5c9549036e475bfc8,94ca1f7a78b38e9a132558a081159d1caa97cd33021477e7e1b6f491a758af15,exact,4.4.2,12.3.0,3.11.15,sha256(big_endian_uint32(width) || big_endian_uint32(height) || RGB_pixel_bytes_row_major)
365,365,data/raw_images/normal/365.png,364.png,364.png,exact_post_preprocessing_match,exact_post_preprocessing_match,ILSVRC/imagenet-1k,49e2ee26f3810fb5a7536bbf732a7b07389a47b5,train,true,42,10000,256,404,n02804414_5460_n02804414.JPEG,431,375,500,375,500,375,500,375,500,,false,false,,,,351516,3145728,6,false,false,9073958fd739d054edc5a04cbbc3eed84c11522e640fdd44f903f887227a94b9,43ea9f6cfc4acccab0290133d7de14b627d1a6c4d963c34e9008c2a2e18a0373,43ea9f6cfc4acccab0290133d7de14b627d1a6c4d963c34e9008c2a2e18a0373,43ea9f6cfc4acccab0290133d7de14b627d1a6c4d963c34e9008c2a2e18a0373,1921cd21f346b5850ca3c4859bb202ac69fabe21fce52ac482f0f9e030946004,exact,4.4.2,12.3.0,3.11.15,sha256(big_endian_uint32(width) || big_endian_uint32(height) || RGB_pixel_bytes_row_major)
366,366,data/raw_images/normal/366.png,365.png,365.png,exact_post_preprocessing_match,exact_post_preprocessing_match,ILSVRC/imagenet-1k,49e2ee26f3810fb5a7536bbf732a7b07389a47b5,train,true,42,10000,256,406,n02093754_1488_n02093754.JPEG,182,500,375,500,375,500,375,500,375,,false,false,,,,429701,3145728,6,false,false,aaa5d27ae45102293b8d333bb24926c07c41b65665bfcdac4a2273b57c73ce1c,5e34151811b242efd6d5ed3728575d8afb1ef20ab8bd9a4b36bddf2098a1e096,5e34151811b242efd6d5ed3728575d8afb1ef20ab8bd9a4b36bddf2098a1e096,5e34151811b242efd6d5ed3728575d8afb1ef20ab8bd9a4b36bddf2098a1e096,6eaad2d56bd565805395d96c10647a6bf2865fa3b1b2acfec954b84e10d8c08b,exact,4.4.2,12.3.0,3.11.15,sha256(big_endian_uint32(width) || big_endian_uint32(height) || RGB_pixel_bytes_row_major)
367,367,data/raw_images/normal/367.png,366.png,366.png,exact_post_preprocessing_match,exact_post_preprocessing_match,ILSVRC/imagenet-1k,49e2ee26f3810fb5a7536bbf732a7b07389a47b5,train,true,42,10000,256,407,n03617480_1943_n03617480.JPEG,614,375,500,375,500,375,500,375,500,,false,false,,,,449288,3145728,6,false,true,8a63540971f14674f3731257c59496d22bb0059ba9325f5b28ea398707a15a03,b05b3c08a9480384711498385523e787a0cf5089bd508d3d33449ceaeab166d9,b05b3c08a9480384711498385523e787a0cf5089bd508d3d33449ceaeab166d9,b05b3c08a9480384711498385523e787a0cf5089bd508d3d33449ceaeab166d9,a34c3084400ef8bed0baf17c1a53351d16b85bd6b035589593985770f4d34d90,exact,4.4.2,12.3.0,3.11.15,sha256(big_endian_uint32(width) || big_endian_uint32(height) || RGB_pixel_bytes_row_major)
368,368,data/raw_images/normal/368.png,367.png,367.png,exact_post_preprocessing_match,exact_post_preprocessing_match,ILSVRC/imagenet-1k,49e2ee26f3810fb5a7536bbf732a7b07389a47b5,train,true,42,10000,256,408,n04179913_15179_n04179913.JPEG,786,500,375,500,375,500,375,500,375,,false,false,,,,350869,3145728,6,false,false,ed0872a1a94782e28fd305568449f4a4deb6cf301818a548d56f4e260d6ffde8,9581b4e0c42638832a5dfd0399dac6e25ef970325154c93d39423e69248cf44d,9581b4e0c42638832a5dfd0399dac6e25ef970325154c93d39423e69248cf44d,9581b4e0c42638832a5dfd0399dac6e25ef970325154c93d39423e69248cf44d,8492fbb29e66a79a890d4621d3652f7c8d0db2f335a9476f38b27ba1a35c20fd,exact,4.4.2,12.3.0,3.11.15,sha256(big_endian_uint32(width) || big_endian_uint32(height) || RGB_pixel_bytes_row_major)
369,369,data/raw_images/normal/369.png,368.png,368.png,exact_post_preprocessing_match,exact_post_preprocessing_match,ILSVRC/imagenet-1k,49e2ee26f3810fb5a7536bbf732a7b07389a47b5,train,true,42,10000,256,409,n02097130_2321_n02097130.JPEG,197,375,500,375,500,375,500,375,500,,false,false,,,,421070,3145728,6,false,true,9a5dd7fb863ae304d47bbbac721686755151b5c8e09198c9f86b6ab15a5a6926,7bbbb98d91127bdcf657fdb13f3e8617c621d0a33d23634ef612a87debc242c2,7bbbb98d91127bdcf657fdb13f3e8617c621d0a33d23634ef612a87debc242c2,7bbbb98d91127bdcf657fdb13f3e8617c621d0a33d23634ef612a87debc242c2,1b6bc2334c9550f246600fbb980ed0a2c859a4179461aee10284bd3ef06f10d1,exact,4.4.2,12.3.0,3.11.15,sha256(big_endian_uint32(width) || big_endian_uint32(height) || RGB_pixel_bytes_row_major)
370,370,data/raw_images/normal/370.png,369.png,369.png,exact_post_preprocessing_match,exact_post_preprocessing_match,ILSVRC/imagenet-1k,49e2ee26f3810fb5a7536bbf732a7b07389a47b5,train,true,42,10000,256,411,n03825788_11235_n03825788.JPEG,680,500,375,500,375,500,375,500,375,,false,false,,,,237413,3145728,6,false,false,8056b855fc88ae381113a562a0da25cbd82054aebe5cf5f849fc349e304b5cf6,0980d9a491fe5a186f43e5ef41bc20209dd7a83a6f5aa31f3d79c9d9c528a8c4,0980d9a491fe5a186f43e5ef41bc20209dd7a83a6f5aa31f3d79c9d9c528a8c4,0980d9a491fe5a186f43e5ef41bc20209dd7a83a6f5aa31f3d79c9d9c528a8c4,c5a5ba4421b868420f02b01603291fc75f349d876e5edc5638af90e1a6a6dd1a,exact,4.4.2,12.3.0,3.11.15,sha256(big_endian_uint32(width) || big_endian_uint32(height) || RGB_pixel_bytes_row_major)
371,371,data/raw_images/normal/371.png,370.png,370.png,exact_post_preprocessing_match,exact_post_preprocessing_match,ILSVRC/imagenet-1k,49e2ee26f3810fb5a7536bbf732a7b07389a47b5,train,true,42,10000,256,413,n01734418_1394_n01734418.JPEG,56,500,333,500,333,500,333,500,333,,false,false,,,,345986,3145728,6,false,true,39d70a85faf25df41592945ed366e24e85fa5cfdcd768926219c288a9d607228,242da14030816a226b77167f63246f5ed688c0d6acdda59f7c7dcf28a8750448,242da14030816a226b77167f63246f5ed688c0d6acdda59f7c7dcf28a8750448,242da14030816a226b77167f63246f5ed688c0d6acdda59f7c7dcf28a8750448,45f8d1872ffd6f153f25e4805b0b228c018b28173aa4c53fb40521f6a97f75bc,exact,4.4.2,12.3.0,3.11.15,sha256(big_endian_uint32(width) || big_endian_uint32(height) || RGB_pixel_bytes_row_major)
372,372,data/raw_images/normal/372.png,371.png,371.png,exact_post_preprocessing_match,exact_post_preprocessing_match,ILSVRC/imagenet-1k,49e2ee26f3810fb5a7536bbf732a7b07389a47b5,train,true,42,10000,256,414,n03777754_12336_n03777754.JPEG,662,370,720,370,720,370,720,370,720,,false,false,,,,139344,3145728,6,false,false,b33fd3597886951fd592ffb600cd5c68e04371fcf8c74040cb512a3101431562,149758041b0e24b678b198665fe4deec0dd2326515a85c967e782f1941819a8d,149758041b0e24b678b198665fe4deec0dd2326515a85c967e782f1941819a8d,149758041b0e24b678b198665fe4deec0dd2326515a85c967e782f1941819a8d,4c59146e47b143bccf8e4c67ce742cefd17dc83c3173e665e8a91a0a919dc714,exact,4.4.2,12.3.0,3.11.15,sha256(big_endian_uint32(width) || big_endian_uint32(height) || RGB_pixel_bytes_row_major)
373,373,data/raw_images/normal/373.png,372.png,372.png,exact_post_preprocessing_match,exact_post_preprocessing_match,ILSVRC/imagenet-1k,49e2ee26f3810fb5a7536bbf732a7b07389a47b5,train,true,42,10000,256,415,n04447861_1258_n04447861.JPEG,861,398,370,398,370,398,370,398,370,,false,false,,,,72661,3145728,6,false,false,6ddcf7efb58140309c1335ce4b5caccabbec501923792ad2a91fea46356c414d,55e11a4a80592dd9b1e0fdb131169879edff637a4c347a89fdced0971f2310d7,55e11a4a80592dd9b1e0fdb131169879edff637a4c347a89fdced0971f2310d7,55e11a4a80592dd9b1e0fdb131169879edff637a4c347a89fdced0971f2310d7,64a5eee7da17e45f9787c26642098c81de2d37513155462a4b5d9f979ee122ba,exact,4.4.2,12.3.0,3.11.15,sha256(big_endian_uint32(width) || big_endian_uint32(height) || RGB_pixel_bytes_row_major)
374,374,data/raw_images/normal/374.png,373.png,373.png,exact_post_preprocessing_match,exact_post_preprocessing_match,ILSVRC/imagenet-1k,49e2ee26f3810fb5a7536bbf732a7b07389a47b5,train,true,42,10000,256,416,n04483307_2798_n04483307.JPEG,871,610,408,610,408,610,408,610,408,,false,false,,,,400919,3145728,6,false,false,6e4a5baddc317c9cc075314fd1213f3b611c85684ffffa9cfe365067b11f19ae,62d9087d7cde00a0e38c59e580a3b1ac21fe54dcc39e2dd9703880cb9b8c2413,62d9087d7cde00a0e38c59e580a3b1ac21fe54dcc39e2dd9703880cb9b8c2413,62d9087d7cde00a0e38c59e580a3b1ac21fe54dcc39e2dd9703880cb9b8c2413,72f45cc9e7748d1268f047ba17bc0c12394793a31fb0b730c32091ad40ad077e,exact,4.4.2,12.3.0,3.11.15,sha256(big_endian_uint32(width) || big_endian_uint32(height) || RGB_pixel_bytes_row_major)
375,375,data/raw_images/normal/375.png,374.png,374.png,exact_post_preprocessing_match,exact_post_preprocessing_match,ILSVRC/imagenet-1k,49e2ee26f3810fb5a7536bbf732a7b07389a47b5,train,true,42,10000,256,417,n02869837_29461_n02869837.JPEG,452,842,800,842,800,842,800,842,800,1,false,false,,,,1288977,3145728,6,false,false,cf0cf9dfdb87d56fe145e236e9a52938cabb167ffb28d0712847463d512c1ed4,42e1b88c8fe89f28ede24a141b60b066268a0c2c318cf18f9227e2ecb290691e,42e1b88c8fe89f28ede24a141b60b066268a0c2c318cf18f9227e2ecb290691e,42e1b88c8fe89f28ede24a141b60b066268a0c2c318cf18f9227e2ecb290691e,4fdfb8114cdcfe02804707a4418362ca8272cfe561e8e3804730136474727423,exact,4.4.2,12.3.0,3.11.15,sha256(big_endian_uint32(width) || big_endian_uint32(height) || RGB_pixel_bytes_row_major)
376,376,data/raw_images/normal/376.png,375.png,375.png,exact_post_preprocessing_match,exact_post_preprocessing_match,ILSVRC/imagenet-1k,49e2ee26f3810fb5a7536bbf732a7b07389a47b5,train,true,42,10000,256,419,n04357314_27780_n04357314.JPEG,838,500,333,500,333,500,333,500,333,,false,false,,,,192838,3145728,6,false,true,9f33ab708ff4a2f39aa41bd26642cc69f0e3a5c723476e07efaf19fe3caedb22,484de99326526b9e7163ec9b3bae07934310848896cd96d3f9be240087587334,484de99326526b9e7163ec9b3bae07934310848896cd96d3f9be240087587334,484de99326526b9e7163ec9b3bae07934310848896cd96d3f9be240087587334,68ebb7be6ac951175b9ce29c79331fd99200d4969852e90d7a56d66d13994e66,exact,4.4.2,12.3.0,3.11.15,sha256(big_endian_uint32(width) || big_endian_uint32(height) || RGB_pixel_bytes_row_major)
377,377,data/raw_images/normal/377.png,376.png,376.png,exact_post_preprocessing_match,exact_post_preprocessing_match,ILSVRC/imagenet-1k,49e2ee26f3810fb5a7536bbf732a7b07389a47b5,train,true,42,10000,256,420,n02264363_9034_n02264363.JPEG,318,500,303,500,303,500,303,500,303,,false,false,,,,253325,3145728,6,false,false,693b624dfb1b960a196cd15858d904d513608a7dabace515a32af95248b698e6,564d27b2d47a3fe9c46631c3c95109caf4478c9862d11b229604edb35249f0fd,564d27b2d47a3fe9c46631c3c95109caf4478c9862d11b229604edb35249f0fd,564d27b2d47a3fe9c46631c3c95109caf4478c9862d11b229604edb35249f0fd,de127cb9ce4819b8f585faa663ff11c714d455d8268f6351647217f859b6d511,exact,4.4.2,12.3.0,3.11.15,sha256(big_endian_uint32(width) || big_endian_uint32(height) || RGB_pixel_bytes_row_major)
378,378,data/raw_images/normal/378.png,377.png,377.png,exact_post_preprocessing_match,exact_post_preprocessing_match,ILSVRC/imagenet-1k,49e2ee26f3810fb5a7536bbf732a7b07389a47b5,train,true,42,10000,256,421,n04522168_3818_n04522168.JPEG,883,375,500,375,500,375,500,375,500,,false,false,,,,381066,3145728,6,false,true,2d6e8b65b8ab3c607ce88157aba6e60390dd62b11bd5e08080909ad81253c28d,ef67630ab2fab20afcc7651579337a4de5de3218d8b8f7dfea1e7def93e3d37d,ef67630ab2fab20afcc7651579337a4de5de3218d8b8f7dfea1e7def93e3d37d,ef67630ab2fab20afcc7651579337a4de5de3218d8b8f7dfea1e7def93e3d37d,7856a6b0634969c19aba32ce999112254677b7bd8379503c194ff9f3b32de6c5,exact,4.4.2,12.3.0,3.11.15,sha256(big_endian_uint32(width) || big_endian_uint32(height) || RGB_pixel_bytes_row_major)
379,379,data/raw_images/normal/379.png,378.png,378.png,exact_post_preprocessing_match,exact_post_preprocessing_match,ILSVRC/imagenet-1k,49e2ee26f3810fb5a7536bbf732a7b07389a47b5,train,true,42,10000,256,422,n02206856_4287_n02206856.JPEG,309,500,468,500,468,500,468,500,468,,false,false,,,,351024,3145728,6,false,false,b56fc53418eba73c5f70d14e74bb8708ac4ed6913f99ddf98eccf04dbd6aeac3,a84027baf95628f4bbeffd37e82420866e5f793fb12ee6801393021e9e321636,a84027baf95628f4bbeffd37e82420866e5f793fb12ee6801393021e9e321636,a84027baf95628f4bbeffd37e82420866e5f793fb12ee6801393021e9e321636,35ba050b41f47256ac5b16cd76cadce0fcbea0c6b2aabf938e1f90f49ebe5db1,exact,4.4.2,12.3.0,3.11.15,sha256(big_endian_uint32(width) || big_endian_uint32(height) || RGB_pixel_bytes_row_major)
380,380,data/raw_images/normal/380.png,379.png,379.png,exact_post_preprocessing_match,exact_post_preprocessing_match,ILSVRC/imagenet-1k,49e2ee26f3810fb5a7536bbf732a7b07389a47b5,train,true,42,10000,256,423,n01443537_19861_n01443537.JPEG,1,500,375,500,375,500,375,500,375,,false,false,,,,229384,3145728,6,false,false,ad5c6ee12e46bf7ab9792ed26e2e7629c55ece153e3f8243aaddfe711e4eecb1,10d41a046435cb1cdd97ceea9b1d00515f9a00d855698b875390a0616e9fa994,10d41a046435cb1cdd97ceea9b1d00515f9a00d855698b875390a0616e9fa994,10d41a046435cb1cdd97ceea9b1d00515f9a00d855698b875390a0616e9fa994,d96bca181741fa2dbbe5e865ef2eb5b629204bd0b6002908fe293dc57cce437f,exact,4.4.2,12.3.0,3.11.15,sha256(big_endian_uint32(width) || big_endian_uint32(height) || RGB_pixel_bytes_row_major)
381,381,data/raw_images/normal/381.png,380.png,380.png,exact_post_preprocessing_match,exact_post_preprocessing_match,ILSVRC/imagenet-1k,49e2ee26f3810fb5a7536bbf732a7b07389a47b5,train,true,42,10000,256,424,n03124043_5150_n03124043.JPEG,514,500,375,500,375,500,375,500,375,,false,false,,,,292650,3145728,6,false,false,a246db85054695361a29573e0986d29092d7930e8dc381f8b7741fdf1d7fb538,04394fe502efe48ac47baa14915b63c2f3af4fe1f1bba42b472458a389f642ce,04394fe502efe48ac47baa14915b63c2f3af4fe1f1bba42b472458a389f642ce,04394fe502efe48ac47baa14915b63c2f3af4fe1f1bba42b472458a389f642ce,3abb4919a60cc9ad13a9d824709de7b78e2471f12b3d5a7ae9901160ad7379fb,exact,4.4.2,12.3.0,3.11.15,sha256(big_endian_uint32(width) || big_endian_uint32(height) || RGB_pixel_bytes_row_major)
382,382,data/raw_images/normal/382.png,381.png,381.png,exact_post_preprocessing_match,exact_post_preprocessing_match,ILSVRC/imagenet-1k,49e2ee26f3810fb5a7536bbf732a7b07389a47b5,train,true,42,10000,256,425,n02105505_1731_n02105505.JPEG,228,500,375,500,375,500,375,500,375,,false,false,,,,364459,3145728,6,false,false,e9c4a29bb8381e2d1f40abd714be61f023c98c96d997a6b4206714f7224d2b0c,1706bd0ec028d8dcd840b1c1a6575201940389628fad5bbd2a09a1b74255c9b3,1706bd0ec028d8dcd840b1c1a6575201940389628fad5bbd2a09a1b74255c9b3,1706bd0ec028d8dcd840b1c1a6575201940389628fad5bbd2a09a1b74255c9b3,96a3caccc7dcc1d89326f12de8fdfb7fdf868f1d85b425966d0ae9dfb460fe6f,exact,4.4.2,12.3.0,3.11.15,sha256(big_endian_uint32(width) || big_endian_uint32(height) || RGB_pixel_bytes_row_major)
383,383,data/raw_images/normal/383.png,382.png,382.png,exact_post_preprocessing_match,exact_post_preprocessing_match,ILSVRC/imagenet-1k,49e2ee26f3810fb5a7536bbf732a7b07389a47b5,train,true,42,10000,256,426,n04266014_7104_n04266014.JPEG,812,615,768,615,768,615,768,615,768,,false,false,,,,343189,3145728,6,false,false,5aa69caac8c98086e1594560711595127433370c57942892785efa1165722f31,bc26ee70067f9a566feb20e12e001b54b52529dc787367444ab70e8b0f714461,bc26ee70067f9a566feb20e12e001b54b52529dc787367444ab70e8b0f714461,bc26ee70067f9a566feb20e12e001b54b52529dc787367444ab70e8b0f714461,341ccf297099d6cf594a7de727e8b6b1c09713f970f0f92ffa482b86b2d28694,exact,4.4.2,12.3.0,3.11.15,sha256(big_endian_uint32(width) || big_endian_uint32(height) || RGB_pixel_bytes_row_major)
384,384,data/raw_images/normal/384.png,383.png,383.png,exact_post_preprocessing_match,exact_post_preprocessing_match,ILSVRC/imagenet-1k,49e2ee26f3810fb5a7536bbf732a7b07389a47b5,train,true,42,10000,256,428,n03770679_11054_n03770679.JPEG,656,500,375,500,375,500,375,500,375,,false,false,,,,328498,3145728,6,false,false,3be012f25a4fd710669615a6e0a5f7f1c667090395cb6fdbc6db7792f411f139,48147758cf5f7d23d17dfe36063adf3076aea5a1a933168551ef48c7871edca2,48147758cf5f7d23d17dfe36063adf3076aea5a1a933168551ef48c7871edca2,48147758cf5f7d23d17dfe36063adf3076aea5a1a933168551ef48c7871edca2,d97fcd920f9477c9ec41ed788c0a78240b16910ce3909c205809c8534244cdb0,exact,4.4.2,12.3.0,3.11.15,sha256(big_endian_uint32(width) || big_endian_uint32(height) || RGB_pixel_bytes_row_major)
385,385,data/raw_images/normal/385.png,384.png,384.png,exact_post_preprocessing_match,exact_post_preprocessing_match,ILSVRC/imagenet-1k,49e2ee26f3810fb5a7536bbf732a7b07389a47b5,train,true,42,10000,256,429,n04604644_6035_n04604644.JPEG,912,500,334,500,334,500,334,500,334,,false,false,,,,297927,3145728,6,false,false,d28b318ce130cbaf3cad3afa767ea25c8506d25be67ef64a27d28c9af3594b1f,5a1c96b701a8d5bc437bb1cd0c9550e52d0a54d1f74152f9561c8b35c4e93a76,5a1c96b701a8d5bc437bb1cd0c9550e52d0a54d1f74152f9561c8b35c4e93a76,5a1c96b701a8d5bc437bb1cd0c9550e52d0a54d1f74152f9561c8b35c4e93a76,29877726ff04374f26a561721411acbcc42a6f8615cfda07111b0bca2b810951,exact,4.4.2,12.3.0,3.11.15,sha256(big_endian_uint32(width) || big_endian_uint32(height) || RGB_pixel_bytes_row_major)
386,386,data/raw_images/normal/386.png,385.png,385.png,exact_post_preprocessing_match,exact_post_preprocessing_match,ILSVRC/imagenet-1k,49e2ee26f3810fb5a7536bbf732a7b07389a47b5,train,true,42,10000,256,431,n01514859_7136_n01514859.JPEG,8,600,474,600,474,600,474,600,474,1,false,false,,,,616473,3145728,6,false,true,4dda4f43355357e2839b87d9ac48d39938adfb1c541978324db4e0e0878ea846,7bfc2132fc197e7d3d420b6db8f9cb6fdca45b1034c3f2d73139cbec0785f5e6,7bfc2132fc197e7d3d420b6db8f9cb6fdca45b1034c3f2d73139cbec0785f5e6,7bfc2132fc197e7d3d420b6db8f9cb6fdca45b1034c3f2d73139cbec0785f5e6,7adf1742f48b83fc28ebfcb462283e131f764e3ad0de253bbfc707ebd084f0fa,exact,4.4.2,12.3.0,3.11.15,sha256(big_endian_uint32(width) || big_endian_uint32(height) || RGB_pixel_bytes_row_major)
387,387,data/raw_images/normal/387.png,386.png,386.png,exact_post_preprocessing_match,exact_post_preprocessing_match,ILSVRC/imagenet-1k,49e2ee26f3810fb5a7536bbf732a7b07389a47b5,train,true,42,10000,256,432,n02011460_1146_n02011460.JPEG,133,640,427,640,427,640,427,640,427,1,false,false,,,,520161,3145728,6,false,true,e3f8ec12d5668fc2637cfd801211f7f257bbcbe0a4e99ab2733f0038160e1dca,5f08285594c02fa28b3f5d78213c00dd7ee0d5aa386c7d215a95d5a920e8fa54,5f08285594c02fa28b3f5d78213c00dd7ee0d5aa386c7d215a95d5a920e8fa54,5f08285594c02fa28b3f5d78213c00dd7ee0d5aa386c7d215a95d5a920e8fa54,6ab0ed2e5026474b71c2403c6970db4e48adac871540d38c552b47c293876577,exact,4.4.2,12.3.0,3.11.15,sha256(big_endian_uint32(width) || big_endian_uint32(height) || RGB_pixel_bytes_row_major)
388,388,data/raw_images/normal/388.png,387.png,387.png,exact_post_preprocessing_match,exact_post_preprocessing_match,ILSVRC/imagenet-1k,49e2ee26f3810fb5a7536bbf732a7b07389a47b5,train,true,42,10000,256,434,n02422699_12872_n02422699.JPEG,352,410,276,410,276,410,276,410,276,,false,false,,,,146837,3145728,6,false,false,83c3be7712f54f7bff7c96610fcf2b2504a901286ede7595dbaed3aaf69f84be,76bc019eb3571102cbc94b007064dad3b0e286f0de6b9322e0749be30c331a26,76bc019eb3571102cbc94b007064dad3b0e286f0de6b9322e0749be30c331a26,76bc019eb3571102cbc94b007064dad3b0e286f0de6b9322e0749be30c331a26,289360f2db896ed64904f2c0e2777bacf636563496080c223f42ef0c1e4ab973,exact,4.4.2,12.3.0,3.11.15,sha256(big_endian_uint32(width) || big_endian_uint32(height) || RGB_pixel_bytes_row_major)
389,389,data/raw_images/normal/389.png,388.png,388.png,exact_post_preprocessing_match,exact_post_preprocessing_match,ILSVRC/imagenet-1k,49e2ee26f3810fb5a7536bbf732a7b07389a47b5,train,true,42,10000,256,435,n01580077_8177_n01580077.JPEG,17,500,318,500,318,500,318,500,318,,false,false,,,,309390,3145728,6,false,false,d0b23460cab8b2cf532bc3ea1b33f420544687e7cd20eebbcc02853e06a65b18,748144c312ba92db1e5e88a446ad8a46f91539ba12464e823d242b070a351e45,748144c312ba92db1e5e88a446ad8a46f91539ba12464e823d242b070a351e45,748144c312ba92db1e5e88a446ad8a46f91539ba12464e823d242b070a351e45,5e91bfec6658aa3f3255fe90fce7a6e961b8e513325d6f829a324fb14c848001,exact,4.4.2,12.3.0,3.11.15,sha256(big_endian_uint32(width) || big_endian_uint32(height) || RGB_pixel_bytes_row_major)
390,390,data/raw_images/normal/390.png,389.png,389.png,exact_post_preprocessing_match,exact_post_preprocessing_match,ILSVRC/imagenet-1k,49e2ee26f3810fb5a7536bbf732a7b07389a47b5,train,true,42,10000,256,436,n02089867_6628_n02089867.JPEG,166,526,531,526,531,526,531,526,531,,false,false,,,,437022,3145728,6,false,false,705c81ac2be552015fe6f3bc99327576d07707ed52828d5c18a6d36b218f19ca,7fcb134df7b525866a5d6958dd8430da683342aca2e5db7dedef0269d6d9ccc8,7fcb134df7b525866a5d6958dd8430da683342aca2e5db7dedef0269d6d9ccc8,7fcb134df7b525866a5d6958dd8430da683342aca2e5db7dedef0269d6d9ccc8,68c33179e60cbc14e26a552bc0f7d6e0d3038c81e39200aaad446e74a9dbda7c,exact,4.4.2,12.3.0,3.11.15,sha256(big_endian_uint32(width) || big_endian_uint32(height) || RGB_pixel_bytes_row_major)
391,391,data/raw_images/normal/391.png,390.png,390.png,exact_post_preprocessing_match,exact_post_preprocessing_match,ILSVRC/imagenet-1k,49e2ee26f3810fb5a7536bbf732a7b07389a47b5,train,true,42,10000,256,439,n01558993_19132_n01558993.JPEG,15,500,270,500,270,500,270,500,270,,false,false,,,,248260,3145728,6,false,true,7efd2ffbedec7027bce878ff2ede0ebc5cb6f591bb73f3d5e9a33090bde59293,6d85a07e63626c5ab3a185b392bdac635b83c7b9af486aa0c5c62fff8623d620,6d85a07e63626c5ab3a185b392bdac635b83c7b9af486aa0c5c62fff8623d620,6d85a07e63626c5ab3a185b392bdac635b83c7b9af486aa0c5c62fff8623d620,d579f29a77153643d574dd83f9c203ec2d2375aefe982f32b56c413f04009205,exact,4.4.2,12.3.0,3.11.15,sha256(big_endian_uint32(width) || big_endian_uint32(height) || RGB_pixel_bytes_row_major)
392,392,data/raw_images/normal/392.png,391.png,391.png,exact_post_preprocessing_match,exact_post_preprocessing_match,ILSVRC/imagenet-1k,49e2ee26f3810fb5a7536bbf732a7b07389a47b5,train,true,42,10000,256,440,n01443537_2249_n01443537.JPEG,1,432,288,432,288,432,288,432,288,,false,false,,,,184165,3145728,6,false,false,152a45c5f7cce58e8137f5074b80a31cef5383623114802ad3639f4d08292565,8126d47f896bb3449bea89d4e790f07d419efc88262e17388a8404a82804c449,8126d47f896bb3449bea89d4e790f07d419efc88262e17388a8404a82804c449,8126d47f896bb3449bea89d4e790f07d419efc88262e17388a8404a82804c449,4c82c3670322b8eff960c08d84c5177a7bdc6effd3736f37627e95ef32c47cbf,exact,4.4.2,12.3.0,3.11.15,sha256(big_endian_uint32(width) || big_endian_uint32(height) || RGB_pixel_bytes_row_major)
393,393,data/raw_images/normal/393.png,392.png,392.png,exact_post_preprocessing_match,exact_post_preprocessing_match,ILSVRC/imagenet-1k,49e2ee26f3810fb5a7536bbf732a7b07389a47b5,train,true,42,10000,256,441,n03445777_9171_n03445777.JPEG,574,500,375,500,375,500,375,500,375,,false,false,,,,338460,3145728,6,false,false,7e0c66c0fbd2db1886d2bde69dc8e5f95ba5e51c3f3a434a56f2c978891d1aac,1f6900a12380a5633e81188fe71d19f4baa75371fab846d246dac83af7edf804,1f6900a12380a5633e81188fe71d19f4baa75371fab846d246dac83af7edf804,1f6900a12380a5633e81188fe71d19f4baa75371fab846d246dac83af7edf804,11d917c922283235c027000ae6ce6f66f954b0e1ba9bab122a963f19cac61d64,exact,4.4.2,12.3.0,3.11.15,sha256(big_endian_uint32(width) || big_endian_uint32(height) || RGB_pixel_bytes_row_major)
394,394,data/raw_images/normal/394.png,393.png,393.png,exact_post_preprocessing_match,exact_post_preprocessing_match,ILSVRC/imagenet-1k,49e2ee26f3810fb5a7536bbf732a7b07389a47b5,train,true,42,10000,256,442,n01755581_15700_n01755581.JPEG,67,500,324,500,324,500,324,500,324,,false,false,,,,406036,3145728,6,false,true,ef74ddf23aeb4e1b597462fd3e8a568f0d84fb2b3bd4e80b6c420e7d9239ca60,bea33aec830ea8569841496bc8da421ca3e5464ec4ce17bffc03831cc769d2cf,bea33aec830ea8569841496bc8da421ca3e5464ec4ce17bffc03831cc769d2cf,bea33aec830ea8569841496bc8da421ca3e5464ec4ce17bffc03831cc769d2cf,ea290950ad269bec298ec50e73131a34cff3aef8815f5cc8b8397565c145e532,exact,4.4.2,12.3.0,3.11.15,sha256(big_endian_uint32(width) || big_endian_uint32(height) || RGB_pixel_bytes_row_major)
395,395,data/raw_images/normal/395.png,394.png,394.png,exact_post_preprocessing_match,exact_post_preprocessing_match,ILSVRC/imagenet-1k,49e2ee26f3810fb5a7536bbf732a7b07389a47b5,train,true,42,10000,256,445,n03207941_3354_n03207941.JPEG,534,500,432,500,432,500,432,500,432,,false,false,,,,494980,3145728,6,false,false,ec0058fcc08177d5fb765aa9ee80a9357114838c97727b15c0ad6862c1727690,807924dc634e2b069b82b0d72ea5dab644c15e9c65887ffabbdaa1852bf08a0b,807924dc634e2b069b82b0d72ea5dab644c15e9c65887ffabbdaa1852bf08a0b,807924dc634e2b069b82b0d72ea5dab644c15e9c65887ffabbdaa1852bf08a0b,0c652faa4d8d29d160728b9a55b8b4b773da0bd138e03b032f263597127d1f9e,exact,4.4.2,12.3.0,3.11.15,sha256(big_endian_uint32(width) || big_endian_uint32(height) || RGB_pixel_bytes_row_major)
396,396,data/raw_images/normal/396.png,395.png,395.png,exact_post_preprocessing_match,exact_post_preprocessing_match,ILSVRC/imagenet-1k,49e2ee26f3810fb5a7536bbf732a7b07389a47b5,train,true,42,10000,256,446,n04147183_15818_n04147183.JPEG,780,333,500,333,500,333,500,333,500,,false,false,,,,373429,3145728,6,false,true,3d01571431bce096a86f3ba9a3e7adf17ffc4527a5654222c0d11e4e9ea289ae,d450735dc95dbc4d0a1ae5a720162574fe4c03cd763b868baaf421b55c430796,d450735dc95dbc4d0a1ae5a720162574fe4c03cd763b868baaf421b55c430796,d450735dc95dbc4d0a1ae5a720162574fe4c03cd763b868baaf421b55c430796,3fd684cbf3400ddb84953b90d62e3ec671325391973d84890222acda5cd0f00b,exact,4.4.2,12.3.0,3.11.15,sha256(big_endian_uint32(width) || big_endian_uint32(height) || RGB_pixel_bytes_row_major)
397,397,data/raw_images/normal/397.png,396.png,396.png,exact_post_preprocessing_match,exact_post_preprocessing_match,ILSVRC/imagenet-1k,49e2ee26f3810fb5a7536bbf732a7b07389a47b5,train,true,42,10000,256,447,n01667114_871_n01667114.JPEG,35,500,372,500,372,500,372,500,372,,false,false,,,,479512,3145728,6,false,false,e72d4611f8924fdad5e9f269f766dfcf90d7928aabb7fb9c03e2722787294965,2fb1b49ffbb24d3aace316da6587888aa2a22c475968e442d500cd38b8404c6c,2fb1b49ffbb24d3aace316da6587888aa2a22c475968e442d500cd38b8404c6c,2fb1b49ffbb24d3aace316da6587888aa2a22c475968e442d500cd38b8404c6c,f4f87d769e96235438a249a90a97802cf798520b51204d053438ed0dba214ddc,exact,4.4.2,12.3.0,3.11.15,sha256(big_endian_uint32(width) || big_endian_uint32(height) || RGB_pixel_bytes_row_major)
398,398,data/raw_images/normal/398.png,397.png,397.png,exact_post_preprocessing_match,exact_post_preprocessing_match,ILSVRC/imagenet-1k,49e2ee26f3810fb5a7536bbf732a7b07389a47b5,train,true,42,10000,256,449,n01742172_5591_n01742172.JPEG,61,504,378,504,378,504,378,504,378,,false,false,,,,361704,3145728,6,false,false,6be74e67ee4107e27965116357da37a988b5d2692469544e962783dcc18ec10a,7478e4ebf80174806c81c809709882a100673d36e674569bec03e7ef236eeb00,7478e4ebf80174806c81c809709882a100673d36e674569bec03e7ef236eeb00,7478e4ebf80174806c81c809709882a100673d36e674569bec03e7ef236eeb00,e651be282b5af3947748c34888532c31759214e2dfaff304e74aa47726d918fa,exact,4.4.2,12.3.0,3.11.15,sha256(big_endian_uint32(width) || big_endian_uint32(height) || RGB_pixel_bytes_row_major)
399,399,data/raw_images/normal/399.png,398.png,398.png,exact_post_preprocessing_match,exact_post_preprocessing_match,ILSVRC/imagenet-1k,49e2ee26f3810fb5a7536bbf732a7b07389a47b5,train,true,42,10000,256,450,n12057211_8636_n12057211.JPEG,986,480,720,480,720,480,720,480,720,,false,false,,,,573813,3145728,6,false,false,cd56db1b206e23885bafc731a6180af3e1e228ea72be3df0e6b18b131d6a09f3,6a75b5337602771d1d09a5d7b992d34a89baa646b546bff5e9bab4697ca4374c,6a75b5337602771d1d09a5d7b992d34a89baa646b546bff5e9bab4697ca4374c,6a75b5337602771d1d09a5d7b992d34a89baa646b546bff5e9bab4697ca4374c,cd7771a6a025ad913986cce5948b47af1eb23332743e3b40d19eca7a8e51f377,exact,4.4.2,12.3.0,3.11.15,sha256(big_endian_uint32(width) || big_endian_uint32(height) || RGB_pixel_bytes_row_major)
400,400,data/raw_images/normal/400.png,399.png,399.png,exact_post_preprocessing_match,exact_post_preprocessing_match,ILSVRC/imagenet-1k,49e2ee26f3810fb5a7536bbf732a7b07389a47b5,train,true,42,10000,256,452,n01729977_167_n01729977.JPEG,55,500,333,500,333,500,333,500,333,,false,false,,,,229158,3145728,6,false,false,084006031806cfe29c17ad99a3e9ca83ef5bf7b0a82e040b33925f9e54571fd2,f027c61c89804fea05340b30e6409ec0228a801980d08d75ee65cc09000312e6,f027c61c89804fea05340b30e6409ec0228a801980d08d75ee65cc09000312e6,f027c61c89804fea05340b30e6409ec0228a801980d08d75ee65cc09000312e6,9f7ab6c26438f97f23aacd2cd0572135302b8eb5ad3a8989975419f2d797d46b,exact,4.4.2,12.3.0,3.11.15,sha256(big_endian_uint32(width) || big_endian_uint32(height) || RGB_pixel_bytes_row_major)
401,401,data/raw_images/normal/401.png,400.png,400.png,exact_post_preprocessing_match,exact_post_preprocessing_match,ILSVRC/imagenet-1k,49e2ee26f3810fb5a7536bbf732a7b07389a47b5,train,true,42,10000,256,453,n02410509_2898_n02410509.JPEG,347,500,375,500,375,500,375,500,375,,false,false,,,,303363,3145728,6,false,false,0892425a6f7b89370f517c533c3216dbb7d8e89715296fcee40f87f4929cba12,df5baaefa45ad159367a8602e54a00524be74a6d11f706feadae71f9b748f62e,df5baaefa45ad159367a8602e54a00524be74a6d11f706feadae71f9b748f62e,df5baaefa45ad159367a8602e54a00524be74a6d11f706feadae71f9b748f62e,d9af6a9e4ce2912fb8605f9924739b75fad07cd9b8240bbc16ae482c36842bad,exact,4.4.2,12.3.0,3.11.15,sha256(big_endian_uint32(width) || big_endian_uint32(height) || RGB_pixel_bytes_row_major)
402,402,data/raw_images/normal/402.png,401.png,401.png,exact_post_preprocessing_match,exact_post_preprocessing_match,ILSVRC/imagenet-1k,49e2ee26f3810fb5a7536bbf732a7b07389a47b5,train,true,42,10000,256,455,n04485082_6284_n04485082.JPEG,872,357,500,357,500,357,500,357,500,,false,false,,,,126135,3145728,6,false,false,6bb89ef8faf87742c3ef5c11a191c750400b337c4a0d56c69deff1665216d1c5,0ae6ba6e837eda878ecb7d639973abcd125be07599697a552dfabb4169c7eb16,0ae6ba6e837eda878ecb7d639973abcd125be07599697a552dfabb4169c7eb16,0ae6ba6e837eda878ecb7d639973abcd125be07599697a552dfabb4169c7eb16,42aef6f0ebd9d20c41a0f8ec91e105e978c035c912212978544aa00b7b752eb6,exact,4.4.2,12.3.0,3.11.15,sha256(big_endian_uint32(width) || big_endian_uint32(height) || RGB_pixel_bytes_row_major)
403,403,data/raw_images/normal/403.png,402.png,402.png,exact_post_preprocessing_match,exact_post_preprocessing_match,ILSVRC/imagenet-1k,49e2ee26f3810fb5a7536bbf732a7b07389a47b5,train,true,42,10000,256,456,n04552348_21427_n04552348.JPEG,895,500,333,500,333,500,333,500,333,,false,false,,,,260681,3145728,6,false,false,bd785817850bdb177fff9d187982688bdad5a6a5c00aabf27559b38036e921a4,a5f39e94fada218ab8ff185eb7625ba73d6f42d5ce4dc38be416b05ba7ad09a2,a5f39e94fada218ab8ff185eb7625ba73d6f42d5ce4dc38be416b05ba7ad09a2,a5f39e94fada218ab8ff185eb7625ba73d6f42d5ce4dc38be416b05ba7ad09a2,5ec438aec970f9052b12f7380d1595c300bb346d7bb8a95e4f938f97698c0a51,exact,4.4.2,12.3.0,3.11.15,sha256(big_endian_uint32(width) || big_endian_uint32(height) || RGB_pixel_bytes_row_major)
404,404,data/raw_images/normal/404.png,403.png,403.png,exact_post_preprocessing_match,exact_post_preprocessing_match,ILSVRC/imagenet-1k,49e2ee26f3810fb5a7536bbf732a7b07389a47b5,train,true,42,10000,256,457,n04423845_15974_n04423845.JPEG,855,500,375,500,375,500,375,500,375,,false,false,,,,297648,3145728,6,false,true,60d6d1d7ffba0e593e2469e79d2380a3ca33a4d56d8b511faa78b44ad5a37cf4,dac7475d622d7a401e10096cd19181ff513e1adff65db30977f154a65304bb84,dac7475d622d7a401e10096cd19181ff513e1adff65db30977f154a65304bb84,dac7475d622d7a401e10096cd19181ff513e1adff65db30977f154a65304bb84,8e9082a111a6b9c7d8285a39074d50377524feaa21be9a2d09e6354acd5fddff,exact,4.4.2,12.3.0,3.11.15,sha256(big_endian_uint32(width) || big_endian_uint32(height) || RGB_pixel_bytes_row_major)
405,405,data/raw_images/normal/405.png,404.png,404.png,exact_post_preprocessing_match,exact_post_preprocessing_match,ILSVRC/imagenet-1k,49e2ee26f3810fb5a7536bbf732a7b07389a47b5,train,true,42,10000,256,459,n04026417_27182_n04026417.JPEG,748,468,351,468,351,468,351,468,351,,false,false,,,,128075,3145728,6,false,false,c52ff40809e13c42dbf165da5e2117f04cc1fe1ac1aaa09465e67e486e319406,98bd85bf2d7283181292be89919e18c5b2fe8a4a088806bebbfbe75e99df5224,98bd85bf2d7283181292be89919e18c5b2fe8a4a088806bebbfbe75e99df5224,98bd85bf2d7283181292be89919e18c5b2fe8a4a088806bebbfbe75e99df5224,1903d13ef10f891766eb9efc891a4a5286c8085585f02e99051a15db7ec90112,exact,4.4.2,12.3.0,3.11.15,sha256(big_endian_uint32(width) || big_endian_uint32(height) || RGB_pixel_bytes_row_major)
406,406,data/raw_images/normal/406.png,405.png,405.png,exact_post_preprocessing_match,exact_post_preprocessing_match,ILSVRC/imagenet-1k,49e2ee26f3810fb5a7536bbf732a7b07389a47b5,train,true,42,10000,256,460,n02114548_11700_n02114548.JPEG,270,336,296,336,296,336,296,336,296,,false,false,,,,159069,3145728,6,false,true,b4e96fea236c3d193ce4e1670ba85ea45da87f15282b9e7dccd8f75222e0bc14,3115b921f7839770db7471f73b87c79b65f0b9249e6abc9a27e79f7994a5290b,3115b921f7839770db7471f73b87c79b65f0b9249e6abc9a27e79f7994a5290b,3115b921f7839770db7471f73b87c79b65f0b9249e6abc9a27e79f7994a5290b,a3b24cd386040738a833e2dc53ec597688e48a1b44583b4096e20c7657360eb8,exact,4.4.2,12.3.0,3.11.15,sha256(big_endian_uint32(width) || big_endian_uint32(height) || RGB_pixel_bytes_row_major)
407,407,data/raw_images/normal/407.png,406.png,406.png,exact_post_preprocessing_match,exact_post_preprocessing_match,ILSVRC/imagenet-1k,49e2ee26f3810fb5a7536bbf732a7b07389a47b5,train,true,42,10000,256,461,n03026506_4140_n03026506.JPEG,496,333,500,333,500,333,500,333,500,,false,false,,,,323361,3145728,6,false,false,129622eb50cee9f8e9d32105f374fc8edac8a0307b6114d7abe46d22470ea93b,a956724bd5111ac5f10fd4f0c31c9fd830ec629cde287adae1e539b617aba51c,a956724bd5111ac5f10fd4f0c31c9fd830ec629cde287adae1e539b617aba51c,a956724bd5111ac5f10fd4f0c31c9fd830ec629cde287adae1e539b617aba51c,8d869ed543ad200c1765705ccdc4e83dee4c04bf19e0845a3915659deb7ad234,exact,4.4.2,12.3.0,3.11.15,sha256(big_endian_uint32(width) || big_endian_uint32(height) || RGB_pixel_bytes_row_major)
408,408,data/raw_images/normal/408.png,407.png,407.png,exact_post_preprocessing_match,exact_post_preprocessing_match,ILSVRC/imagenet-1k,49e2ee26f3810fb5a7536bbf732a7b07389a47b5,train,true,42,10000,256,462,n02231487_1179_n02231487.JPEG,313,500,375,500,375,500,375,500,375,,false,false,,,,335630,3145728,6,false,false,c2cba0b41858c3b63b2a7d3d7ea29b3321126be89133034f7766b11df4a7d4d3,f2b751791cc8616c45470033a17449e033af45530fa0c3075e41767c613e5047,f2b751791cc8616c45470033a17449e033af45530fa0c3075e41767c613e5047,f2b751791cc8616c45470033a17449e033af45530fa0c3075e41767c613e5047,586594e52bac49ab2713b2e51dad667651bf0532c3a9f4f1b2c22a82314198df,exact,4.4.2,12.3.0,3.11.15,sha256(big_endian_uint32(width) || big_endian_uint32(height) || RGB_pixel_bytes_row_major)
409,409,data/raw_images/normal/409.png,408.png,408.png,exact_post_preprocessing_match,exact_post_preprocessing_match,ILSVRC/imagenet-1k,49e2ee26f3810fb5a7536bbf732a7b07389a47b5,train,true,42,10000,256,464,n02117135_14977_n02117135.JPEG,276,500,411,500,411,500,411,500,411,,false,false,,,,480462,3145728,6,false,true,0ff91083e9f67a82c18eb32a43ad63fbcf59d783c9489ec55853749d11dd3b8d,0747de1d9cbf5015eeb5e64fdae4a2129fc95c530b27203e0044470a81161f91,0747de1d9cbf5015eeb5e64fdae4a2129fc95c530b27203e0044470a81161f91,0747de1d9cbf5015eeb5e64fdae4a2129fc95c530b27203e0044470a81161f91,c38df7e85b3170dd23f5b34d7d4d3032619f3c83b1e9fa9a0ced05d01117ec7b,exact,4.4.2,12.3.0,3.11.15,sha256(big_endian_uint32(width) || big_endian_uint32(height) || RGB_pixel_bytes_row_major)
410,410,data/raw_images/normal/410.png,409.png,409.png,exact_post_preprocessing_match,exact_post_preprocessing_match,ILSVRC/imagenet-1k,49e2ee26f3810fb5a7536bbf732a7b07389a47b5,train,true,42,10000,256,465,n02916936_12816_n02916936.JPEG,465,325,374,325,374,325,374,325,374,,false,false,,,,94302,3145728,6,false,false,f35379c757be18802bfd03fe15123d2411aa645bf34374e7e0d44c0380beae88,02254a29719be3bf7f25f203a48d3c30dc88e6f8b3e734e0d6ad60abb69a893f,02254a29719be3bf7f25f203a48d3c30dc88e6f8b3e734e0d6ad60abb69a893f,02254a29719be3bf7f25f203a48d3c30dc88e6f8b3e734e0d6ad60abb69a893f,0bca53e3e94e62216c6882baaa7b2bcee79d780bde7b2af71a4eb310a5736032,exact,4.4.2,12.3.0,3.11.15,sha256(big_endian_uint32(width) || big_endian_uint32(height) || RGB_pixel_bytes_row_major)
411,411,data/raw_images/normal/411.png,410.png,410.png,exact_post_preprocessing_match,exact_post_preprocessing_match,ILSVRC/imagenet-1k,49e2ee26f3810fb5a7536bbf732a7b07389a47b5,train,true,42,10000,256,466,n04591713_2805_n04591713.JPEG,907,375,500,375,500,375,500,375,500,,false,false,,,,530272,3145728,6,false,true,c3d48185c598b0d6257a9afe547cb2dae4fc1430e1c92b132487ac2da5d4dadc,104dd873ef839460297db58d0c87ce1b1f977a5dc42df01e403f01cfdaff7101,104dd873ef839460297db58d0c87ce1b1f977a5dc42df01e403f01cfdaff7101,104dd873ef839460297db58d0c87ce1b1f977a5dc42df01e403f01cfdaff7101,439689bcf94ab038982d1892c6a449a9309a81b1fde579b183bffa1e11ac8b6c,exact,4.4.2,12.3.0,3.11.15,sha256(big_endian_uint32(width) || big_endian_uint32(height) || RGB_pixel_bytes_row_major)
412,412,data/raw_images/normal/412.png,411.png,411.png,exact_post_preprocessing_match,exact_post_preprocessing_match,ILSVRC/imagenet-1k,49e2ee26f3810fb5a7536bbf732a7b07389a47b5,train,true,42,10000,256,467,n02415577_677_n02415577.JPEG,349,500,332,500,332,500,332,500,332,,false,false,,,,423815,3145728,6,false,false,8ac4307b28d9d9ce583f164cba5bbac0995814d8f28532290f63931a489234ad,8b8f070bf16d2eb3eb0e2628ab52504d0fc694e9705cb3c3118610ac860bbbab,8b8f070bf16d2eb3eb0e2628ab52504d0fc694e9705cb3c3118610ac860bbbab,8b8f070bf16d2eb3eb0e2628ab52504d0fc694e9705cb3c3118610ac860bbbab,a6b36fe016b124d6aee7ddfc408933f2c4a687a70d5abae8d3af9e48342ae1b0,exact,4.4.2,12.3.0,3.11.15,sha256(big_endian_uint32(width) || big_endian_uint32(height) || RGB_pixel_bytes_row_major)
413,413,data/raw_images/normal/413.png,412.png,412.png,exact_post_preprocessing_match,exact_post_preprocessing_match,ILSVRC/imagenet-1k,49e2ee26f3810fb5a7536bbf732a7b07389a47b5,train,true,42,10000,256,470,n02493793_10721_n02493793.JPEG,381,500,375,500,375,500,375,500,375,,false,false,,,,473559,3145728,6,false,false,a97cb506c2b5639540c4fb896b166eae00ba17dd6b001f9c8276bcea5e92ae84,0b3bd300e06fbe2142c899b17bb6d42443a8afdc5ea78ea33f02528141e6d96d,0b3bd300e06fbe2142c899b17bb6d42443a8afdc5ea78ea33f02528141e6d96d,0b3bd300e06fbe2142c899b17bb6d42443a8afdc5ea78ea33f02528141e6d96d,5484a0f74c5e7cd9fe70fe53307b7ecd05da496bb2d131705592dd62c87ead1d,exact,4.4.2,12.3.0,3.11.15,sha256(big_endian_uint32(width) || big_endian_uint32(height) || RGB_pixel_bytes_row_major)
414,414,data/raw_images/normal/414.png,413.png,413.png,exact_post_preprocessing_match,exact_post_preprocessing_match,ILSVRC/imagenet-1k,49e2ee26f3810fb5a7536bbf732a7b07389a47b5,train,true,42,10000,256,471,n04070727_1215_n04070727.JPEG,760,391,500,391,500,391,500,391,500,,false,false,,,,383786,3145728,6,false,false,520b71c3fce2ab6f31501c7bc2772c93533af94cb82f4e1b04866fb230fecbbe,3d274af896c0d65e0ee6b35ca06c8b9246ccb3ce3bb2b38bbea9d22bb16c57f3,3d274af896c0d65e0ee6b35ca06c8b9246ccb3ce3bb2b38bbea9d22bb16c57f3,3d274af896c0d65e0ee6b35ca06c8b9246ccb3ce3bb2b38bbea9d22bb16c57f3,e3fb75906f2288253c852163468abb824b8b1ef4119cebc9a6f1eedb6d686cb3,exact,4.4.2,12.3.0,3.11.15,sha256(big_endian_uint32(width) || big_endian_uint32(height) || RGB_pixel_bytes_row_major)
415,415,data/raw_images/normal/415.png,414.png,414.png,exact_post_preprocessing_match,exact_post_preprocessing_match,ILSVRC/imagenet-1k,49e2ee26f3810fb5a7536bbf732a7b07389a47b5,train,true,42,10000,256,472,n02980441_15769_n02980441.JPEG,483,500,499,500,499,500,499,500,499,,false,false,,,,513075,3145728,6,false,true,2f9652b188810d91142939390f336543d111538eb738acb9104531f377a7cca6,ee6740745e636c22282415ebec78485ff12bd95385dacca14ce1917065609cb1,ee6740745e636c22282415ebec78485ff12bd95385dacca14ce1917065609cb1,ee6740745e636c22282415ebec78485ff12bd95385dacca14ce1917065609cb1,35c0239d9d003ea5831e4cdd2ff4a5af5fecca1a79ea86bfe855f89400272c88,exact,4.4.2,12.3.0,3.11.15,sha256(big_endian_uint32(width) || big_endian_uint32(height) || RGB_pixel_bytes_row_major)
416,416,data/raw_images/normal/416.png,415.png,415.png,exact_post_preprocessing_match,exact_post_preprocessing_match,ILSVRC/imagenet-1k,49e2ee26f3810fb5a7536bbf732a7b07389a47b5,train,true,42,10000,256,473,n04033995_9189_n04033995.JPEG,750,375,500,375,500,375,500,375,500,,false,false,,,,375508,3145728,6,false,false,30f8670b313ea4f27a888ba9211a31b7d85c87ea33bf92bd11d5332f2c95f5c9,6cd13ba86942f516fd882706a2515dd177856d928505b68fe3fe5f1e758c76a7,6cd13ba86942f516fd882706a2515dd177856d928505b68fe3fe5f1e758c76a7,6cd13ba86942f516fd882706a2515dd177856d928505b68fe3fe5f1e758c76a7,2c6d552373fdfb542db521c7b7503eb7dcc9b54448a5733f48b0ffffcf3c6fca,exact,4.4.2,12.3.0,3.11.15,sha256(big_endian_uint32(width) || big_endian_uint32(height) || RGB_pixel_bytes_row_major)
417,417,data/raw_images/normal/417.png,416.png,416.png,exact_post_preprocessing_match,exact_post_preprocessing_match,ILSVRC/imagenet-1k,49e2ee26f3810fb5a7536bbf732a7b07389a47b5,train,true,42,10000,256,474,n01692333_120_n01692333.JPEG,45,500,375,500,375,500,375,500,375,,false,false,,,,456390,3145728,6,false,false,82ba16de019e79083f18cb66196170946f59ef65489745e12589da2200bd36e0,ff2620a98290eb69cf200f2878e487ac440058c1b04d4ed4a766954584b10716,ff2620a98290eb69cf200f2878e487ac440058c1b04d4ed4a766954584b10716,ff2620a98290eb69cf200f2878e487ac440058c1b04d4ed4a766954584b10716,749f98f9edfaa9e46388dfe534ce1ee31e097df2426ffe29000cd8629a04c127,exact,4.4.2,12.3.0,3.11.15,sha256(big_endian_uint32(width) || big_endian_uint32(height) || RGB_pixel_bytes_row_major)
418,418,data/raw_images/normal/418.png,417.png,417.png,exact_post_preprocessing_match,exact_post_preprocessing_match,ILSVRC/imagenet-1k,49e2ee26f3810fb5a7536bbf732a7b07389a47b5,train,true,42,10000,256,475,n04263257_2049_n04263257.JPEG,809,500,281,500,281,500,281,500,281,,false,false,,,,230206,3145728,6,false,false,3f081e045a3d6388d494b335fc8556be2518fe44f3485d56bd22796e17de7b6b,c14d7f12dc2c271fe80eb11c412af2cbe2a17e8c9917e7c4d463a3669f65e980,c14d7f12dc2c271fe80eb11c412af2cbe2a17e8c9917e7c4d463a3669f65e980,c14d7f12dc2c271fe80eb11c412af2cbe2a17e8c9917e7c4d463a3669f65e980,8374606c8bc24cfc351b699bb48d20e77cb95c7683ca0097b44f14c451e2f030,exact,4.4.2,12.3.0,3.11.15,sha256(big_endian_uint32(width) || big_endian_uint32(height) || RGB_pixel_bytes_row_major)
419,419,data/raw_images/normal/419.png,418.png,418.png,exact_post_preprocessing_match,exact_post_preprocessing_match,ILSVRC/imagenet-1k,49e2ee26f3810fb5a7536bbf732a7b07389a47b5,train,true,42,10000,256,476,n02108915_1859_n02108915.JPEG,245,500,375,500,375,500,375,500,375,,false,false,,,,192631,3145728,6,false,false,0fc910e16f64f6416a1dfdefb34d0e160d7a368bddc80cc4eba0e90bf2a796e4,62a0690fb82e8e2507d806023651a138a1af15fc9e8efb201bc2bfd2ed81494f,62a0690fb82e8e2507d806023651a138a1af15fc9e8efb201bc2bfd2ed81494f,62a0690fb82e8e2507d806023651a138a1af15fc9e8efb201bc2bfd2ed81494f,599fce2dd3529b9a3069fbf4869a020dc557185c8c85f3dbca5af9f15e494baf,exact,4.4.2,12.3.0,3.11.15,sha256(big_endian_uint32(width) || big_endian_uint32(height) || RGB_pixel_bytes_row_major)
420,420,data/raw_images/normal/420.png,419.png,419.png,exact_post_preprocessing_match,exact_post_preprocessing_match,ILSVRC/imagenet-1k,49e2ee26f3810fb5a7536bbf732a7b07389a47b5,train,true,42,10000,256,477,n02510455_231_n02510455.JPEG,388,500,375,500,375,500,375,500,375,,false,false,,,,497900,3145728,6,false,false,043630037423df1de74a1e85ebcfb7f51658b67dcaad6cb42ba59ad74e693dac,672d69be672ccd64a2e1c26f0f0ff3c2372a07e484a7f9fae3cf083232787ab5,672d69be672ccd64a2e1c26f0f0ff3c2372a07e484a7f9fae3cf083232787ab5,672d69be672ccd64a2e1c26f0f0ff3c2372a07e484a7f9fae3cf083232787ab5,a8a257eec394913db4a32018df55d6055de856443218e1dd7bb86762ed25ce08,exact,4.4.2,12.3.0,3.11.15,sha256(big_endian_uint32(width) || big_endian_uint32(height) || RGB_pixel_bytes_row_major)
421,421,data/raw_images/normal/421.png,420.png,420.png,exact_post_preprocessing_match,exact_post_preprocessing_match,ILSVRC/imagenet-1k,49e2ee26f3810fb5a7536bbf732a7b07389a47b5,train,true,42,10000,256,478,n02096177_5604_n02096177.JPEG,192,375,500,375,500,375,500,375,500,,false,false,,,,305180,3145728,6,false,false,3f1419dd6b4d0a0347377f36bef8926f0e64b600370539ada0854f542617a636,7b22d1f5331f8f5382e3305d06d908bcc1925fd0886823f7c54c70b518770a67,7b22d1f5331f8f5382e3305d06d908bcc1925fd0886823f7c54c70b518770a67,7b22d1f5331f8f5382e3305d06d908bcc1925fd0886823f7c54c70b518770a67,8835ef0ee69d5cd0d69862a82c209d8fff8ea6bb5c3509bec0baff8cca72b56d,exact,4.4.2,12.3.0,3.11.15,sha256(big_endian_uint32(width) || big_endian_uint32(height) || RGB_pixel_bytes_row_major)
422,422,data/raw_images/normal/422.png,421.png,421.png,exact_post_preprocessing_match,exact_post_preprocessing_match,ILSVRC/imagenet-1k,49e2ee26f3810fb5a7536bbf732a7b07389a47b5,train,true,42,10000,256,479,n01531178_17706_n01531178.JPEG,11,440,550,440,550,440,550,440,550,,false,false,,,,169189,3145728,6,false,false,444b18f007f9e07d7d7801a046cd469582bf8ca397a7d614253e4bee5f25d291,f4aae734c889752c91a6603d0ff2c38da8dde98305d565b75c7697a8391430c5,f4aae734c889752c91a6603d0ff2c38da8dde98305d565b75c7697a8391430c5,f4aae734c889752c91a6603d0ff2c38da8dde98305d565b75c7697a8391430c5,4eaecabcee4761e1f0854e45fcb3582c9133fb6d57b7720122853503072d17cd,exact,4.4.2,12.3.0,3.11.15,sha256(big_endian_uint32(width) || big_endian_uint32(height) || RGB_pixel_bytes_row_major)
423,423,data/raw_images/normal/423.png,422.png,422.png,exact_post_preprocessing_match,exact_post_preprocessing_match,ILSVRC/imagenet-1k,49e2ee26f3810fb5a7536bbf732a7b07389a47b5,train,true,42,10000,256,480,n03777568_927_n03777568.JPEG,661,800,613,800,613,800,613,800,613,,false,false,,,,500133,3145728,6,false,true,ab7f1e88819de1598ded534d00ea6a5705cba0e30346fe6a8db7b5f31b290418,0d2fec96435cd9983d5b269bd63222a115a8e8c3f2fba646715dbba06f501288,0d2fec96435cd9983d5b269bd63222a115a8e8c3f2fba646715dbba06f501288,0d2fec96435cd9983d5b269bd63222a115a8e8c3f2fba646715dbba06f501288,c637a7b0bf010b83a2e3dc38263fe5e6bd2e9baed407f1cddc34eed5bb2a7d90,exact,4.4.2,12.3.0,3.11.15,sha256(big_endian_uint32(width) || big_endian_uint32(height) || RGB_pixel_bytes_row_major)
424,424,data/raw_images/normal/424.png,423.png,423.png,exact_post_preprocessing_match,exact_post_preprocessing_match,ILSVRC/imagenet-1k,49e2ee26f3810fb5a7536bbf732a7b07389a47b5,train,true,42,10000,256,481,n10565667_6082_n10565667.JPEG,983,500,375,500,375,500,375,500,375,,false,false,,,,360316,3145728,6,false,false,eb749843e72fcad404e36a02d82201a4613fcec84374f619df27db6802f80e31,b833a0f7da78a06234f9453908007e9127600878d7fcaaaf7918f2bf0309d3ab,b833a0f7da78a06234f9453908007e9127600878d7fcaaaf7918f2bf0309d3ab,b833a0f7da78a06234f9453908007e9127600878d7fcaaaf7918f2bf0309d3ab,0ee876d1e7e75afe6a52e03407ce4867cc93da45203514817ab9dc09528c07c7,exact,4.4.2,12.3.0,3.11.15,sha256(big_endian_uint32(width) || big_endian_uint32(height) || RGB_pixel_bytes_row_major)
425,425,data/raw_images/normal/425.png,424.png,424.png,exact_post_preprocessing_match,exact_post_preprocessing_match,ILSVRC/imagenet-1k,49e2ee26f3810fb5a7536bbf732a7b07389a47b5,train,true,42,10000,256,482,n03297495_2929_n03297495.JPEG,550,661,628,661,628,661,628,661,628,,false,false,,,,269602,3145728,6,false,false,6dba6c8913e69a0b6829f7e9cd8e4a5bf167d7dcee1fc0b309fa87a09f2eaa62,bb71c9772358970c6f99c8a1ba766ac5486a7e0ca16f0a47841caa5e536bc9cb,bb71c9772358970c6f99c8a1ba766ac5486a7e0ca16f0a47841caa5e536bc9cb,bb71c9772358970c6f99c8a1ba766ac5486a7e0ca16f0a47841caa5e536bc9cb,2c6ac888acba6a4ab9182f860086a0506231b90d6fd264dec4d57fe4b19fac17,exact,4.4.2,12.3.0,3.11.15,sha256(big_endian_uint32(width) || big_endian_uint32(height) || RGB_pixel_bytes_row_major)
426,426,data/raw_images/normal/426.png,425.png,425.png,exact_post_preprocessing_match,exact_post_preprocessing_match,ILSVRC/imagenet-1k,49e2ee26f3810fb5a7536bbf732a7b07389a47b5,train,true,42,10000,256,483,n04251144_13429_n04251144.JPEG,801,500,375,500,375,500,375,500,375,,false,false,,,,345652,3145728,6,false,false,e6415f24928f238f86a5fc3669470cf37afccde7b5876257c5636f5902755324,0aea4c32a03a414ad8bd44872d18ed39a5b44b83827bc9b67c392f18b7369297,0aea4c32a03a414ad8bd44872d18ed39a5b44b83827bc9b67c392f18b7369297,0aea4c32a03a414ad8bd44872d18ed39a5b44b83827bc9b67c392f18b7369297,21cb1fba5e11dcc462a2dadae06585ab1fd4180d00fa8dbfcb760f5ab542b355,exact,4.4.2,12.3.0,3.11.15,sha256(big_endian_uint32(width) || big_endian_uint32(height) || RGB_pixel_bytes_row_major)
427,427,data/raw_images/normal/427.png,426.png,426.png,exact_post_preprocessing_match,exact_post_preprocessing_match,ILSVRC/imagenet-1k,49e2ee26f3810fb5a7536bbf732a7b07389a47b5,train,true,42,10000,256,485,n04355338_24964_n04355338.JPEG,835,1024,685,1024,685,1024,685,1024,685,,false,false,,,,1014507,3145728,6,false,false,ed51c4206efb9f089390603cfc6ce2f17ecb94c24295daff46b837b0f14681a1,01973f359028c590121823015747407455212116d60e5ea480fd4457fdd5e86c,01973f359028c590121823015747407455212116d60e5ea480fd4457fdd5e86c,01973f359028c590121823015747407455212116d60e5ea480fd4457fdd5e86c,fc908a399de1cf51cecf3bbcd869d34d80bbbbe31fdd01393d59e6b5d62dc9aa,exact,4.4.2,12.3.0,3.11.15,sha256(big_endian_uint32(width) || big_endian_uint32(height) || RGB_pixel_bytes_row_major)
428,428,data/raw_images/normal/428.png,427.png,427.png,exact_post_preprocessing_match,exact_post_preprocessing_match,ILSVRC/imagenet-1k,49e2ee26f3810fb5a7536bbf732a7b07389a47b5,train,true,42,10000,256,486,n03781244_63457_n03781244.JPEG,663,327,500,327,500,327,500,327,500,,false,false,,,,371382,3145728,6,false,true,08fa1241f2366d3b3681d01e7387a30e38abd9079c4543139a4f24069db2762f,53f240a18da7a503a48f4c3b81d8ffe73c475645105ed69b9e7976bb4b9c7d6b,53f240a18da7a503a48f4c3b81d8ffe73c475645105ed69b9e7976bb4b9c7d6b,53f240a18da7a503a48f4c3b81d8ffe73c475645105ed69b9e7976bb4b9c7d6b,1657b957440710badef884a39bc37686c2d83661ab4b5c80eccd5024d536a616,exact,4.4.2,12.3.0,3.11.15,sha256(big_endian_uint32(width) || big_endian_uint32(height) || RGB_pixel_bytes_row_major)
429,429,data/raw_images/normal/429.png,428.png,428.png,exact_post_preprocessing_match,exact_post_preprocessing_match,ILSVRC/imagenet-1k,49e2ee26f3810fb5a7536bbf732a7b07389a47b5,train,true,42,10000,256,487,n04525305_10518_n04525305.JPEG,886,375,500,375,500,375,500,375,500,,false,false,,,,395170,3145728,6,false,false,c224c81bbb9a990332f693854f35f7d9da11acfc7de980c30420aabb995eb8cf,bd9c8e47a97a1b56c6baf4876032d9522673089f15dbe9f259a37d395694c5f7,bd9c8e47a97a1b56c6baf4876032d9522673089f15dbe9f259a37d395694c5f7,bd9c8e47a97a1b56c6baf4876032d9522673089f15dbe9f259a37d395694c5f7,739680e93500a81c994aea3e92c0706cbd5894aef6f18c86c5c612d7e2b1ad16,exact,4.4.2,12.3.0,3.11.15,sha256(big_endian_uint32(width) || big_endian_uint32(height) || RGB_pixel_bytes_row_major)
430,430,data/raw_images/normal/430.png,429.png,429.png,exact_post_preprocessing_match,exact_post_preprocessing_match,ILSVRC/imagenet-1k,49e2ee26f3810fb5a7536bbf732a7b07389a47b5,train,true,42,10000,256,488,n02105412_6892_n02105412.JPEG,227,500,375,500,375,500,375,500,375,,false,false,,,,403606,3145728,6,false,false,b0b3999602b781290ac855c3ded9ab50bc7c98e200ae29fe7f5dc344af39c4bc,7d22f0c45cd0f3d3045e0477cf7efbcf26b0334189e544127af6a8bafd1c538f,7d22f0c45cd0f3d3045e0477cf7efbcf26b0334189e544127af6a8bafd1c538f,7d22f0c45cd0f3d3045e0477cf7efbcf26b0334189e544127af6a8bafd1c538f,bd8c973df6aa212b326b82dbfb41e147f53ca52e0a37adcd7961ee211bfbb7d3,exact,4.4.2,12.3.0,3.11.15,sha256(big_endian_uint32(width) || big_endian_uint32(height) || RGB_pixel_bytes_row_major)
431,431,data/raw_images/normal/431.png,430.png,430.png,exact_post_preprocessing_match,exact_post_preprocessing_match,ILSVRC/imagenet-1k,49e2ee26f3810fb5a7536bbf732a7b07389a47b5,train,true,42,10000,256,490,n02130308_3545_n02130308.JPEG,293,500,375,500,375,500,375,500,375,,false,false,,,,474193,3145728,6,false,false,67995a088dee162beb132ac5c47dfc32df78caed27f4b3ed6b27f6375a5cf365,5c4c041e89ddc8e2914d8668d5496731108cc83f79d2a9486912baf28e15c24d,5c4c041e89ddc8e2914d8668d5496731108cc83f79d2a9486912baf28e15c24d,5c4c041e89ddc8e2914d8668d5496731108cc83f79d2a9486912baf28e15c24d,30ac3c15da298d6748b4ed3736e00cd99cd49da2a029c645a90bb5232f8a9ab0,exact,4.4.2,12.3.0,3.11.15,sha256(big_endian_uint32(width) || big_endian_uint32(height) || RGB_pixel_bytes_row_major)
432,432,data/raw_images/normal/432.png,431.png,431.png,exact_post_preprocessing_match,exact_post_preprocessing_match,ILSVRC/imagenet-1k,49e2ee26f3810fb5a7536bbf732a7b07389a47b5,train,true,42,10000,256,491,n04141975_13287_n04141975.JPEG,778,375,500,375,500,375,500,375,500,,false,false,,,,358956,3145728,6,false,false,fa2ac3e17f38852043409016f2a548e0c0d87a2c4426f42aed00ba605e7a098f,2a235edc7feb57e8eb1ac61824f6452fcbfedb8e4d8f65723c353f5a72b6cc6d,2a235edc7feb57e8eb1ac61824f6452fcbfedb8e4d8f65723c353f5a72b6cc6d,2a235edc7feb57e8eb1ac61824f6452fcbfedb8e4d8f65723c353f5a72b6cc6d,b796276210503423d0c230bbdfac63d0d2ef1d4595f786a8e76d19d536d09734,exact,4.4.2,12.3.0,3.11.15,sha256(big_endian_uint32(width) || big_endian_uint32(height) || RGB_pixel_bytes_row_major)
433,433,data/raw_images/normal/433.png,432.png,432.png,exact_post_preprocessing_match,exact_post_preprocessing_match,ILSVRC/imagenet-1k,49e2ee26f3810fb5a7536bbf732a7b07389a47b5,train,true,42,10000,256,492,n09246464_25938_n09246464.JPEG,972,500,333,500,333,500,333,500,333,,false,false,,,,377113,3145728,6,false,true,847cb3963c2fb880dcee7fc21821615e11f3e50b3f3e98f12137819c35ff7036,c760563c7f6fc7b393de9a9c96769a8481f87b77d43ddee7beecfd1a56d097f7,c760563c7f6fc7b393de9a9c96769a8481f87b77d43ddee7beecfd1a56d097f7,c760563c7f6fc7b393de9a9c96769a8481f87b77d43ddee7beecfd1a56d097f7,78d0dfdd81f4fc6be653a258413f64cb1ac2a1d40bca0c43d7be4611db1b4cb3,exact,4.4.2,12.3.0,3.11.15,sha256(big_endian_uint32(width) || big_endian_uint32(height) || RGB_pixel_bytes_row_major)
434,434,data/raw_images/normal/434.png,433.png,433.png,exact_post_preprocessing_match,exact_post_preprocessing_match,ILSVRC/imagenet-1k,49e2ee26f3810fb5a7536bbf732a7b07389a47b5,train,true,42,10000,256,493,n03908618_642_n03908618.JPEG,709,500,500,500,500,500,500,500,500,,false,false,,,,329802,3145728,6,false,true,5bb8c7750839b224266af398ce3d91f00158d92dbcf42667d2614d496a335322,f6c41f486ae8425bccfa87bb690a80dd11b91d6a86a0f7f2c92a8d2b13072289,f6c41f486ae8425bccfa87bb690a80dd11b91d6a86a0f7f2c92a8d2b13072289,f6c41f486ae8425bccfa87bb690a80dd11b91d6a86a0f7f2c92a8d2b13072289,ed90134d82a7f78cfe7d6d0d96cf7d78311f331e7a54f5e004309219624f54e8,exact,4.4.2,12.3.0,3.11.15,sha256(big_endian_uint32(width) || big_endian_uint32(height) || RGB_pixel_bytes_row_major)
435,435,data/raw_images/normal/435.png,434.png,434.png,exact_post_preprocessing_match,exact_post_preprocessing_match,ILSVRC/imagenet-1k,49e2ee26f3810fb5a7536bbf732a7b07389a47b5,train,true,42,10000,256,494,n02966193_43076_n02966193.JPEG,476,500,375,500,375,500,375,500,375,,false,false,,,,398974,3145728,6,false,false,9826adb9ae1027984f10be77e83d7a8a005446ef0dc43c029716c878e3ac2acb,29cd5c5e1b1857ebf7f265a1f44b3e754d869ccf7aadfb8d8716290adc961939,29cd5c5e1b1857ebf7f265a1f44b3e754d869ccf7aadfb8d8716290adc961939,29cd5c5e1b1857ebf7f265a1f44b3e754d869ccf7aadfb8d8716290adc961939,7f6f9e106f4eea1d997fbfaea24a7ce15d6204916dbc7b4e2173b0dcd0129c5e,exact,4.4.2,12.3.0,3.11.15,sha256(big_endian_uint32(width) || big_endian_uint32(height) || RGB_pixel_bytes_row_major)
436,436,data/raw_images/normal/436.png,435.png,435.png,exact_post_preprocessing_match,exact_post_preprocessing_match,ILSVRC/imagenet-1k,49e2ee26f3810fb5a7536bbf732a7b07389a47b5,train,true,42,10000,256,495,n02799071_5787_n02799071.JPEG,429,500,366,500,366,500,366,500,366,,false,false,,,,317645,3145728,6,false,true,ac116e049fc2de49a397e110c780378392801c9e30c7c149cc68405229c0b51c,fcae477213080573e554939e7f1a5f5e8693431809f1511cb2a4b2ac9089ba60,fcae477213080573e554939e7f1a5f5e8693431809f1511cb2a4b2ac9089ba60,fcae477213080573e554939e7f1a5f5e8693431809f1511cb2a4b2ac9089ba60,b1fdacfa8c1d0491a311c4d6ca300b60cfd79a075723799a19d54be5bae09086,exact,4.4.2,12.3.0,3.11.15,sha256(big_endian_uint32(width) || big_endian_uint32(height) || RGB_pixel_bytes_row_major)
437,437,data/raw_images/normal/437.png,436.png,436.png,exact_post_preprocessing_match,exact_post_preprocessing_match,ILSVRC/imagenet-1k,49e2ee26f3810fb5a7536bbf732a7b07389a47b5,train,true,42,10000,256,497,n04552348_6617_n04552348.JPEG,895,500,333,500,333,500,333,500,333,,false,false,,,,348835,3145728,6,false,false,156f3bd96a8d86d1c69a381e155193df5ba8ed4f271da502b4aeae1821b4b819,21f4a8f9646398453dfbfff08c73b2a6100a1b628ab7c2d517dfdaa327b1098b,21f4a8f9646398453dfbfff08c73b2a6100a1b628ab7c2d517dfdaa327b1098b,21f4a8f9646398453dfbfff08c73b2a6100a1b628ab7c2d517dfdaa327b1098b,a69e0484fc0ff2fba1ce5012e4cb4a10cf96a5d4d75033716effbae059ff8177,exact,4.4.2,12.3.0,3.11.15,sha256(big_endian_uint32(width) || big_endian_uint32(height) || RGB_pixel_bytes_row_major)
438,438,data/raw_images/normal/438.png,437.png,437.png,exact_post_preprocessing_match,exact_post_preprocessing_match,ILSVRC/imagenet-1k,49e2ee26f3810fb5a7536bbf732a7b07389a47b5,train,true,42,10000,256,498,n03788195_6059_n03788195.JPEG,668,500,374,500,374,500,374,500,374,,false,false,,,,369107,3145728,6,false,false,bf644d598b466c17c5b6a1a09f3e4e11b2ac6686a18857ab3ca1249294f00708,20fef889920e3087ad4f8d8faa58d4c39855aaaa01e6149ecdbcf6472d958c56,20fef889920e3087ad4f8d8faa58d4c39855aaaa01e6149ecdbcf6472d958c56,20fef889920e3087ad4f8d8faa58d4c39855aaaa01e6149ecdbcf6472d958c56,60c28d2a1a45ee9b269893eeef5e6eea7fa5c3fe334a09da1de28a1deae1b2c4,exact,4.4.2,12.3.0,3.11.15,sha256(big_endian_uint32(width) || big_endian_uint32(height) || RGB_pixel_bytes_row_major)
439,439,data/raw_images/normal/439.png,438.png,438.png,exact_post_preprocessing_match,exact_post_preprocessing_match,ILSVRC/imagenet-1k,49e2ee26f3810fb5a7536bbf732a7b07389a47b5,train,true,42,10000,256,499,n01675722_6423_n01675722.JPEG,38,425,283,425,283,425,283,425,283,,false,false,,,,179059,3145728,6,false,false,73c475c3707553b64ed500411cc28512c21a10e6c793db1a3cb7893562743f43,63eb11b925044b03c75ff2528732af1484828c53edc4dc0ef7f76bcfd6c5c736,63eb11b925044b03c75ff2528732af1484828c53edc4dc0ef7f76bcfd6c5c736,63eb11b925044b03c75ff2528732af1484828c53edc4dc0ef7f76bcfd6c5c736,a50a2eade631fa423a73ae6c4dc5b2a0b8dde3be2bf825121445ebbf21754654,exact,4.4.2,12.3.0,3.11.15,sha256(big_endian_uint32(width) || big_endian_uint32(height) || RGB_pixel_bytes_row_major)
440,440,data/raw_images/normal/440.png,439.png,439.png,exact_post_preprocessing_match,exact_post_preprocessing_match,ILSVRC/imagenet-1k,49e2ee26f3810fb5a7536bbf732a7b07389a47b5,train,true,42,10000,256,500,n02117135_3980_n02117135.JPEG,276,462,480,462,480,462,480,462,480,,false,false,,,,307613,3145728,6,false,false,8447309a2b8faa267e80ecc532ba1fd2ac7606a18fbb6e45e56b3c236e50baed,703fabe986e8dc0702928d5e145a4313d2d604de438091e68b7b5dd2d1567faf,703fabe986e8dc0702928d5e145a4313d2d604de438091e68b7b5dd2d1567faf,703fabe986e8dc0702928d5e145a4313d2d604de438091e68b7b5dd2d1567faf,b8dcecf15021a136b6114adcb924ac372db0aa7b32255aaed706bba76c9f3699,exact,4.4.2,12.3.0,3.11.15,sha256(big_endian_uint32(width) || big_endian_uint32(height) || RGB_pixel_bytes_row_major)
441,441,data/raw_images/normal/441.png,440.png,440.png,exact_post_preprocessing_match,exact_post_preprocessing_match,ILSVRC/imagenet-1k,49e2ee26f3810fb5a7536bbf732a7b07389a47b5,train,true,42,10000,256,501,n01631663_7576_n01631663.JPEG,27,500,375,500,375,500,375,500,375,,false,false,,,,437345,3145728,6,false,false,c4bdfc2559412213921642b9dde67e0da6c7d44576cb9aaacaa6982c56ac3bcb,f26260d327fa19e9604362536e35ce00c945c4e30fabd06f45f1918a88dbc91c,f26260d327fa19e9604362536e35ce00c945c4e30fabd06f45f1918a88dbc91c,f26260d327fa19e9604362536e35ce00c945c4e30fabd06f45f1918a88dbc91c,f4809a53748193060178f8e7ccc2152e23800d0c72081841145f177d588ab205,exact,4.4.2,12.3.0,3.11.15,sha256(big_endian_uint32(width) || big_endian_uint32(height) || RGB_pixel_bytes_row_major)
442,442,data/raw_images/normal/442.png,441.png,441.png,exact_post_preprocessing_match,exact_post_preprocessing_match,ILSVRC/imagenet-1k,49e2ee26f3810fb5a7536bbf732a7b07389a47b5,train,true,42,10000,256,502,n02119022_13941_n02119022.JPEG,277,604,424,604,424,604,424,604,424,,false,false,,,,242551,3145728,6,false,false,14cffeb7502d409e9c2e112e6907a9e2f3728ec59065257d63d27a88bdfc2b43,9b48d7d7a28a184b714bc957dab3c1c0c093bd0214e76319e7a45227116a7857,9b48d7d7a28a184b714bc957dab3c1c0c093bd0214e76319e7a45227116a7857,9b48d7d7a28a184b714bc957dab3c1c0c093bd0214e76319e7a45227116a7857,80e8cdcd261cf6f827c0567e748a4c3f266785c297006a1440344b47be7a414e,exact,4.4.2,12.3.0,3.11.15,sha256(big_endian_uint32(width) || big_endian_uint32(height) || RGB_pixel_bytes_row_major)
443,443,data/raw_images/normal/443.png,442.png,442.png,exact_post_preprocessing_match,exact_post_preprocessing_match,ILSVRC/imagenet-1k,49e2ee26f3810fb5a7536bbf732a7b07389a47b5,train,true,42,10000,256,503,n03658185_3756_n03658185.JPEG,623,500,375,500,375,500,375,500,375,,false,false,,,,320275,3145728,6,false,false,fff0aab7c6be1543f69affb73d0f041027de723607ba5162625c6d9810007890,5a2e48797424a655693825bbad27c938a4dd57f5f6c31c6fc44c5d462efd0643,5a2e48797424a655693825bbad27c938a4dd57f5f6c31c6fc44c5d462efd0643,5a2e48797424a655693825bbad27c938a4dd57f5f6c31c6fc44c5d462efd0643,71f1aa740caf436da8cbca2ab9dd1129a652f1de3734e328cb508c71c1fdca3b,exact,4.4.2,12.3.0,3.11.15,sha256(big_endian_uint32(width) || big_endian_uint32(height) || RGB_pixel_bytes_row_major)
444,444,data/raw_images/normal/444.png,443.png,443.png,exact_post_preprocessing_match,exact_post_preprocessing_match,ILSVRC/imagenet-1k,49e2ee26f3810fb5a7536bbf732a7b07389a47b5,train,true,42,10000,256,504,n03444034_9897_n03444034.JPEG,573,640,390,640,390,640,390,640,390,,false,false,,,,213966,3145728,6,false,false,f250a9011f8534792e4822017a4b0892b323851ca3fa61099a5fa4cb72f17127,a8d57d85ad42a64b65a75b755648edebe252c3b7fab165cafb46ccec3c97d274,a8d57d85ad42a64b65a75b755648edebe252c3b7fab165cafb46ccec3c97d274,a8d57d85ad42a64b65a75b755648edebe252c3b7fab165cafb46ccec3c97d274,539e5f4ecfb59f7fb93d368845b55fddc87ff6f56458e595b8011a0005b78c2a,exact,4.4.2,12.3.0,3.11.15,sha256(big_endian_uint32(width) || big_endian_uint32(height) || RGB_pixel_bytes_row_major)
445,445,data/raw_images/normal/445.png,444.png,444.png,exact_post_preprocessing_match,exact_post_preprocessing_match,ILSVRC/imagenet-1k,49e2ee26f3810fb5a7536bbf732a7b07389a47b5,train,true,42,10000,256,505,n04557648_8823_n04557648.JPEG,898,500,334,500,334,500,334,500,334,,false,false,,,,301695,3145728,6,false,true,5d04afa8f481c438cc626f78cd5670909bee556b31be7b5859b91d7b35eced21,81bd9a3b57d7496f911f7335c9b90a793756a63b80e42661f38f1928cb5ecac5,81bd9a3b57d7496f911f7335c9b90a793756a63b80e42661f38f1928cb5ecac5,81bd9a3b57d7496f911f7335c9b90a793756a63b80e42661f38f1928cb5ecac5,bece729e05df23f1f6a9919d39351e121ff1fc760e0d9491b2252efc9888312b,exact,4.4.2,12.3.0,3.11.15,sha256(big_endian_uint32(width) || big_endian_uint32(height) || RGB_pixel_bytes_row_major)
446,446,data/raw_images/normal/446.png,445.png,445.png,exact_post_preprocessing_match,exact_post_preprocessing_match,ILSVRC/imagenet-1k,49e2ee26f3810fb5a7536bbf732a7b07389a47b5,train,true,42,10000,256,506,n02791124_1770_n02791124.JPEG,423,333,500,333,500,333,500,333,500,,false,false,,,,310860,3145728,6,false,true,bd3844e6ef64489e244967a3d222b2f39fc93254971ffe165562bc1ed3c72102,d3962d7529267b163ae2fe72b4b7246616a1d402a1112c149501742382b49edc,d3962d7529267b163ae2fe72b4b7246616a1d402a1112c149501742382b49edc,d3962d7529267b163ae2fe72b4b7246616a1d402a1112c149501742382b49edc,fedc6fe2bb1b1625621b559e384ce86ec0d7314b3b45e5632fb19a9935d37c1b,exact,4.4.2,12.3.0,3.11.15,sha256(big_endian_uint32(width) || big_endian_uint32(height) || RGB_pixel_bytes_row_major)
447,447,data/raw_images/normal/447.png,446.png,446.png,exact_post_preprocessing_match,exact_post_preprocessing_match,ILSVRC/imagenet-1k,49e2ee26f3810fb5a7536bbf732a7b07389a47b5,train,true,42,10000,256,507,n03935335_2833_n03935335.JPEG,719,500,333,500,333,500,333,500,333,,false,false,,,,201499,3145728,6,false,false,2a79a0e3bb2f1e444019bde6840d48c4c3ce1ad03bfc16baeb538ab989f3c475,edc4a55a216441f4c470072e1924f65a178a650e1920bf86e6f51173194bf635,edc4a55a216441f4c470072e1924f65a178a650e1920bf86e6f51173194bf635,edc4a55a216441f4c470072e1924f65a178a650e1920bf86e6f51173194bf635,794258851024628839892f9ff48acf80b50a5c283074b815ef585b2821b58492,exact,4.4.2,12.3.0,3.11.15,sha256(big_endian_uint32(width) || big_endian_uint32(height) || RGB_pixel_bytes_row_major)
448,448,data/raw_images/normal/448.png,447.png,447.png,exact_post_preprocessing_match,exact_post_preprocessing_match,ILSVRC/imagenet-1k,49e2ee26f3810fb5a7536bbf732a7b07389a47b5,train,true,42,10000,256,508,n02676566_8851_n02676566.JPEG,402,375,500,375,500,375,500,375,500,,false,false,,,,363754,3145728,6,false,true,5d855c8a5b597c86333fbe4240db0a3fcd172e81e9c191b0920192b6a870f8c2,263e53a6337ea3db38ce1ce79f7588eb5a0b375d271163269ede64ab07f53df3,263e53a6337ea3db38ce1ce79f7588eb5a0b375d271163269ede64ab07f53df3,263e53a6337ea3db38ce1ce79f7588eb5a0b375d271163269ede64ab07f53df3,38ec7608dcd797149ff7aa4b20e447883f48baa8db3a96bc865712dc87a9fd4a,exact,4.4.2,12.3.0,3.11.15,sha256(big_endian_uint32(width) || big_endian_uint32(height) || RGB_pixel_bytes_row_major)
449,449,data/raw_images/normal/449.png,448.png,448.png,exact_post_preprocessing_match,exact_post_preprocessing_match,ILSVRC/imagenet-1k,49e2ee26f3810fb5a7536bbf732a7b07389a47b5,train,true,42,10000,256,510,n02655020_34835_n02655020.JPEG,397,500,373,500,373,500,373,500,373,,false,false,,,,393422,3145728,6,false,true,3b30d450bc28cb21f63df806bba44ed62e3b826c3a1ce94c9310101b8a37961e,017bf8be02ef906bf7c8df8c0f08353cf4aa35cbc769bf170be68ad46f83872f,017bf8be02ef906bf7c8df8c0f08353cf4aa35cbc769bf170be68ad46f83872f,017bf8be02ef906bf7c8df8c0f08353cf4aa35cbc769bf170be68ad46f83872f,be4077ab3f9f339162f9f549dda760d0057c01aa3417e878596f2ee30a2041e9,exact,4.4.2,12.3.0,3.11.15,sha256(big_endian_uint32(width) || big_endian_uint32(height) || RGB_pixel_bytes_row_major)
450,450,data/raw_images/normal/450.png,449.png,449.png,exact_post_preprocessing_match,exact_post_preprocessing_match,ILSVRC/imagenet-1k,49e2ee26f3810fb5a7536bbf732a7b07389a47b5,train,true,42,10000,256,511,n04311174_979_n04311174.JPEG,822,500,375,500,375,500,375,500,375,,false,false,,,,304331,3145728,6,false,false,5d7f1efaeaf509ef1de74cdf17406ac3e0d06da73d0d2c0fefdf508a32737c95,3df1a77664f2d8386933ea22e97058c9c2030351df6640d27d32e09a98c34ffd,3df1a77664f2d8386933ea22e97058c9c2030351df6640d27d32e09a98c34ffd,3df1a77664f2d8386933ea22e97058c9c2030351df6640d27d32e09a98c34ffd,5c2a1d959b0c0bd2be4563547d4585925d3e9e3fb65c7a359a628547c4b63701,exact,4.4.2,12.3.0,3.11.15,sha256(big_endian_uint32(width) || big_endian_uint32(height) || RGB_pixel_bytes_row_major)
451,451,data/raw_images/normal/451.png,450.png,450.png,exact_post_preprocessing_match,exact_post_preprocessing_match,ILSVRC/imagenet-1k,49e2ee26f3810fb5a7536bbf732a7b07389a47b5,train,true,42,10000,256,512,n03124043_18540_n03124043.JPEG,514,332,500,332,500,332,500,332,500,,false,false,,,,319777,3145728,6,false,true,4451f26c6811ca8ee8f115864cc037b9d0828f50adfaee7652e39eeea48709ec,25ac0763593ba46d063931da86949c3654424d61f2c0deb5f7ccd2859fab7502,25ac0763593ba46d063931da86949c3654424d61f2c0deb5f7ccd2859fab7502,25ac0763593ba46d063931da86949c3654424d61f2c0deb5f7ccd2859fab7502,d9096216825a949d42d01637a7fa70c7316824cce3eb56b30101d3b3ddf57268,exact,4.4.2,12.3.0,3.11.15,sha256(big_endian_uint32(width) || big_endian_uint32(height) || RGB_pixel_bytes_row_major)
452,452,data/raw_images/normal/452.png,451.png,451.png,exact_post_preprocessing_match,exact_post_preprocessing_match,ILSVRC/imagenet-1k,49e2ee26f3810fb5a7536bbf732a7b07389a47b5,train,true,42,10000,256,515,n04228054_16933_n04228054.JPEG,795,500,375,500,375,500,375,500,375,,false,false,,,,412556,3145728,6,false,false,ccd56751fc41947ce723383b17416983e4829efc8955911523637a6f66afe38c,b7306bbe9d3e228efc8d69685a464bf796ecfbe4df5d01206708533c8b0c4f82,b7306bbe9d3e228efc8d69685a464bf796ecfbe4df5d01206708533c8b0c4f82,b7306bbe9d3e228efc8d69685a464bf796ecfbe4df5d01206708533c8b0c4f82,c2dfad020144da3c097dcc07c42b7a4d9905b91b3677837dac0734a0fac479bc,exact,4.4.2,12.3.0,3.11.15,sha256(big_endian_uint32(width) || big_endian_uint32(height) || RGB_pixel_bytes_row_major)
453,453,data/raw_images/normal/453.png,452.png,452.png,exact_post_preprocessing_match,exact_post_preprocessing_match,ILSVRC/imagenet-1k,49e2ee26f3810fb5a7536bbf732a7b07389a47b5,train,true,42,10000,256,516,n02441942_27231_n02441942.JPEG,356,800,599,800,599,800,599,800,599,,false,false,,,,581435,3145728,6,false,false,4db93fe4e71776415770b5dabf95d453e9f672a0729476ff999cc4611a042c60,6965f1a529e7262f47c41dacd7c29bba712a56491ea0a3f56a13eace800e6cbe,6965f1a529e7262f47c41dacd7c29bba712a56491ea0a3f56a13eace800e6cbe,6965f1a529e7262f47c41dacd7c29bba712a56491ea0a3f56a13eace800e6cbe,96531248ebc13be2db0ef7c29cee3eeb961ee5df2589eee1962339350dd70392,exact,4.4.2,12.3.0,3.11.15,sha256(big_endian_uint32(width) || big_endian_uint32(height) || RGB_pixel_bytes_row_major)
454,454,data/raw_images/normal/454.png,453.png,453.png,exact_post_preprocessing_match,exact_post_preprocessing_match,ILSVRC/imagenet-1k,49e2ee26f3810fb5a7536bbf732a7b07389a47b5,train,true,42,10000,256,517,n02259212_6513_n02259212.JPEG,317,333,500,333,500,333,500,333,500,,false,false,,,,147316,3145728,6,false,true,77620824246044e5349159ede5f58940a2ec2e9c75d4cc122e0313ff3e8fd4c2,0d5e15bd1e40eeb240790ad19e89dc8d72efcd884b29ca9dd9442b0f616b40f0,0d5e15bd1e40eeb240790ad19e89dc8d72efcd884b29ca9dd9442b0f616b40f0,0d5e15bd1e40eeb240790ad19e89dc8d72efcd884b29ca9dd9442b0f616b40f0,107bb76adeb1e3ca2e38352dcc9125ccfcd2f257abe94d1be3d3eb46f48b9453,exact,4.4.2,12.3.0,3.11.15,sha256(big_endian_uint32(width) || big_endian_uint32(height) || RGB_pixel_bytes_row_major)
455,455,data/raw_images/normal/455.png,454.png,454.png,exact_post_preprocessing_match,exact_post_preprocessing_match,ILSVRC/imagenet-1k,49e2ee26f3810fb5a7536bbf732a7b07389a47b5,train,true,42,10000,256,518,n03775071_8146_n03775071.JPEG,658,500,375,500,375,500,375,500,375,,false,false,,,,393352,3145728,6,false,false,c754e191319c6e09e8bc50040a6defeed6aa4f5a09865f847baad548e377b366,28e4876496260d30605eb63dee83dc4e577a8cb9b099cd80aca3948c105d3bc7,28e4876496260d30605eb63dee83dc4e577a8cb9b099cd80aca3948c105d3bc7,28e4876496260d30605eb63dee83dc4e577a8cb9b099cd80aca3948c105d3bc7,19c125e5530929d1f6fb0e9b66613545d7f39cea19f152f31a22b1206e80777a,exact,4.4.2,12.3.0,3.11.15,sha256(big_endian_uint32(width) || big_endian_uint32(height) || RGB_pixel_bytes_row_major)
456,456,data/raw_images/normal/456.png,455.png,455.png,exact_post_preprocessing_match,exact_post_preprocessing_match,ILSVRC/imagenet-1k,49e2ee26f3810fb5a7536bbf732a7b07389a47b5,train,true,42,10000,256,519,n02105056_8505_n02105056.JPEG,224,500,463,500,463,500,463,500,463,,false,false,,,,536500,3145728,6,false,true,080f0b9726216cee24a0ee7fc8eb1e659018fb9506cbb6fa8d77cf32a0ba74b1,13e229fe1d71ae385ccd9faa512aef09ad98a55e584811baa3248b0592f9fa29,13e229fe1d71ae385ccd9faa512aef09ad98a55e584811baa3248b0592f9fa29,13e229fe1d71ae385ccd9faa512aef09ad98a55e584811baa3248b0592f9fa29,38d9139ffbc3fa8bb66a6e929c95437681fa14d486073836c97f317ca404fa05,exact,4.4.2,12.3.0,3.11.15,sha256(big_endian_uint32(width) || big_endian_uint32(height) || RGB_pixel_bytes_row_major)
457,457,data/raw_images/normal/457.png,456.png,456.png,exact_post_preprocessing_match,exact_post_preprocessing_match,ILSVRC/imagenet-1k,49e2ee26f3810fb5a7536bbf732a7b07389a47b5,train,true,42,10000,256,520,n03930630_12345_n03930630.JPEG,717,500,375,500,375,500,375,500,375,,false,false,,,,416827,3145728,6,false,false,bf8031376e08730a97c57fa3ed2666f9d6449feddd0fbebed676e413cde8f4ef,28db5eacc47f461622e97917fedc65ace94fd90b0aef8e2f0801c387e9f541c5,28db5eacc47f461622e97917fedc65ace94fd90b0aef8e2f0801c387e9f541c5,28db5eacc47f461622e97917fedc65ace94fd90b0aef8e2f0801c387e9f541c5,88a4da2ce217852e331943acee80e004c5dc4508b0a0029bac90ee9b4103460a,exact,4.4.2,12.3.0,3.11.15,sha256(big_endian_uint32(width) || big_endian_uint32(height) || RGB_pixel_bytes_row_major)
458,458,data/raw_images/normal/458.png,457.png,457.png,exact_post_preprocessing_match,exact_post_preprocessing_match,ILSVRC/imagenet-1k,49e2ee26f3810fb5a7536bbf732a7b07389a47b5,train,true,42,10000,256,523,n04486054_4595_n04486054.JPEG,873,500,334,500,334,500,334,500,334,,false,false,,,,301982,3145728,6,false,false,ad4e39306efc2be8ca9e360e6ca30ba0e153e49352eae78b5844f2663aab6df8,c7cdcd52f4077988416d98877197b43234cd2208ef6b3b2edc4c5f012cee9c1b,c7cdcd52f4077988416d98877197b43234cd2208ef6b3b2edc4c5f012cee9c1b,c7cdcd52f4077988416d98877197b43234cd2208ef6b3b2edc4c5f012cee9c1b,f9a3b3b849105500d25ee430bd9ab7d9324065a9fe428b2605778d9e38574e79,exact,4.4.2,12.3.0,3.11.15,sha256(big_endian_uint32(width) || big_endian_uint32(height) || RGB_pixel_bytes_row_major)
459,459,data/raw_images/normal/459.png,458.png,458.png,exact_post_preprocessing_match,exact_post_preprocessing_match,ILSVRC/imagenet-1k,49e2ee26f3810fb5a7536bbf732a7b07389a47b5,train,true,42,10000,256,524,n03770679_8117_n03770679.JPEG,656,500,375,500,375,500,375,500,375,,false,false,,,,381986,3145728,6,false,false,51d5d6b2956a148a6184e41ef25821b3f78d3b8b2c80a0cfedfc3abc16f7b391,d50042a183658cbbbd86c9bb5643ffb429b9947710780de6f4d33689c5af5124,d50042a183658cbbbd86c9bb5643ffb429b9947710780de6f4d33689c5af5124,d50042a183658cbbbd86c9bb5643ffb429b9947710780de6f4d33689c5af5124,984cd677a1b97d303388295e9bd83b3fcdd130b9e827b13204fba105aab15c59,exact,4.4.2,12.3.0,3.11.15,sha256(big_endian_uint32(width) || big_endian_uint32(height) || RGB_pixel_bytes_row_major)
460,460,data/raw_images/normal/460.png,459.png,459.png,exact_post_preprocessing_match,exact_post_preprocessing_match,ILSVRC/imagenet-1k,49e2ee26f3810fb5a7536bbf732a7b07389a47b5,train,true,42,10000,256,525,n04141076_33630_n04141076.JPEG,776,500,443,500,443,500,443,500,443,,false,false,,,,372238,3145728,6,false,false,9d2ee2a58c17a2ebf2d11557e4fcff26ca760afd20b7fd381af1a2ac6ceb348c,272a45eecb537e0e03416673208698162f5c4d39679ba5651e18a2ea7f1cf9f3,272a45eecb537e0e03416673208698162f5c4d39679ba5651e18a2ea7f1cf9f3,272a45eecb537e0e03416673208698162f5c4d39679ba5651e18a2ea7f1cf9f3,fdb82e273f33219214f4ce6b0e384d9c9e3373dafdf17b797c3a77e3c78c3ba8,exact,4.4.2,12.3.0,3.11.15,sha256(big_endian_uint32(width) || big_endian_uint32(height) || RGB_pixel_bytes_row_major)
461,461,data/raw_images/normal/461.png,460.png,460.png,exact_post_preprocessing_match,exact_post_preprocessing_match,ILSVRC/imagenet-1k,49e2ee26f3810fb5a7536bbf732a7b07389a47b5,train,true,42,10000,256,526,n02825657_9160_n02825657.JPEG,442,341,500,341,500,341,500,341,500,,false,false,,,,184066,3145728,6,false,false,2ae6c237788649e54866455d8033b6acdb7da82388316a84384597ba17ecc4fb,9f0bdc39004c2a9d963f2560cb66a46ed9280e78f2ef8d93229f6cd2f53c0fcd,9f0bdc39004c2a9d963f2560cb66a46ed9280e78f2ef8d93229f6cd2f53c0fcd,9f0bdc39004c2a9d963f2560cb66a46ed9280e78f2ef8d93229f6cd2f53c0fcd,df1839b54a8a7bff8c8955ed3ffcd6f675700627d48386308e8fa3a9c8de8eb0,exact,4.4.2,12.3.0,3.11.15,sha256(big_endian_uint32(width) || big_endian_uint32(height) || RGB_pixel_bytes_row_major)
462,462,data/raw_images/normal/462.png,461.png,461.png,exact_post_preprocessing_match,exact_post_preprocessing_match,ILSVRC/imagenet-1k,49e2ee26f3810fb5a7536bbf732a7b07389a47b5,train,true,42,10000,256,527,n02814860_37039_n02814860.JPEG,437,500,375,500,375,500,375,500,375,,false,false,,,,403793,3145728,6,false,false,309f3714dd1bff69cd97c83f7ecbdfb0fa33c9632669809633b4b43a48d097f9,ee4b8c34c3ac369df6804389ec02103716ce29705e922b60deba45133ef73cb1,ee4b8c34c3ac369df6804389ec02103716ce29705e922b60deba45133ef73cb1,ee4b8c34c3ac369df6804389ec02103716ce29705e922b60deba45133ef73cb1,fec35e6a7ac93325761c1793bf6f79d04b112fd617f153764d33d53b41e9830c,exact,4.4.2,12.3.0,3.11.15,sha256(big_endian_uint32(width) || big_endian_uint32(height) || RGB_pixel_bytes_row_major)
463,463,data/raw_images/normal/463.png,462.png,462.png,exact_post_preprocessing_match,exact_post_preprocessing_match,ILSVRC/imagenet-1k,49e2ee26f3810fb5a7536bbf732a7b07389a47b5,train,true,42,10000,256,528,n04310018_8274_n04310018.JPEG,820,336,500,336,500,336,500,336,500,,false,false,,,,413704,3145728,6,false,true,a5d9ab10cc753f0467e2e70a07be09a88e332160f779e296e4fe9e7e811647f0,2b50195176d5f64888c861628b34714ba3c00a5226de368d189de1235f5e5410,2b50195176d5f64888c861628b34714ba3c00a5226de368d189de1235f5e5410,2b50195176d5f64888c861628b34714ba3c00a5226de368d189de1235f5e5410,232e4e5bd1f336b529243f602d8ad54e4bde60e8d6e111b157a9d646266a62b7,exact,4.4.2,12.3.0,3.11.15,sha256(big_endian_uint32(width) || big_endian_uint32(height) || RGB_pixel_bytes_row_major)
464,464,data/raw_images/normal/464.png,463.png,463.png,exact_post_preprocessing_match,exact_post_preprocessing_match,ILSVRC/imagenet-1k,49e2ee26f3810fb5a7536bbf732a7b07389a47b5,train,true,42,10000,256,529,n01518878_1981_n01518878.JPEG,9,500,333,500,333,500,333,500,333,,false,false,,,,197502,3145728,6,false,false,6b9768dbe752b32090fe800ec6c5ad111d7a524ca8f7042883ec2aef49bc96de,f26a9e0723e25db2f16be035f779807fd286759e74834117287e8d2f6a6bacdb,f26a9e0723e25db2f16be035f779807fd286759e74834117287e8d2f6a6bacdb,f26a9e0723e25db2f16be035f779807fd286759e74834117287e8d2f6a6bacdb,b901af564ef352ea7cb3403bf820e3cc2e877623d18220b3d6607c3498b61ec4,exact,4.4.2,12.3.0,3.11.15,sha256(big_endian_uint32(width) || big_endian_uint32(height) || RGB_pixel_bytes_row_major)
465,465,data/raw_images/normal/465.png,464.png,464.png,exact_post_preprocessing_match,exact_post_preprocessing_match,ILSVRC/imagenet-1k,49e2ee26f3810fb5a7536bbf732a7b07389a47b5,train,true,42,10000,256,530,n02807133_18051_n02807133.JPEG,433,500,375,500,375,500,375,500,375,,false,false,,,,338775,3145728,6,false,false,78b37627bebd144add76f39ae96479a3af81e9d4923092f6a625535d1a1e8cda,71cab95918928a89b0181f0f8ef8635c2cf5d857ebf615ac8e73d09464c6e949,71cab95918928a89b0181f0f8ef8635c2cf5d857ebf615ac8e73d09464c6e949,71cab95918928a89b0181f0f8ef8635c2cf5d857ebf615ac8e73d09464c6e949,5975796beb16099c2088f1ae6c5771d43600a53fdedeb9337dc78f4f7474e76d,exact,4.4.2,12.3.0,3.11.15,sha256(big_endian_uint32(width) || big_endian_uint32(height) || RGB_pixel_bytes_row_major)
466,466,data/raw_images/normal/466.png,465.png,465.png,exact_post_preprocessing_match,exact_post_preprocessing_match,ILSVRC/imagenet-1k,49e2ee26f3810fb5a7536bbf732a7b07389a47b5,train,true,42,10000,256,531,n02165456_12984_n02165456.JPEG,301,500,375,500,375,500,375,500,375,,false,false,,,,363444,3145728,6,false,true,47a0ad0b8d7002cb960c593027614c1e4fa910d8d46fbc9643ce353406a7e0d9,d50770251634298433729c261bc3f8c348b515bab8697a9f669f03df0c5589ef,d50770251634298433729c261bc3f8c348b515bab8697a9f669f03df0c5589ef,d50770251634298433729c261bc3f8c348b515bab8697a9f669f03df0c5589ef,179e238d943821c8eca0f179e2fde1d4da6ebb0d4185fc1540d16b019d9eca34,exact,4.4.2,12.3.0,3.11.15,sha256(big_endian_uint32(width) || big_endian_uint32(height) || RGB_pixel_bytes_row_major)
467,467,data/raw_images/normal/467.png,466.png,466.png,exact_post_preprocessing_match,exact_post_preprocessing_match,ILSVRC/imagenet-1k,49e2ee26f3810fb5a7536bbf732a7b07389a47b5,train,true,42,10000,256,532,n04243546_20617_n04243546.JPEG,800,500,375,500,375,500,375,500,375,,false,false,,,,411731,3145728,6,false,false,045a6233f5fbc43b40ff0c5762c5ae6d9cf129f52f909a8a0a65b6e0d3ca0078,12b9903c41b553773fceff0423b33c47fabe94bfdb783ca76d2b67de8eb39c58,12b9903c41b553773fceff0423b33c47fabe94bfdb783ca76d2b67de8eb39c58,12b9903c41b553773fceff0423b33c47fabe94bfdb783ca76d2b67de8eb39c58,09d1b502c58963148b052de16de7c7c3e333c67b51d8962d21f7ef961fdb4fe1,exact,4.4.2,12.3.0,3.11.15,sha256(big_endian_uint32(width) || big_endian_uint32(height) || RGB_pixel_bytes_row_major)
468,468,data/raw_images/normal/468.png,467.png,467.png,exact_post_preprocessing_match,exact_post_preprocessing_match,ILSVRC/imagenet-1k,49e2ee26f3810fb5a7536bbf732a7b07389a47b5,train,true,42,10000,256,534,n03146219_7365_n03146219.JPEG,524,375,500,375,500,375,500,375,500,,false,false,,,,318510,3145728,6,false,false,3477e434791925dd694190838b3deb4bbebd31d4f35cca2eb2c7258474a1ca80,1bff3ca73c8b0e18e8f44b22dd11bc3baee2d4f5f827121ce9cbe7a2e5f4226b,1bff3ca73c8b0e18e8f44b22dd11bc3baee2d4f5f827121ce9cbe7a2e5f4226b,1bff3ca73c8b0e18e8f44b22dd11bc3baee2d4f5f827121ce9cbe7a2e5f4226b,04412993a1a823d19b9a565846acbb935c7e4d514d792d21a027c400c89d5080,exact,4.4.2,12.3.0,3.11.15,sha256(big_endian_uint32(width) || big_endian_uint32(height) || RGB_pixel_bytes_row_major)
469,469,data/raw_images/normal/469.png,468.png,468.png,exact_post_preprocessing_match,exact_post_preprocessing_match,ILSVRC/imagenet-1k,49e2ee26f3810fb5a7536bbf732a7b07389a47b5,train,true,42,10000,256,535,n02100236_10904_n02100236.JPEG,210,455,342,455,342,455,342,455,342,,false,false,,,,356738,3145728,6,false,false,dd359175a6dfa05e513cb8bdaeb2996554f1034934b51fbb071e59f141ff146d,0da973ac333367b44bae70051cf41cc4b1e6fcde8e5191a038b51a167232cc22,0da973ac333367b44bae70051cf41cc4b1e6fcde8e5191a038b51a167232cc22,0da973ac333367b44bae70051cf41cc4b1e6fcde8e5191a038b51a167232cc22,fcc2af113ef23958b244eac3536b33520e87378eb1f85954bffabd9e409d9614,exact,4.4.2,12.3.0,3.11.15,sha256(big_endian_uint32(width) || big_endian_uint32(height) || RGB_pixel_bytes_row_major)
470,470,data/raw_images/normal/470.png,469.png,469.png,exact_post_preprocessing_match,exact_post_preprocessing_match,ILSVRC/imagenet-1k,49e2ee26f3810fb5a7536bbf732a7b07389a47b5,train,true,42,10000,256,536,n03666591_7890_n03666591.JPEG,626,500,395,500,395,500,395,500,395,,false,false,,,,457362,3145728,6,false,true,b358869eb5b1560c39252c920ab663256a59a643005c1f37057bb3071df9b928,f31748a1a3a3fd51e78f0fb16e8b2b233525133fff142a6b4639537c52ec7ce0,f31748a1a3a3fd51e78f0fb16e8b2b233525133fff142a6b4639537c52ec7ce0,f31748a1a3a3fd51e78f0fb16e8b2b233525133fff142a6b4639537c52ec7ce0,868add72ef99b205aba2dee0e8cd9b5d21f01644446f9e287b0b751156929761,exact,4.4.2,12.3.0,3.11.15,sha256(big_endian_uint32(width) || big_endian_uint32(height) || RGB_pixel_bytes_row_major)
471,471,data/raw_images/normal/471.png,470.png,470.png,exact_post_preprocessing_match,exact_post_preprocessing_match,ILSVRC/imagenet-1k,49e2ee26f3810fb5a7536bbf732a7b07389a47b5,train,true,42,10000,256,537,n03272562_1701_n03272562.JPEG,547,500,333,500,333,500,333,500,333,,false,false,,,,387511,3145728,6,false,false,9859e7f676547bdbf54634ce99839ad5f05bf6479e93ce3232ac82e429526136,f95efd539b04dda1067aa9b2809a2ef3e830ec7005a043ab4d1b5592fd94d521,f95efd539b04dda1067aa9b2809a2ef3e830ec7005a043ab4d1b5592fd94d521,f95efd539b04dda1067aa9b2809a2ef3e830ec7005a043ab4d1b5592fd94d521,ad729a396035b24d04d9ab5d3ffc91fcc3c4b39791c2289fafb1d95a833b814f,exact,4.4.2,12.3.0,3.11.15,sha256(big_endian_uint32(width) || big_endian_uint32(height) || RGB_pixel_bytes_row_major)
472,472,data/raw_images/normal/472.png,471.png,471.png,exact_post_preprocessing_match,exact_post_preprocessing_match,ILSVRC/imagenet-1k,49e2ee26f3810fb5a7536bbf732a7b07389a47b5,train,true,42,10000,256,538,n02489166_10399_n02489166.JPEG,376,375,500,375,500,375,500,375,500,,false,false,,,,497571,3145728,6,false,false,e54d1bd49322ac85b0c6b5fca4c70cbb8c736b08226190be2659a32121386210,c622748d5c4a2db2ca7348098e7ac2e562f88b667f2ae92c1a9eec2692728a42,c622748d5c4a2db2ca7348098e7ac2e562f88b667f2ae92c1a9eec2692728a42,c622748d5c4a2db2ca7348098e7ac2e562f88b667f2ae92c1a9eec2692728a42,63872f0b2fbeb0cf2235b803021ebfd9c455f37c2bd3cad3a069174c4ef1cfad,exact,4.4.2,12.3.0,3.11.15,sha256(big_endian_uint32(width) || big_endian_uint32(height) || RGB_pixel_bytes_row_major)
473,473,data/raw_images/normal/473.png,472.png,472.png,exact_post_preprocessing_match,exact_post_preprocessing_match,ILSVRC/imagenet-1k,49e2ee26f3810fb5a7536bbf732a7b07389a47b5,train,true,42,10000,256,539,n02869837_2822_n02869837.JPEG,452,614,461,614,461,614,461,614,461,,false,false,,,,440841,3145728,6,false,false,e4f3f698ee17336c8afc67c45499a361ff4e1e86c9306494450d4c61d79f141d,d07b0d1829a2118aaea7a84f76d330b146f1f76f1cfccc73cc3e645a10ec914e,d07b0d1829a2118aaea7a84f76d330b146f1f76f1cfccc73cc3e645a10ec914e,d07b0d1829a2118aaea7a84f76d330b146f1f76f1cfccc73cc3e645a10ec914e,e0936f38ff7086c4f0149d0c374f3893d99c16761d2610cc2cb80f37b224fa8e,exact,4.4.2,12.3.0,3.11.15,sha256(big_endian_uint32(width) || big_endian_uint32(height) || RGB_pixel_bytes_row_major)
474,474,data/raw_images/normal/474.png,473.png,473.png,exact_post_preprocessing_match,exact_post_preprocessing_match,ILSVRC/imagenet-1k,49e2ee26f3810fb5a7536bbf732a7b07389a47b5,train,true,42,10000,256,540,n03447721_19352_n03447721.JPEG,577,450,385,450,385,450,385,450,385,,false,false,,,,176064,3145728,6,false,true,7ba175019250646911e3e69a7b7acbf57f91d1b44c2f0cc50313291754b98b0c,1b3ac707fc3245f00b187a42427db4791b8cb3c2eaaadf79efeb391aaf2cab10,1b3ac707fc3245f00b187a42427db4791b8cb3c2eaaadf79efeb391aaf2cab10,1b3ac707fc3245f00b187a42427db4791b8cb3c2eaaadf79efeb391aaf2cab10,4c632e08ff002dab68302adb0a049959146d25b6dc940bed30684a73eff0ca83,exact,4.4.2,12.3.0,3.11.15,sha256(big_endian_uint32(width) || big_endian_uint32(height) || RGB_pixel_bytes_row_major)
475,475,data/raw_images/normal/475.png,474.png,474.png,exact_post_preprocessing_match,exact_post_preprocessing_match,ILSVRC/imagenet-1k,49e2ee26f3810fb5a7536bbf732a7b07389a47b5,train,true,42,10000,256,541,n02950826_23260_n02950826.JPEG,471,500,375,500,375,500,375,500,375,,false,false,,,,348770,3145728,6,false,false,3de9cd8786be7a877d48e921f419ed798121dcdef5a1d02dfd00d7cafb20004b,625cd2e89368e8da52b9ce36e265ba4c250986954d183803795d06cf913f085c,625cd2e89368e8da52b9ce36e265ba4c250986954d183803795d06cf913f085c,625cd2e89368e8da52b9ce36e265ba4c250986954d183803795d06cf913f085c,63c91c6002caba166caa31ac358f104e4c726397c872a13c249e20a3a99a3f9b,exact,4.4.2,12.3.0,3.11.15,sha256(big_endian_uint32(width) || big_endian_uint32(height) || RGB_pixel_bytes_row_major)
476,476,data/raw_images/normal/476.png,475.png,475.png,exact_post_preprocessing_match,exact_post_preprocessing_match,ILSVRC/imagenet-1k,49e2ee26f3810fb5a7536bbf732a7b07389a47b5,train,true,42,10000,256,542,n02480495_648_n02480495.JPEG,365,500,333,500,333,500,333,500,333,,false,false,,,,304679,3145728,6,false,false,ebc6bb2c020620d046ffbc6ca8625e8bd884fd78df649a75db8797233680fb34,d235cdfb04df3b696b7bad8a4a6f3cc45766e60af721d1ba354b15ed58eea749,d235cdfb04df3b696b7bad8a4a6f3cc45766e60af721d1ba354b15ed58eea749,d235cdfb04df3b696b7bad8a4a6f3cc45766e60af721d1ba354b15ed58eea749,1915036f9dcfaf43a5733a48d7d1fbd326e4e769a89bafae0e7e3c58858c55f7,exact,4.4.2,12.3.0,3.11.15,sha256(big_endian_uint32(width) || big_endian_uint32(height) || RGB_pixel_bytes_row_major)
477,477,data/raw_images/normal/477.png,476.png,476.png,exact_post_preprocessing_match,exact_post_preprocessing_match,ILSVRC/imagenet-1k,49e2ee26f3810fb5a7536bbf732a7b07389a47b5,train,true,42,10000,256,544,n04550184_7082_n04550184.JPEG,894,1600,1204,1600,1204,1600,1204,1600,1204,,false,false,,,,1917265,3145728,6,false,false,55c9968d815beaadc0cdadd95b6176cc728d69902d370513ec57e284f8c1ba6a,4d88c94eccbe51f22e2a87c2f9b8edea31a0fc29ea0b1353f271ab582cf04350,4d88c94eccbe51f22e2a87c2f9b8edea31a0fc29ea0b1353f271ab582cf04350,4d88c94eccbe51f22e2a87c2f9b8edea31a0fc29ea0b1353f271ab582cf04350,0857b32da76fdc3bf134ec1cddcf7a8880cbf90d712262a6ac4e543b8d08bb89,exact,4.4.2,12.3.0,3.11.15,sha256(big_endian_uint32(width) || big_endian_uint32(height) || RGB_pixel_bytes_row_major)
478,478,data/raw_images/normal/478.png,477.png,477.png,exact_post_preprocessing_match,exact_post_preprocessing_match,ILSVRC/imagenet-1k,49e2ee26f3810fb5a7536bbf732a7b07389a47b5,train,true,42,10000,256,545,n01698640_8231_n01698640.JPEG,50,500,375,500,375,500,375,500,375,,false,false,,,,441351,3145728,6,false,false,89909c8db3f3558d6829f1933065b05baa0e1ac4338816dae25e38a6410163a6,98f6ff03da7eb4e5d73feafc9084740b2800b6844bcc0c02ec3a9dad8021bce7,98f6ff03da7eb4e5d73feafc9084740b2800b6844bcc0c02ec3a9dad8021bce7,98f6ff03da7eb4e5d73feafc9084740b2800b6844bcc0c02ec3a9dad8021bce7,8158b040e50e1e2434d2b7033df1073554c0e9dc507fd68f08f49a8ec0ea5b20,exact,4.4.2,12.3.0,3.11.15,sha256(big_endian_uint32(width) || big_endian_uint32(height) || RGB_pixel_bytes_row_major)
479,479,data/raw_images/normal/479.png,478.png,478.png,exact_post_preprocessing_match,exact_post_preprocessing_match,ILSVRC/imagenet-1k,49e2ee26f3810fb5a7536bbf732a7b07389a47b5,train,true,42,10000,256,546,n04398044_1196_n04398044.JPEG,849,500,375,500,375,500,375,500,375,,false,false,,,,204411,3145728,6,false,false,6b8d060d98a04a9c987986071a42cd548eb38efb493aa450fc4502304bdd352a,385b5f55f044b0ba6b466f569785db0f4f1db1aac1991536157c306d9b78a1ce,385b5f55f044b0ba6b466f569785db0f4f1db1aac1991536157c306d9b78a1ce,385b5f55f044b0ba6b466f569785db0f4f1db1aac1991536157c306d9b78a1ce,1128bd580765ebcf70243260dbaeaeca93af17f48c9dabbbd61a0ffb1455dda1,exact,4.4.2,12.3.0,3.11.15,sha256(big_endian_uint32(width) || big_endian_uint32(height) || RGB_pixel_bytes_row_major)
480,480,data/raw_images/normal/480.png,479.png,479.png,exact_post_preprocessing_match,exact_post_preprocessing_match,ILSVRC/imagenet-1k,49e2ee26f3810fb5a7536bbf732a7b07389a47b5,train,true,42,10000,256,548,n02107908_9873_n02107908.JPEG,240,393,295,393,295,393,295,393,295,,false,false,,,,172737,3145728,6,false,false,32522cea51e5da8efbb1efc8968545dfb6e5dd4d2f5b7a700c7ef616d9d1860e,15a23cbbd2e7bb61eb2eb62e67078a9c3cca19f33032dc9a399da6a6bb7092ad,15a23cbbd2e7bb61eb2eb62e67078a9c3cca19f33032dc9a399da6a6bb7092ad,15a23cbbd2e7bb61eb2eb62e67078a9c3cca19f33032dc9a399da6a6bb7092ad,508e69363246356eaac1b3f5135579e79bbcf1eeff7ff8e69f25fc4d51334afe,exact,4.4.2,12.3.0,3.11.15,sha256(big_endian_uint32(width) || big_endian_uint32(height) || RGB_pixel_bytes_row_major)
481,481,data/raw_images/normal/481.png,480.png,480.png,exact_post_preprocessing_match,exact_post_preprocessing_match,ILSVRC/imagenet-1k,49e2ee26f3810fb5a7536bbf732a7b07389a47b5,train,true,42,10000,256,549,n02105056_11886_n02105056.JPEG,224,464,500,464,500,464,500,464,500,,false,false,,,,328184,3145728,6,false,true,9e462b6dc283e6084f4c0eb2dfa00548a96190865b8cafc34e2c3b642942607d,ba985d51522137c8bbf583aabe110f74c965e2ed0c89f644e9d197a3243e0f71,ba985d51522137c8bbf583aabe110f74c965e2ed0c89f644e9d197a3243e0f71,ba985d51522137c8bbf583aabe110f74c965e2ed0c89f644e9d197a3243e0f71,a1735299a1ca51465c96e072a1d88adcfafa1395b31828afb200fc2542ea7448,exact,4.4.2,12.3.0,3.11.15,sha256(big_endian_uint32(width) || big_endian_uint32(height) || RGB_pixel_bytes_row_major)
482,482,data/raw_images/normal/482.png,481.png,481.png,exact_post_preprocessing_match,exact_post_preprocessing_match,ILSVRC/imagenet-1k,49e2ee26f3810fb5a7536bbf732a7b07389a47b5,train,true,42,10000,256,550,n02105162_8014_n02105162.JPEG,225,500,375,500,375,500,375,500,375,,false,false,,,,370593,3145728,6,false,false,595092ba0f0679bf68bd1d7ffb33047978e45348d4e77d4e3f7bbe312bf30726,e2659109f8ba7dfb739d476376c7e1baa0f7080c0f99a64c315dfbdb4c24c80e,e2659109f8ba7dfb739d476376c7e1baa0f7080c0f99a64c315dfbdb4c24c80e,e2659109f8ba7dfb739d476376c7e1baa0f7080c0f99a64c315dfbdb4c24c80e,ff9dee7e5021adc966314424c085b0a29f302ec78faa8ff230fe1f5081ac9697,exact,4.4.2,12.3.0,3.11.15,sha256(big_endian_uint32(width) || big_endian_uint32(height) || RGB_pixel_bytes_row_major)
483,483,data/raw_images/normal/483.png,482.png,482.png,exact_post_preprocessing_match,exact_post_preprocessing_match,ILSVRC/imagenet-1k,49e2ee26f3810fb5a7536bbf732a7b07389a47b5,train,true,42,10000,256,551,n02444819_7917_n02444819.JPEG,360,500,333,500,333,500,333,500,333,,false,false,,,,351091,3145728,6,false,false,dc6c53079cd566b071c94fb8c08bd161e307a147988c9e7d9d58bb7a5e55e48d,464ed42766b40fd6c436bd0d6adc5be101310c703fe917153760affa30566fa7,464ed42766b40fd6c436bd0d6adc5be101310c703fe917153760affa30566fa7,464ed42766b40fd6c436bd0d6adc5be101310c703fe917153760affa30566fa7,313e2570a2940a4e183aa1c77ca6d43b6c89f9caec4c1d02381587e35fa14b58,exact,4.4.2,12.3.0,3.11.15,sha256(big_endian_uint32(width) || big_endian_uint32(height) || RGB_pixel_bytes_row_major)
484,484,data/raw_images/normal/484.png,483.png,483.png,exact_post_preprocessing_match,exact_post_preprocessing_match,ILSVRC/imagenet-1k,49e2ee26f3810fb5a7536bbf732a7b07389a47b5,train,true,42,10000,256,552,n02916936_3763_n02916936.JPEG,465,800,1063,800,1063,800,1063,800,1063,,false,false,,,,1622243,3145728,6,false,false,d697b06c64db79d5eff87aac9a3a0a8fa2399ec6bec823275bef4fca318814fe,8b331a070a6cf632c7e222aaea596f589c02ecb8a44fe8dbb43e6d1c8b4dc4c9,8b331a070a6cf632c7e222aaea596f589c02ecb8a44fe8dbb43e6d1c8b4dc4c9,8b331a070a6cf632c7e222aaea596f589c02ecb8a44fe8dbb43e6d1c8b4dc4c9,19316226376bb4ee867ac0e14c9915ee491af34fd22525cc89b943fd4ab7ea91,exact,4.4.2,12.3.0,3.11.15,sha256(big_endian_uint32(width) || big_endian_uint32(height) || RGB_pixel_bytes_row_major)
485,485,data/raw_images/normal/485.png,484.png,484.png,exact_post_preprocessing_match,exact_post_preprocessing_match,ILSVRC/imagenet-1k,49e2ee26f3810fb5a7536bbf732a7b07389a47b5,train,true,42,10000,256,554,n03903868_19222_n03903868.JPEG,708,375,500,375,500,375,500,375,500,,false,false,,,,290664,3145728,6,false,false,3e564ecd4ca871744b1464f60712c45a3c066478dc5f5a65b67eb41aecd55802,f32985beffb99dc59ee1288879d35d081134df68a0ad89262fa58255b9390e5e,f32985beffb99dc59ee1288879d35d081134df68a0ad89262fa58255b9390e5e,f32985beffb99dc59ee1288879d35d081134df68a0ad89262fa58255b9390e5e,79d636192e6eb8525da2e1fc15e67e0f7f8974be2cda61925f21729d2c8dca94,exact,4.4.2,12.3.0,3.11.15,sha256(big_endian_uint32(width) || big_endian_uint32(height) || RGB_pixel_bytes_row_major)
486,486,data/raw_images/normal/486.png,485.png,485.png,exact_post_preprocessing_match,exact_post_preprocessing_match,ILSVRC/imagenet-1k,49e2ee26f3810fb5a7536bbf732a7b07389a47b5,train,true,42,10000,256,555,n02100735_8615_n02100735.JPEG,212,500,354,500,354,500,354,500,354,,false,false,,,,281597,3145728,6,false,true,f013658c48a0229e9ba768ab6446659ac8fc963af57d6f543fe6fcc50ba5894c,e9d04a9d9bdd9806e6272a08d731557f3683aecbaebdf1e6c4e60a1589428847,e9d04a9d9bdd9806e6272a08d731557f3683aecbaebdf1e6c4e60a1589428847,e9d04a9d9bdd9806e6272a08d731557f3683aecbaebdf1e6c4e60a1589428847,ac1626c7b1ec10e57a24153d52e6ed8448ff295a2de75c2923f5deb44a34c5da,exact,4.4.2,12.3.0,3.11.15,sha256(big_endian_uint32(width) || big_endian_uint32(height) || RGB_pixel_bytes_row_major)
487,487,data/raw_images/normal/487.png,486.png,486.png,exact_post_preprocessing_match,exact_post_preprocessing_match,ILSVRC/imagenet-1k,49e2ee26f3810fb5a7536bbf732a7b07389a47b5,train,true,42,10000,256,556,n02071294_9329_n02071294.JPEG,148,473,315,473,315,473,315,473,315,,false,false,,,,257096,3145728,6,false,false,38d1a7ca13c0dfae7b706d3c7956d898d76dc79c2f25c74da71c1f08c65d228f,38830782125dd8093d5c2ef8881f3134118cc701f4022b64d8d1e6393dfbbf2e,38830782125dd8093d5c2ef8881f3134118cc701f4022b64d8d1e6393dfbbf2e,38830782125dd8093d5c2ef8881f3134118cc701f4022b64d8d1e6393dfbbf2e,9aee9be41aff3b97d472753194c6c5c2eac54885dc97bc740519a3984a26ad71,exact,4.4.2,12.3.0,3.11.15,sha256(big_endian_uint32(width) || big_endian_uint32(height) || RGB_pixel_bytes_row_major)
488,488,data/raw_images/normal/488.png,487.png,487.png,exact_post_preprocessing_match,exact_post_preprocessing_match,ILSVRC/imagenet-1k,49e2ee26f3810fb5a7536bbf732a7b07389a47b5,train,true,42,10000,256,557,n02102318_11555_n02102318.JPEG,219,500,375,500,375,500,375,500,375,,false,false,,,,237297,3145728,6,false,false,a1f9d75c5959cc66a591c48eb648415387af96de776696f46ed57fcde14fee5d,613ec3b234f10ca65a36b664282fd6e7b348443e96ed321e41d0c5115b3533a9,613ec3b234f10ca65a36b664282fd6e7b348443e96ed321e41d0c5115b3533a9,613ec3b234f10ca65a36b664282fd6e7b348443e96ed321e41d0c5115b3533a9,18aba87f34dde0f8cc13a94e5734709b74a4b3cf8939586aa1a289058cf238e3,exact,4.4.2,12.3.0,3.11.15,sha256(big_endian_uint32(width) || big_endian_uint32(height) || RGB_pixel_bytes_row_major)
489,489,data/raw_images/normal/489.png,488.png,488.png,exact_post_preprocessing_match,exact_post_preprocessing_match,ILSVRC/imagenet-1k,49e2ee26f3810fb5a7536bbf732a7b07389a47b5,train,true,42,10000,256,558,n02174001_4895_n02174001.JPEG,306,375,500,375,500,375,500,375,500,,false,false,,,,483915,3145728,6,false,false,db062f0e54f82c1884df1cd881415d823ca5ef19229b0af5ea1892aa5f76e162,f72284cf740625e966fab31fafe938e5dc0bd06a1ab5fac19f36c70863e9b3be,f72284cf740625e966fab31fafe938e5dc0bd06a1ab5fac19f36c70863e9b3be,f72284cf740625e966fab31fafe938e5dc0bd06a1ab5fac19f36c70863e9b3be,fa5a5eba1c78d826daa25613fc460d298282e8b4948e0cf8437353ace1ca195d,exact,4.4.2,12.3.0,3.11.15,sha256(big_endian_uint32(width) || big_endian_uint32(height) || RGB_pixel_bytes_row_major)
490,490,data/raw_images/normal/490.png,489.png,489.png,exact_post_preprocessing_match,exact_post_preprocessing_match,ILSVRC/imagenet-1k,49e2ee26f3810fb5a7536bbf732a7b07389a47b5,train,true,42,10000,256,559,n03028079_22655_n03028079.JPEG,497,500,332,500,332,500,332,500,332,,false,false,,,,365553,3145728,6,false,false,42c2885ff508b41279e5bbbb75988a2928de1df245a15dc62e5bfa5730028729,e5d1c0c0021060d1fcf8af498e21231e601c8204ac34f2bb0e0cf8c132f775c8,e5d1c0c0021060d1fcf8af498e21231e601c8204ac34f2bb0e0cf8c132f775c8,e5d1c0c0021060d1fcf8af498e21231e601c8204ac34f2bb0e0cf8c132f775c8,e0263ea76de185a94cfbbd58787334ce6bdacd879543feb1c98f341f66877a74,exact,4.4.2,12.3.0,3.11.15,sha256(big_endian_uint32(width) || big_endian_uint32(height) || RGB_pixel_bytes_row_major)
491,491,data/raw_images/normal/491.png,490.png,490.png,exact_post_preprocessing_match,exact_post_preprocessing_match,ILSVRC/imagenet-1k,49e2ee26f3810fb5a7536bbf732a7b07389a47b5,train,true,42,10000,256,560,n02108000_5518_n02108000.JPEG,241,500,333,500,333,500,333,500,333,,false,false,,,,372142,3145728,6,false,true,10eda2090edcb77a5b2d57b7e076d2835fbc7d7cf559f99ebfba878183c00b4e,2e1b487902286dc7ce33ee435558e40446581e5993259ea2cc939e5c2e1d2b32,2e1b487902286dc7ce33ee435558e40446581e5993259ea2cc939e5c2e1d2b32,2e1b487902286dc7ce33ee435558e40446581e5993259ea2cc939e5c2e1d2b32,abd0f9cdbef25cb88e4174e2afd7ac948eb891d7926c129ee443b24517bbd094,exact,4.4.2,12.3.0,3.11.15,sha256(big_endian_uint32(width) || big_endian_uint32(height) || RGB_pixel_bytes_row_major)
492,492,data/raw_images/normal/492.png,491.png,491.png,exact_post_preprocessing_match,exact_post_preprocessing_match,ILSVRC/imagenet-1k,49e2ee26f3810fb5a7536bbf732a7b07389a47b5,train,true,42,10000,256,561,n04039381_13714_n04039381.JPEG,752,600,450,600,450,600,450,600,450,1,false,false,,,,365865,3145728,6,false,false,a056375ddbf377972f55e6aecef8613a76b4eb3762905d33fef9f0e903a6e790,ef772611831fb10726b8e7fc307cd4bee9087e48a3ca506a93831445bdbc5bc6,ef772611831fb10726b8e7fc307cd4bee9087e48a3ca506a93831445bdbc5bc6,ef772611831fb10726b8e7fc307cd4bee9087e48a3ca506a93831445bdbc5bc6,913e8e8ac32e4287ffdb440510be23c4a5f4c3073eb414305088b70e7c5615ed,exact,4.4.2,12.3.0,3.11.15,sha256(big_endian_uint32(width) || big_endian_uint32(height) || RGB_pixel_bytes_row_major)
493,493,data/raw_images/normal/493.png,492.png,492.png,exact_post_preprocessing_match,exact_post_preprocessing_match,ILSVRC/imagenet-1k,49e2ee26f3810fb5a7536bbf732a7b07389a47b5,train,true,42,10000,256,563,n02807133_3311_n02807133.JPEG,433,375,500,375,500,375,500,375,500,,false,false,,,,373692,3145728,6,false,false,2e564ceca26bbe5562560b8230a9c67a20b1b7eff06d8ae7e3b4eba143b10334,f9db6b251648314e327c2058bd3e2c0f05a2742aba2d9fac78dc1a98f0a10836,f9db6b251648314e327c2058bd3e2c0f05a2742aba2d9fac78dc1a98f0a10836,f9db6b251648314e327c2058bd3e2c0f05a2742aba2d9fac78dc1a98f0a10836,cfe879a3a6e89ecfd16e82601227f3d523ac1c33ea6a682b9374b0b9d015980f,exact,4.4.2,12.3.0,3.11.15,sha256(big_endian_uint32(width) || big_endian_uint32(height) || RGB_pixel_bytes_row_major)
494,494,data/raw_images/normal/494.png,493.png,493.png,exact_post_preprocessing_match,exact_post_preprocessing_match,ILSVRC/imagenet-1k,49e2ee26f3810fb5a7536bbf732a7b07389a47b5,train,true,42,10000,256,564,n07716906_8032_n07716906.JPEG,940,1600,1067,1600,1067,1600,1067,1600,1067,0,false,false,,,,1327770,3145728,6,false,false,46867bfbdf550e6dd94ca974a6cee961673add7d550cd6f732f0ca43936a2ca6,711b385e2e1aa7975d7c808f415ba7332e6956e7f77d26b1c5d882f76c9ffac7,711b385e2e1aa7975d7c808f415ba7332e6956e7f77d26b1c5d882f76c9ffac7,711b385e2e1aa7975d7c808f415ba7332e6956e7f77d26b1c5d882f76c9ffac7,c3933631eeb187191572092c2f29c0c48897f5662de85e15618ba2bf865ab974,exact,4.4.2,12.3.0,3.11.15,sha256(big_endian_uint32(width) || big_endian_uint32(height) || RGB_pixel_bytes_row_major)
495,495,data/raw_images/normal/495.png,494.png,494.png,exact_post_preprocessing_match,exact_post_preprocessing_match,ILSVRC/imagenet-1k,49e2ee26f3810fb5a7536bbf732a7b07389a47b5,train,true,42,10000,256,565,n02841315_19954_n02841315.JPEG,447,500,375,500,375,500,375,500,375,,false,false,,,,311197,3145728,6,false,false,59b2961e38807e9872736126d9fe60354de85c764f4e81d246b353740d51f37e,e17d05ae61ae4fd265355d7fb9229e808ac5845fb5571b522738e9d9cfeaf76a,e17d05ae61ae4fd265355d7fb9229e808ac5845fb5571b522738e9d9cfeaf76a,e17d05ae61ae4fd265355d7fb9229e808ac5845fb5571b522738e9d9cfeaf76a,250cddeb870eceb08764110057171eabd88761e0e470e14afd57abde2e86c3de,exact,4.4.2,12.3.0,3.11.15,sha256(big_endian_uint32(width) || big_endian_uint32(height) || RGB_pixel_bytes_row_major)
496,496,data/raw_images/normal/496.png,495.png,495.png,exact_post_preprocessing_match,exact_post_preprocessing_match,ILSVRC/imagenet-1k,49e2ee26f3810fb5a7536bbf732a7b07389a47b5,train,true,42,10000,256,566,n03950228_32886_n03950228.JPEG,725,375,500,375,500,375,500,375,500,,false,false,,,,329607,3145728,6,false,false,53ee74da61ea342d7a7da2d7f212b708f2eac1ecd6ee53915d1b8523f9fcdcbd,02974f7dd4a0e21690e94a22cb756691f578fa669b341885d6920e555e619725,02974f7dd4a0e21690e94a22cb756691f578fa669b341885d6920e555e619725,02974f7dd4a0e21690e94a22cb756691f578fa669b341885d6920e555e619725,5ce7764b569d08ec00446847dab1a189d60323d5b8a236130fa191e1e5d25218,exact,4.4.2,12.3.0,3.11.15,sha256(big_endian_uint32(width) || big_endian_uint32(height) || RGB_pixel_bytes_row_major)
497,497,data/raw_images/normal/497.png,496.png,496.png,exact_post_preprocessing_match,exact_post_preprocessing_match,ILSVRC/imagenet-1k,49e2ee26f3810fb5a7536bbf732a7b07389a47b5,train,true,42,10000,256,567,n02869837_11018_n02869837.JPEG,452,375,500,375,500,375,500,375,500,,false,false,,,,324725,3145728,6,false,true,e2c71f800e38e4a7a720e4e2a698e02e0267990161b5eebd0c19123cd469629d,9d8984f81d939c7ec12bf21dbde0a2842cfc2d36f41a1ebcb6763c3ad4af76ac,9d8984f81d939c7ec12bf21dbde0a2842cfc2d36f41a1ebcb6763c3ad4af76ac,9d8984f81d939c7ec12bf21dbde0a2842cfc2d36f41a1ebcb6763c3ad4af76ac,d839e0c25fdda0282ffe5293bd08354c342880a3309fd67575fb3d862bd1c951,exact,4.4.2,12.3.0,3.11.15,sha256(big_endian_uint32(width) || big_endian_uint32(height) || RGB_pixel_bytes_row_major)
498,498,data/raw_images/normal/498.png,497.png,497.png,exact_post_preprocessing_match,exact_post_preprocessing_match,ILSVRC/imagenet-1k,49e2ee26f3810fb5a7536bbf732a7b07389a47b5,train,true,42,10000,256,568,n04131690_13836_n04131690.JPEG,773,500,375,500,375,500,375,500,375,,false,false,,,,382969,3145728,6,false,false,a8212bc5ce83285884ccb0849d9b6491c09e05477566967a8143f88ae5c4e35b,78af1050090bc1a7b3814efc803c501eeb927bd552d779a8a38abb6cccaa8219,78af1050090bc1a7b3814efc803c501eeb927bd552d779a8a38abb6cccaa8219,78af1050090bc1a7b3814efc803c501eeb927bd552d779a8a38abb6cccaa8219,44909c83f6bcc553754b419babcbf8875719609a9d7c9424e512cc97b6396488,exact,4.4.2,12.3.0,3.11.15,sha256(big_endian_uint32(width) || big_endian_uint32(height) || RGB_pixel_bytes_row_major)
499,499,data/raw_images/normal/499.png,498.png,498.png,exact_post_preprocessing_match,exact_post_preprocessing_match,ILSVRC/imagenet-1k,49e2ee26f3810fb5a7536bbf732a7b07389a47b5,train,true,42,10000,256,569,n02808304_4862_n02808304.JPEG,434,800,600,800,600,800,600,800,600,1,false,false,,,,432313,3145728,6,false,false,f8a9e19e4d5ee6bd7b89c15680a6be10334440d968454d44ab967be7d2313b07,6c789e94d9be03b8dacad7eae07379a3f4cdff445dfb3522b9c143a24714be88,6c789e94d9be03b8dacad7eae07379a3f4cdff445dfb3522b9c143a24714be88,6c789e94d9be03b8dacad7eae07379a3f4cdff445dfb3522b9c143a24714be88,2f4a1b47f04e45524d98f29e80701e918a50a5cba3560cd3611b41e85aca3363,exact,4.4.2,12.3.0,3.11.15,sha256(big_endian_uint32(width) || big_endian_uint32(height) || RGB_pixel_bytes_row_major)
500,500,data/raw_images/normal/500.png,499.png,499.png,exact_post_preprocessing_match,exact_post_preprocessing_match,ILSVRC/imagenet-1k,49e2ee26f3810fb5a7536bbf732a7b07389a47b5,train,true,42,10000,256,570,n03773504_1599_n03773504.JPEG,657,500,375,500,375,500,375,500,375,,false,false,,,,282480,3145728,6,false,false,c9ae140614ffcdd36d3ef0214145f967efcebea2a9dac3a70d17bb24834c83f3,06ef31dd3a07e4229763587ee44c9318dd0a617ef1e2a41f0714c85c3da185a2,06ef31dd3a07e4229763587ee44c9318dd0a617ef1e2a41f0714c85c3da185a2,06ef31dd3a07e4229763587ee44c9318dd0a617ef1e2a41f0714c85c3da185a2,f9271a9cfb56c5d1098d7ffd845c4a06d1834ef9fc709166b935e33b63da3363,exact,4.4.2,12.3.0,3.11.15,sha256(big_endian_uint32(width) || big_endian_uint32(height) || RGB_pixel_bytes_row_major)
