case_id,release_relative_path,whoops_source_id,source_filename_or_path,width,height,source_file_sha256,decoded_rgb_sha256,license,dataset_repository,dataset_revision,datasets_version,pillow_version,hash_algorithm,private_artifact_sha256,private_evidence_location,match_status,deterministic_transform,transform_evidence,original_git_blob_sha256,original_git_decoded_rgb_sha256
500,data/raw_images/abnormal/500.png,00c2b245b97d9c02150d2b88df1d5c8d1cf398e20e18dec1bb7ba268ad0924e3,https://whoops-benchmark.s3.amazonaws.com/whoops_images/00c2b245b97d9c02150d2b88df1d5c8d1cf398e20e18dec1bb7ba268ad0924e3.png,1024,1024,00c2b245b97d9c02150d2b88df1d5c8d1cf398e20e18dec1bb7ba268ad0924e3,e6a7d561be665104aeabc6c1f2b847d5541e7222b746407c5e59dde1627f67b5,CC BY 4.0 plus WHOOPS! Dataset License Agreement additional conditions,nlphuji/whoops,cca58d854ee35b6bfbedc14a9155483e89500ae9,5.0.1,12.3.0,sha256(big_endian_uint32(width) || big_endian_uint32(height) || RGB_pixel_bytes_row_major),00c2b245b97d9c02150d2b88df1d5c8d1cf398e20e18dec1bb7ba268ad0924e3,working-tree:500.png,exact_decoded_match,,,,
501,data/raw_images/abnormal/501.png,0165e9be8bd8dce5ca046484a5f6340cf767f18ae4e5a80a1e5139fc65172bff,https://whoops-benchmark.s3.amazonaws.com/whoops_images/0165e9be8bd8dce5ca046484a5f6340cf767f18ae4e5a80a1e5139fc65172bff.png,1013,1024,0165e9be8bd8dce5ca046484a5f6340cf767f18ae4e5a80a1e5139fc65172bff,f104b95103b7e21ddc62b0bdc1a344fc321dc4b07d9bc9a29b315af5448d2cc9,CC BY 4.0 plus WHOOPS! Dataset License Agreement additional conditions,nlphuji/whoops,cca58d854ee35b6bfbedc14a9155483e89500ae9,5.0.1,12.3.0,sha256(big_endian_uint32(width) || big_endian_uint32(height) || RGB_pixel_bytes_row_major),0165e9be8bd8dce5ca046484a5f6340cf767f18ae4e5a80a1e5139fc65172bff,working-tree:501.png,exact_decoded_match,,,,
502,data/raw_images/abnormal/502.png,0190270cf0f43e512685879bc8ee88d5bb858132d67158fb27830bea83674716,https://whoops-benchmark.s3.amazonaws.com/whoops_images/0190270cf0f43e512685879bc8ee88d5bb858132d67158fb27830bea83674716.png,1024,1024,0190270cf0f43e512685879bc8ee88d5bb858132d67158fb27830bea83674716,2998585ef88925a5f0d1f924aa292803f01c99b863e17888b283adfd94745078,CC BY 4.0 plus WHOOPS! Dataset License Agreement additional conditions,nlphuji/whoops,cca58d854ee35b6bfbedc14a9155483e89500ae9,5.0.1,12.3.0,sha256(big_endian_uint32(width) || big_endian_uint32(height) || RGB_pixel_bytes_row_major),0190270cf0f43e512685879bc8ee88d5bb858132d67158fb27830bea83674716,working-tree:502.png,exact_decoded_match,,,,
503,data/raw_images/abnormal/503.png,02064a6756a56defa8aec1b7a72a019abb94bb620ffab5f83f678d9639de79f1,https://whoops-benchmark.s3.amazonaws.com/whoops_images/02064a6756a56defa8aec1b7a72a019abb94bb620ffab5f83f678d9639de79f1.png,1024,1024,02064a6756a56defa8aec1b7a72a019abb94bb620ffab5f83f678d9639de79f1,dc3276abde4c6d1bdef5662ed9a037ba65a66a8e20a3c0798d16af08740951a2,CC BY 4.0 plus WHOOPS! Dataset License Agreement additional conditions,nlphuji/whoops,cca58d854ee35b6bfbedc14a9155483e89500ae9,5.0.1,12.3.0,sha256(big_endian_uint32(width) || big_endian_uint32(height) || RGB_pixel_bytes_row_major),02064a6756a56defa8aec1b7a72a019abb94bb620ffab5f83f678d9639de79f1,working-tree:503.png,exact_decoded_match,,,,
504,data/raw_images/abnormal/504.png,037cb53ab259b8554be8ad2a250cb2c0a3ed3178315088e3ddc436f0208f0eda,https://whoops-benchmark.s3.amazonaws.com/whoops_images/037cb53ab259b8554be8ad2a250cb2c0a3ed3178315088e3ddc436f0208f0eda.png,1024,1024,037cb53ab259b8554be8ad2a250cb2c0a3ed3178315088e3ddc436f0208f0eda,eb32408637cfd1dbb408e5d8e7b1c526b2cfdc69b0544807c3e65f66808d9b32,CC BY 4.0 plus WHOOPS! Dataset License Agreement additional conditions,nlphuji/whoops,cca58d854ee35b6bfbedc14a9155483e89500ae9,5.0.1,12.3.0,sha256(big_endian_uint32(width) || big_endian_uint32(height) || RGB_pixel_bytes_row_major),037cb53ab259b8554be8ad2a250cb2c0a3ed3178315088e3ddc436f0208f0eda,working-tree:504.png,exact_decoded_match,,,,
505,data/raw_images/abnormal/505.png,041fbac254a9af1ed78440553f1478a9ac950f38283077b07d2241efd2c0018c,https://whoops-benchmark.s3.amazonaws.com/whoops_images/041fbac254a9af1ed78440553f1478a9ac950f38283077b07d2241efd2c0018c.png,1024,1024,041fbac254a9af1ed78440553f1478a9ac950f38283077b07d2241efd2c0018c,b4c765860b500c3e3df6b0c1f1485cb8cf632d9d02c7e90a00f7320152c9a504,CC BY 4.0 plus WHOOPS! Dataset License Agreement additional conditions,nlphuji/whoops,cca58d854ee35b6bfbedc14a9155483e89500ae9,5.0.1,12.3.0,sha256(big_endian_uint32(width) || big_endian_uint32(height) || RGB_pixel_bytes_row_major),041fbac254a9af1ed78440553f1478a9ac950f38283077b07d2241efd2c0018c,working-tree:505.png,exact_decoded_match,,,,
506,data/raw_images/abnormal/506.png,04b23404d3a21af989f50dae03d8bd0c82b45cf2e61e78ff95674a0d310998d0,https://whoops-benchmark.s3.amazonaws.com/whoops_images/04b23404d3a21af989f50dae03d8bd0c82b45cf2e61e78ff95674a0d310998d0.png,1024,1024,04b23404d3a21af989f50dae03d8bd0c82b45cf2e61e78ff95674a0d310998d0,821d3e3f913351cd50f9cb915273dbda2292a6d32a309a753fd02fa0925aa7c2,CC BY 4.0 plus WHOOPS! Dataset License Agreement additional conditions,nlphuji/whoops,cca58d854ee35b6bfbedc14a9155483e89500ae9,5.0.1,12.3.0,sha256(big_endian_uint32(width) || big_endian_uint32(height) || RGB_pixel_bytes_row_major),04b23404d3a21af989f50dae03d8bd0c82b45cf2e61e78ff95674a0d310998d0,working-tree:506.png,exact_decoded_match,,,,
507,data/raw_images/abnormal/507.png,0523238ad853df24e690fc2299d75dfec199797050371874820d7db9f4bcf6d4,https://whoops-benchmark.s3.amazonaws.com/whoops_images/0523238ad853df24e690fc2299d75dfec199797050371874820d7db9f4bcf6d4.png,1024,1024,0523238ad853df24e690fc2299d75dfec199797050371874820d7db9f4bcf6d4,3d53785061e74f4be49838fe4ed3b571f9967ab7fff40b4b96075a3eb44d28ec,CC BY 4.0 plus WHOOPS! Dataset License Agreement additional conditions,nlphuji/whoops,cca58d854ee35b6bfbedc14a9155483e89500ae9,5.0.1,12.3.0,sha256(big_endian_uint32(width) || big_endian_uint32(height) || RGB_pixel_bytes_row_major),0523238ad853df24e690fc2299d75dfec199797050371874820d7db9f4bcf6d4,working-tree:507.png,exact_decoded_match,,,,
508,data/raw_images/abnormal/508.png,05554fe5df28c034fea62484b03bcafc691ca0f0b8a26818fba2d0b344d52e0d,https://whoops-benchmark.s3.amazonaws.com/whoops_images/05554fe5df28c034fea62484b03bcafc691ca0f0b8a26818fba2d0b344d52e0d.png,1536,1024,05554fe5df28c034fea62484b03bcafc691ca0f0b8a26818fba2d0b344d52e0d,ba15bc7c11846d5b32161591047a165cbf412d32d65a4280331475ccd41d0e3a,CC BY 4.0 plus WHOOPS! Dataset License Agreement additional conditions,nlphuji/whoops,cca58d854ee35b6bfbedc14a9155483e89500ae9,5.0.1,12.3.0,sha256(big_endian_uint32(width) || big_endian_uint32(height) || RGB_pixel_bytes_row_major),0fecfa3f41e78161de8db57ff7b37339ca9192726f136f09d58c2a0e92abea36,working-tree:508.png,deterministic_transform_verified,resize_max_side_1536_lanczos_floor_dimensions,official_decoded_rgb_sha256=e42ead535dba0c631f41f5bb9326674c160121b1964789e5b933eabebc79e6a8; transformed_decoded_rgb_sha256=ba15bc7c11846d5b32161591047a165cbf412d32d65a4280331475ccd41d0e3a; archive_revision=0616dca,05554fe5df28c034fea62484b03bcafc691ca0f0b8a26818fba2d0b344d52e0d,e42ead535dba0c631f41f5bb9326674c160121b1964789e5b933eabebc79e6a8
509,data/raw_images/abnormal/509.png,0572e350344bda27364c82c950cd17980a367dbdb14862bedc4ceafcabc3ed5e,https://whoops-benchmark.s3.amazonaws.com/whoops_images/0572e350344bda27364c82c950cd17980a367dbdb14862bedc4ceafcabc3ed5e.png,1024,1024,0572e350344bda27364c82c950cd17980a367dbdb14862bedc4ceafcabc3ed5e,1d2736fe4900e2f05c6cabb0250f387961c857af21858f7732410ec7b1a275c4,CC BY 4.0 plus WHOOPS! Dataset License Agreement additional conditions,nlphuji/whoops,cca58d854ee35b6bfbedc14a9155483e89500ae9,5.0.1,12.3.0,sha256(big_endian_uint32(width) || big_endian_uint32(height) || RGB_pixel_bytes_row_major),0572e350344bda27364c82c950cd17980a367dbdb14862bedc4ceafcabc3ed5e,working-tree:509.png,exact_decoded_match,,,,
510,data/raw_images/abnormal/510.png,05ccbc59ba4c21632f6f74069717d8e68bbf683699156b330e25d991ed0ca64a,https://whoops-benchmark.s3.amazonaws.com/whoops_images/05ccbc59ba4c21632f6f74069717d8e68bbf683699156b330e25d991ed0ca64a.png,1536,1024,05ccbc59ba4c21632f6f74069717d8e68bbf683699156b330e25d991ed0ca64a,a118315935102626c02a0c2566199237049d2421049f4b67ba9d8d772c4d4ae7,CC BY 4.0 plus WHOOPS! Dataset License Agreement additional conditions,nlphuji/whoops,cca58d854ee35b6bfbedc14a9155483e89500ae9,5.0.1,12.3.0,sha256(big_endian_uint32(width) || big_endian_uint32(height) || RGB_pixel_bytes_row_major),05ccbc59ba4c21632f6f74069717d8e68bbf683699156b330e25d991ed0ca64a,working-tree:510.png,exact_decoded_match,,,,
511,data/raw_images/abnormal/511.png,05fe6583351893a65ecfa449e66cf67c4d2dbc0c93ea29b989e9b532c8dbc447,https://whoops-benchmark.s3.amazonaws.com/whoops_images/05fe6583351893a65ecfa449e66cf67c4d2dbc0c93ea29b989e9b532c8dbc447.png,1024,1024,05fe6583351893a65ecfa449e66cf67c4d2dbc0c93ea29b989e9b532c8dbc447,1496fa19bdb9000728f27a4cfed62169fd93899baad90b56ffad6731264742f7,CC BY 4.0 plus WHOOPS! Dataset License Agreement additional conditions,nlphuji/whoops,cca58d854ee35b6bfbedc14a9155483e89500ae9,5.0.1,12.3.0,sha256(big_endian_uint32(width) || big_endian_uint32(height) || RGB_pixel_bytes_row_major),05fe6583351893a65ecfa449e66cf67c4d2dbc0c93ea29b989e9b532c8dbc447,working-tree:511.png,exact_decoded_match,,,,
512,data/raw_images/abnormal/512.png,065a45abb0e05241aadf7bfd96ddf2820bb6f2e3b56f4c2eb5657b9ccc46b6be,https://whoops-benchmark.s3.amazonaws.com/whoops_images/065a45abb0e05241aadf7bfd96ddf2820bb6f2e3b56f4c2eb5657b9ccc46b6be.png,1302,1302,065a45abb0e05241aadf7bfd96ddf2820bb6f2e3b56f4c2eb5657b9ccc46b6be,c196c9a433619ffc4b1fd04f5b4e8eacbfdd1c5f66dd763d2df8c5d476fdb13f,CC BY 4.0 plus WHOOPS! Dataset License Agreement additional conditions,nlphuji/whoops,cca58d854ee35b6bfbedc14a9155483e89500ae9,5.0.1,12.3.0,sha256(big_endian_uint32(width) || big_endian_uint32(height) || RGB_pixel_bytes_row_major),065a45abb0e05241aadf7bfd96ddf2820bb6f2e3b56f4c2eb5657b9ccc46b6be,git:0379abd:data/raw_images/abnormal/512.png,exact_decoded_match,,,,
513,data/raw_images/abnormal/513.png,0705323c64c02b106ff542977ccd3d2367c4e44cbc7cf4276e835628b2efaf68,https://whoops-benchmark.s3.amazonaws.com/whoops_images/0705323c64c02b106ff542977ccd3d2367c4e44cbc7cf4276e835628b2efaf68.png,1024,1024,0705323c64c02b106ff542977ccd3d2367c4e44cbc7cf4276e835628b2efaf68,060ad0b1cde8aa487acf07f57c714dc6ef56ebe4ff300ee94fa80b79c10ebaa9,CC BY 4.0 plus WHOOPS! Dataset License Agreement additional conditions,nlphuji/whoops,cca58d854ee35b6bfbedc14a9155483e89500ae9,5.0.1,12.3.0,sha256(big_endian_uint32(width) || big_endian_uint32(height) || RGB_pixel_bytes_row_major),0705323c64c02b106ff542977ccd3d2367c4e44cbc7cf4276e835628b2efaf68,working-tree:513.png,exact_decoded_match,,,,
514,data/raw_images/abnormal/514.png,07c94c8cfcbdd9880b3c346def434d9d7616668223ea8fcc8ce5dc8c94fe5fd6,https://whoops-benchmark.s3.amazonaws.com/whoops_images/07c94c8cfcbdd9880b3c346def434d9d7616668223ea8fcc8ce5dc8c94fe5fd6.png,1132,1132,07c94c8cfcbdd9880b3c346def434d9d7616668223ea8fcc8ce5dc8c94fe5fd6,84138470a1371f30537b887f9d91779be2b27d3927877fc45a0d0453f9b9b6e5,CC BY 4.0 plus WHOOPS! Dataset License Agreement additional conditions,nlphuji/whoops,cca58d854ee35b6bfbedc14a9155483e89500ae9,5.0.1,12.3.0,sha256(big_endian_uint32(width) || big_endian_uint32(height) || RGB_pixel_bytes_row_major),07c94c8cfcbdd9880b3c346def434d9d7616668223ea8fcc8ce5dc8c94fe5fd6,working-tree:514.png,exact_decoded_match,,,,
515,data/raw_images/abnormal/515.png,0a4e504cfdcba4261b791d7bba6bacb4b733c819138faa9c0ff1cb8a2ab8a04d,https://whoops-benchmark.s3.amazonaws.com/whoops_images/0a4e504cfdcba4261b791d7bba6bacb4b733c819138faa9c0ff1cb8a2ab8a04d.png,1024,1024,0a4e504cfdcba4261b791d7bba6bacb4b733c819138faa9c0ff1cb8a2ab8a04d,50cad77052e54443b12a314659f79af3ef7572f15434a0580bf9b7880e8239c0,CC BY 4.0 plus WHOOPS! Dataset License Agreement additional conditions,nlphuji/whoops,cca58d854ee35b6bfbedc14a9155483e89500ae9,5.0.1,12.3.0,sha256(big_endian_uint32(width) || big_endian_uint32(height) || RGB_pixel_bytes_row_major),0a4e504cfdcba4261b791d7bba6bacb4b733c819138faa9c0ff1cb8a2ab8a04d,working-tree:515.png,exact_decoded_match,,,,
516,data/raw_images/abnormal/516.png,0b75797b5ccc7f2f34932b5e045aee1282e0d8246f2e295d5c2c2dd2531aba51,https://whoops-benchmark.s3.amazonaws.com/whoops_images/0b75797b5ccc7f2f34932b5e045aee1282e0d8246f2e295d5c2c2dd2531aba51.png,1024,1024,0b75797b5ccc7f2f34932b5e045aee1282e0d8246f2e295d5c2c2dd2531aba51,dc8fe28a4e2b1fad5d16b67836b53b451a7863be838f6e9cb82749d0f4072d62,CC BY 4.0 plus WHOOPS! Dataset License Agreement additional conditions,nlphuji/whoops,cca58d854ee35b6bfbedc14a9155483e89500ae9,5.0.1,12.3.0,sha256(big_endian_uint32(width) || big_endian_uint32(height) || RGB_pixel_bytes_row_major),0b75797b5ccc7f2f34932b5e045aee1282e0d8246f2e295d5c2c2dd2531aba51,working-tree:516.png,exact_decoded_match,,,,
517,data/raw_images/abnormal/517.png,0b96fcd434e780c849618db83459625a57ba307b75525edef9f03eee524c2845,https://whoops-benchmark.s3.amazonaws.com/whoops_images/0b96fcd434e780c849618db83459625a57ba307b75525edef9f03eee524c2845.png,1024,1024,0b96fcd434e780c849618db83459625a57ba307b75525edef9f03eee524c2845,63a2a5a368ed6165b6808a724fd2e830c65acf7367a3746e92933e1de4a9ab93,CC BY 4.0 plus WHOOPS! Dataset License Agreement additional conditions,nlphuji/whoops,cca58d854ee35b6bfbedc14a9155483e89500ae9,5.0.1,12.3.0,sha256(big_endian_uint32(width) || big_endian_uint32(height) || RGB_pixel_bytes_row_major),0b96fcd434e780c849618db83459625a57ba307b75525edef9f03eee524c2845,working-tree:517.png,exact_decoded_match,,,,
518,data/raw_images/abnormal/518.png,0be47bf71f525fc8ab15d3a816b38dd302b5cdfaeffca2cba88c90e9acf434e3,https://whoops-benchmark.s3.amazonaws.com/whoops_images/0be47bf71f525fc8ab15d3a816b38dd302b5cdfaeffca2cba88c90e9acf434e3.png,1024,1024,0be47bf71f525fc8ab15d3a816b38dd302b5cdfaeffca2cba88c90e9acf434e3,2a2e3622cc3257156cb1df0476b00427b5a6b9e7f32151ba36a34f80d47367a3,CC BY 4.0 plus WHOOPS! Dataset License Agreement additional conditions,nlphuji/whoops,cca58d854ee35b6bfbedc14a9155483e89500ae9,5.0.1,12.3.0,sha256(big_endian_uint32(width) || big_endian_uint32(height) || RGB_pixel_bytes_row_major),0be47bf71f525fc8ab15d3a816b38dd302b5cdfaeffca2cba88c90e9acf434e3,working-tree:518.png,exact_decoded_match,,,,
519,data/raw_images/abnormal/519.png,0c759d5baf5cc4d9a8a14004c882d0af4b757a14a339c91e2ced34da0958e52f,https://whoops-benchmark.s3.amazonaws.com/whoops_images/0c759d5baf5cc4d9a8a14004c882d0af4b757a14a339c91e2ced34da0958e52f.png,1024,1024,0c759d5baf5cc4d9a8a14004c882d0af4b757a14a339c91e2ced34da0958e52f,a8c618fecb80d5900293b6028b846a5b93ed85b9bb938b6193108456a2d74d74,CC BY 4.0 plus WHOOPS! Dataset License Agreement additional conditions,nlphuji/whoops,cca58d854ee35b6bfbedc14a9155483e89500ae9,5.0.1,12.3.0,sha256(big_endian_uint32(width) || big_endian_uint32(height) || RGB_pixel_bytes_row_major),0c759d5baf5cc4d9a8a14004c882d0af4b757a14a339c91e2ced34da0958e52f,working-tree:519.png,exact_decoded_match,,,,
520,data/raw_images/abnormal/520.png,0d3e768b9f69ddac682b603fadb709533dda6700a177b4baac47f5c97b0c63ec,https://whoops-benchmark.s3.amazonaws.com/whoops_images/0d3e768b9f69ddac682b603fadb709533dda6700a177b4baac47f5c97b0c63ec.png,1024,1024,0d3e768b9f69ddac682b603fadb709533dda6700a177b4baac47f5c97b0c63ec,d5d0ccfd7c85a90310fc70781d4a3e1c0086e3aa0f8b3ccbecbd70bc41e2303c,CC BY 4.0 plus WHOOPS! Dataset License Agreement additional conditions,nlphuji/whoops,cca58d854ee35b6bfbedc14a9155483e89500ae9,5.0.1,12.3.0,sha256(big_endian_uint32(width) || big_endian_uint32(height) || RGB_pixel_bytes_row_major),0d3e768b9f69ddac682b603fadb709533dda6700a177b4baac47f5c97b0c63ec,working-tree:520.png,exact_decoded_match,,,,
521,data/raw_images/abnormal/521.png,0e266e5e89bfac783598e8404a42642e6d4d5fd888e7ed9a08158cf1dab28a9f,https://whoops-benchmark.s3.amazonaws.com/whoops_images/0e266e5e89bfac783598e8404a42642e6d4d5fd888e7ed9a08158cf1dab28a9f.png,1024,1024,0e266e5e89bfac783598e8404a42642e6d4d5fd888e7ed9a08158cf1dab28a9f,d1cba5b3d2a4394851a6cf73f71f94c44adce9d0bafc8846a25fcbe2f6fc7249,CC BY 4.0 plus WHOOPS! Dataset License Agreement additional conditions,nlphuji/whoops,cca58d854ee35b6bfbedc14a9155483e89500ae9,5.0.1,12.3.0,sha256(big_endian_uint32(width) || big_endian_uint32(height) || RGB_pixel_bytes_row_major),0e266e5e89bfac783598e8404a42642e6d4d5fd888e7ed9a08158cf1dab28a9f,working-tree:521.png,exact_decoded_match,,,,
522,data/raw_images/abnormal/522.png,0e917d47e3025cf3e14464014bd1e24dbe0c37062b265da8ce3951f24df989b7,https://whoops-benchmark.s3.amazonaws.com/whoops_images/0e917d47e3025cf3e14464014bd1e24dbe0c37062b265da8ce3951f24df989b7.png,1024,1024,0e917d47e3025cf3e14464014bd1e24dbe0c37062b265da8ce3951f24df989b7,1ad227162392bb0563e3d542c1555e4f033e0e8c0da23e6bb1b6e0516d20940e,CC BY 4.0 plus WHOOPS! Dataset License Agreement additional conditions,nlphuji/whoops,cca58d854ee35b6bfbedc14a9155483e89500ae9,5.0.1,12.3.0,sha256(big_endian_uint32(width) || big_endian_uint32(height) || RGB_pixel_bytes_row_major),0e917d47e3025cf3e14464014bd1e24dbe0c37062b265da8ce3951f24df989b7,working-tree:522.png,exact_decoded_match,,,,
523,data/raw_images/abnormal/523.png,0f5a9e88585ce25df58a09f1a0c4e908e94cff0b6680b53eb77e42e67bfb619c,https://whoops-benchmark.s3.amazonaws.com/whoops_images/0f5a9e88585ce25df58a09f1a0c4e908e94cff0b6680b53eb77e42e67bfb619c.png,2048,2048,0f5a9e88585ce25df58a09f1a0c4e908e94cff0b6680b53eb77e42e67bfb619c,72a3386cc450a04e04dbc85d950779d41dda9711ffe7b0d92e36478549f3a628,CC BY 4.0 plus WHOOPS! Dataset License Agreement additional conditions,nlphuji/whoops,cca58d854ee35b6bfbedc14a9155483e89500ae9,5.0.1,12.3.0,sha256(big_endian_uint32(width) || big_endian_uint32(height) || RGB_pixel_bytes_row_major),0f5a9e88585ce25df58a09f1a0c4e908e94cff0b6680b53eb77e42e67bfb619c,working-tree:523.png,exact_decoded_match,,,,
524,data/raw_images/abnormal/524.png,105a1e68179756f5ecf6596c3898d227bbabca3c3232c506267dfdc48b1c02ff,https://whoops-benchmark.s3.amazonaws.com/whoops_images/105a1e68179756f5ecf6596c3898d227bbabca3c3232c506267dfdc48b1c02ff.png,1024,1024,105a1e68179756f5ecf6596c3898d227bbabca3c3232c506267dfdc48b1c02ff,30012362f5c597d31297a333cedcd0d360ae8a272f30ba80b39a3f136d041180,CC BY 4.0 plus WHOOPS! Dataset License Agreement additional conditions,nlphuji/whoops,cca58d854ee35b6bfbedc14a9155483e89500ae9,5.0.1,12.3.0,sha256(big_endian_uint32(width) || big_endian_uint32(height) || RGB_pixel_bytes_row_major),105a1e68179756f5ecf6596c3898d227bbabca3c3232c506267dfdc48b1c02ff,working-tree:524.png,exact_decoded_match,,,,
525,data/raw_images/abnormal/525.png,107a26017e6a61eed9dfe6e7951b6cbdf4537b67786a9a97ad35ccebd23b30d1,https://whoops-benchmark.s3.amazonaws.com/whoops_images/107a26017e6a61eed9dfe6e7951b6cbdf4537b67786a9a97ad35ccebd23b30d1.png,1024,1024,107a26017e6a61eed9dfe6e7951b6cbdf4537b67786a9a97ad35ccebd23b30d1,74844f4f6c65ca05247b3a5defce9b1b7c3c532e59eb66b020dcad2c35fc1906,CC BY 4.0 plus WHOOPS! Dataset License Agreement additional conditions,nlphuji/whoops,cca58d854ee35b6bfbedc14a9155483e89500ae9,5.0.1,12.3.0,sha256(big_endian_uint32(width) || big_endian_uint32(height) || RGB_pixel_bytes_row_major),107a26017e6a61eed9dfe6e7951b6cbdf4537b67786a9a97ad35ccebd23b30d1,working-tree:525.png,exact_decoded_match,,,,
526,data/raw_images/abnormal/526.png,10cf8bee64dfd18132bae2e0c9e41417fef4d721a5dac2ffddf42049eaa7c6a1,https://whoops-benchmark.s3.amazonaws.com/whoops_images/10cf8bee64dfd18132bae2e0c9e41417fef4d721a5dac2ffddf42049eaa7c6a1.png,1024,1024,10cf8bee64dfd18132bae2e0c9e41417fef4d721a5dac2ffddf42049eaa7c6a1,b5d98e3369fb76dc8fdda17ec2bab7c16d9788b3abb1c5fc4b9442895dfded1b,CC BY 4.0 plus WHOOPS! Dataset License Agreement additional conditions,nlphuji/whoops,cca58d854ee35b6bfbedc14a9155483e89500ae9,5.0.1,12.3.0,sha256(big_endian_uint32(width) || big_endian_uint32(height) || RGB_pixel_bytes_row_major),10cf8bee64dfd18132bae2e0c9e41417fef4d721a5dac2ffddf42049eaa7c6a1,working-tree:526.png,exact_decoded_match,,,,
527,data/raw_images/abnormal/527.png,11200045f1006fb8555509e0d8efb41a947ec767066c2a4c5783c35c7003d710,https://whoops-benchmark.s3.amazonaws.com/whoops_images/11200045f1006fb8555509e0d8efb41a947ec767066c2a4c5783c35c7003d710.png,1024,1024,11200045f1006fb8555509e0d8efb41a947ec767066c2a4c5783c35c7003d710,97ba62ea6871b804384bb11a8b24aff5a796e201b8eb37e3b202681b1c9b4171,CC BY 4.0 plus WHOOPS! Dataset License Agreement additional conditions,nlphuji/whoops,cca58d854ee35b6bfbedc14a9155483e89500ae9,5.0.1,12.3.0,sha256(big_endian_uint32(width) || big_endian_uint32(height) || RGB_pixel_bytes_row_major),11200045f1006fb8555509e0d8efb41a947ec767066c2a4c5783c35c7003d710,working-tree:527.png,exact_decoded_match,,,,
528,data/raw_images/abnormal/528.png,11a189dc88ae4eb458ac5e6d61cb94bafacf32e941c516e9efa07ac714d8c6ca,https://whoops-benchmark.s3.amazonaws.com/whoops_images/11a189dc88ae4eb458ac5e6d61cb94bafacf32e941c516e9efa07ac714d8c6ca.png,1024,1024,11a189dc88ae4eb458ac5e6d61cb94bafacf32e941c516e9efa07ac714d8c6ca,b9d5d8a72abeb0f37e8a3924f11f094faaa41843f08c6d4d50acee598b3d7e01,CC BY 4.0 plus WHOOPS! Dataset License Agreement additional conditions,nlphuji/whoops,cca58d854ee35b6bfbedc14a9155483e89500ae9,5.0.1,12.3.0,sha256(big_endian_uint32(width) || big_endian_uint32(height) || RGB_pixel_bytes_row_major),11a189dc88ae4eb458ac5e6d61cb94bafacf32e941c516e9efa07ac714d8c6ca,working-tree:528.png,exact_decoded_match,,,,
529,data/raw_images/abnormal/529.png,11eb664a71d7ae3f93db482a663a490292992deaa81fde6f72eb1beb77f52db7,https://whoops-benchmark.s3.amazonaws.com/whoops_images/11eb664a71d7ae3f93db482a663a490292992deaa81fde6f72eb1beb77f52db7.png,1024,1024,11eb664a71d7ae3f93db482a663a490292992deaa81fde6f72eb1beb77f52db7,0125adcecf01e43bafe252ed46965326d7281eb5a099f32e6470a36d1463fe97,CC BY 4.0 plus WHOOPS! Dataset License Agreement additional conditions,nlphuji/whoops,cca58d854ee35b6bfbedc14a9155483e89500ae9,5.0.1,12.3.0,sha256(big_endian_uint32(width) || big_endian_uint32(height) || RGB_pixel_bytes_row_major),11eb664a71d7ae3f93db482a663a490292992deaa81fde6f72eb1beb77f52db7,working-tree:529.png,exact_decoded_match,,,,
530,data/raw_images/abnormal/530.png,1313395dfd6f998b1029f676ca336966c1583eb727f99af05a010c028632527f,https://whoops-benchmark.s3.amazonaws.com/whoops_images/1313395dfd6f998b1029f676ca336966c1583eb727f99af05a010c028632527f.png,1024,1024,1313395dfd6f998b1029f676ca336966c1583eb727f99af05a010c028632527f,a13d4a50c4ad0debdb35ecd7fcef6530a68fa1e13162156c77d50ee8d6e91122,CC BY 4.0 plus WHOOPS! Dataset License Agreement additional conditions,nlphuji/whoops,cca58d854ee35b6bfbedc14a9155483e89500ae9,5.0.1,12.3.0,sha256(big_endian_uint32(width) || big_endian_uint32(height) || RGB_pixel_bytes_row_major),1313395dfd6f998b1029f676ca336966c1583eb727f99af05a010c028632527f,working-tree:530.png,exact_decoded_match,,,,
531,data/raw_images/abnormal/531.png,134a634070cd84d5a80f929981c85c402b4c22a7e53b9595ff743906b204b67e,https://whoops-benchmark.s3.amazonaws.com/whoops_images/134a634070cd84d5a80f929981c85c402b4c22a7e53b9595ff743906b204b67e.png,1024,1024,134a634070cd84d5a80f929981c85c402b4c22a7e53b9595ff743906b204b67e,a4a41d827e6c09e7a833d73d68f900659ef77837f3bc5e9ae3f3a69aea000167,CC BY 4.0 plus WHOOPS! Dataset License Agreement additional conditions,nlphuji/whoops,cca58d854ee35b6bfbedc14a9155483e89500ae9,5.0.1,12.3.0,sha256(big_endian_uint32(width) || big_endian_uint32(height) || RGB_pixel_bytes_row_major),134a634070cd84d5a80f929981c85c402b4c22a7e53b9595ff743906b204b67e,working-tree:531.png,exact_decoded_match,,,,
532,data/raw_images/abnormal/532.png,1364ce6b715ec275eb9e961130ce8289640fade78fbe983ba1fb138b5d8a4340,https://whoops-benchmark.s3.amazonaws.com/whoops_images/1364ce6b715ec275eb9e961130ce8289640fade78fbe983ba1fb138b5d8a4340.png,774,774,1364ce6b715ec275eb9e961130ce8289640fade78fbe983ba1fb138b5d8a4340,1680ac1bed897c3af88528f7d21ca9917d1dba41d2c2d37d2cc0664575fbf427,CC BY 4.0 plus WHOOPS! Dataset License Agreement additional conditions,nlphuji/whoops,cca58d854ee35b6bfbedc14a9155483e89500ae9,5.0.1,12.3.0,sha256(big_endian_uint32(width) || big_endian_uint32(height) || RGB_pixel_bytes_row_major),1364ce6b715ec275eb9e961130ce8289640fade78fbe983ba1fb138b5d8a4340,working-tree:532.png,exact_decoded_match,,,,
533,data/raw_images/abnormal/533.png,13e8408d2f7168a9537506f2729bc00c3df1ea2bface36550995745408a95ac4,https://whoops-benchmark.s3.amazonaws.com/whoops_images/13e8408d2f7168a9537506f2729bc00c3df1ea2bface36550995745408a95ac4.png,1024,1024,13e8408d2f7168a9537506f2729bc00c3df1ea2bface36550995745408a95ac4,3d9944e59382031b0f9b384be18e9d8d1aff79700fddf007cac7f9455a32a20d,CC BY 4.0 plus WHOOPS! Dataset License Agreement additional conditions,nlphuji/whoops,cca58d854ee35b6bfbedc14a9155483e89500ae9,5.0.1,12.3.0,sha256(big_endian_uint32(width) || big_endian_uint32(height) || RGB_pixel_bytes_row_major),13e8408d2f7168a9537506f2729bc00c3df1ea2bface36550995745408a95ac4,working-tree:533.png,exact_decoded_match,,,,
534,data/raw_images/abnormal/534.png,143066d647c2d2d29f0ebc0cbfa0318c5d1113dc3d2695570174112ab8d7b322,https://whoops-benchmark.s3.amazonaws.com/whoops_images/143066d647c2d2d29f0ebc0cbfa0318c5d1113dc3d2695570174112ab8d7b322.png,1024,1024,143066d647c2d2d29f0ebc0cbfa0318c5d1113dc3d2695570174112ab8d7b322,8ee9974064b0876d3506c2bc6ceb32422cd987ee4294791b6524fee924fbb9fa,CC BY 4.0 plus WHOOPS! Dataset License Agreement additional conditions,nlphuji/whoops,cca58d854ee35b6bfbedc14a9155483e89500ae9,5.0.1,12.3.0,sha256(big_endian_uint32(width) || big_endian_uint32(height) || RGB_pixel_bytes_row_major),143066d647c2d2d29f0ebc0cbfa0318c5d1113dc3d2695570174112ab8d7b322,working-tree:534.png,exact_decoded_match,,,,
535,data/raw_images/abnormal/535.png,15cfb8cc3aecc2357a886569b8f0b524749aef862a86a932168dcb499bd2e179,https://whoops-benchmark.s3.amazonaws.com/whoops_images/15cfb8cc3aecc2357a886569b8f0b524749aef862a86a932168dcb499bd2e179.png,1536,1536,15cfb8cc3aecc2357a886569b8f0b524749aef862a86a932168dcb499bd2e179,f21c1d3bcb583318e6f2e50234d9bb0bc3e1e863822c739cb7bb05144531e0a9,CC BY 4.0 plus WHOOPS! Dataset License Agreement additional conditions,nlphuji/whoops,cca58d854ee35b6bfbedc14a9155483e89500ae9,5.0.1,12.3.0,sha256(big_endian_uint32(width) || big_endian_uint32(height) || RGB_pixel_bytes_row_major),de08f68d14ef1fda42366f0b4b51b58177f8055e812a84d63c9e258623faad1b,working-tree:535.png,deterministic_transform_verified,resize_max_side_1536_lanczos_floor_dimensions,official_decoded_rgb_sha256=1b554cc3719f1e1235ee6723aeb75e5c9cd60c23b5877758db74f12d565bd729; transformed_decoded_rgb_sha256=f21c1d3bcb583318e6f2e50234d9bb0bc3e1e863822c739cb7bb05144531e0a9; archive_revision=0616dca,15cfb8cc3aecc2357a886569b8f0b524749aef862a86a932168dcb499bd2e179,1b554cc3719f1e1235ee6723aeb75e5c9cd60c23b5877758db74f12d565bd729
536,data/raw_images/abnormal/536.png,16cd9f4c4ea0b66e1ca027c36e0c3e284fc468186d9b6850ba4f84629f0e42e4,https://whoops-benchmark.s3.amazonaws.com/whoops_images/16cd9f4c4ea0b66e1ca027c36e0c3e284fc468186d9b6850ba4f84629f0e42e4.png,1024,1024,16cd9f4c4ea0b66e1ca027c36e0c3e284fc468186d9b6850ba4f84629f0e42e4,597c84a782c0183c39f26daa4c9fd417e0357699bc350cf479a9231659008d80,CC BY 4.0 plus WHOOPS! Dataset License Agreement additional conditions,nlphuji/whoops,cca58d854ee35b6bfbedc14a9155483e89500ae9,5.0.1,12.3.0,sha256(big_endian_uint32(width) || big_endian_uint32(height) || RGB_pixel_bytes_row_major),16cd9f4c4ea0b66e1ca027c36e0c3e284fc468186d9b6850ba4f84629f0e42e4,working-tree:536.png,exact_decoded_match,,,,
537,data/raw_images/abnormal/537.png,16fc3b5b34523babf018e61756149bcdf23e5b0196335113a8ec6c8f7a6c64ff,https://whoops-benchmark.s3.amazonaws.com/whoops_images/16fc3b5b34523babf018e61756149bcdf23e5b0196335113a8ec6c8f7a6c64ff.png,1024,1024,16fc3b5b34523babf018e61756149bcdf23e5b0196335113a8ec6c8f7a6c64ff,c5959a55b259cd2607e2baeed7d6b4809c583216f6c5f86bbd0a3d52c3e52fbb,CC BY 4.0 plus WHOOPS! Dataset License Agreement additional conditions,nlphuji/whoops,cca58d854ee35b6bfbedc14a9155483e89500ae9,5.0.1,12.3.0,sha256(big_endian_uint32(width) || big_endian_uint32(height) || RGB_pixel_bytes_row_major),16fc3b5b34523babf018e61756149bcdf23e5b0196335113a8ec6c8f7a6c64ff,working-tree:537.png,exact_decoded_match,,,,
538,data/raw_images/abnormal/538.png,181dfdddc585ee7459fddaa96c8302d06c89d411ff61f80c096511c1e1ac90fc,https://whoops-benchmark.s3.amazonaws.com/whoops_images/181dfdddc585ee7459fddaa96c8302d06c89d411ff61f80c096511c1e1ac90fc.png,1024,1024,181dfdddc585ee7459fddaa96c8302d06c89d411ff61f80c096511c1e1ac90fc,8c082900f8822fa016ae7fc3784b4749563d5c71cb01ead49f31cbd5778d6ce8,CC BY 4.0 plus WHOOPS! Dataset License Agreement additional conditions,nlphuji/whoops,cca58d854ee35b6bfbedc14a9155483e89500ae9,5.0.1,12.3.0,sha256(big_endian_uint32(width) || big_endian_uint32(height) || RGB_pixel_bytes_row_major),181dfdddc585ee7459fddaa96c8302d06c89d411ff61f80c096511c1e1ac90fc,working-tree:538.png,exact_decoded_match,,,,
539,data/raw_images/abnormal/539.png,1911a69f3bd376afded317d6d377458397b5e3fbc5500def98f5e4d61d722138,https://whoops-benchmark.s3.amazonaws.com/whoops_images/1911a69f3bd376afded317d6d377458397b5e3fbc5500def98f5e4d61d722138.png,1536,1024,1911a69f3bd376afded317d6d377458397b5e3fbc5500def98f5e4d61d722138,d18513e6e024b5a07c555fde6bd9e6912983b8d8651b7bcd78266f472ef11042,CC BY 4.0 plus WHOOPS! Dataset License Agreement additional conditions,nlphuji/whoops,cca58d854ee35b6bfbedc14a9155483e89500ae9,5.0.1,12.3.0,sha256(big_endian_uint32(width) || big_endian_uint32(height) || RGB_pixel_bytes_row_major),1911a69f3bd376afded317d6d377458397b5e3fbc5500def98f5e4d61d722138,working-tree:539.png,exact_decoded_match,,,,
540,data/raw_images/abnormal/540.png,199070302b9956dd0868d88a03c6c76a1c7ee949c9280977973be91428fdab15,https://whoops-benchmark.s3.amazonaws.com/whoops_images/199070302b9956dd0868d88a03c6c76a1c7ee949c9280977973be91428fdab15.png,1024,1024,199070302b9956dd0868d88a03c6c76a1c7ee949c9280977973be91428fdab15,e3189d89b93d36d84ef1df748d18f665b468d0a97ceb612c8c3ac13ea660f555,CC BY 4.0 plus WHOOPS! Dataset License Agreement additional conditions,nlphuji/whoops,cca58d854ee35b6bfbedc14a9155483e89500ae9,5.0.1,12.3.0,sha256(big_endian_uint32(width) || big_endian_uint32(height) || RGB_pixel_bytes_row_major),199070302b9956dd0868d88a03c6c76a1c7ee949c9280977973be91428fdab15,working-tree:540.png,exact_decoded_match,,,,
541,data/raw_images/abnormal/541.png,19948343aeef2c3c834bb2c623ada551b1c30383ad9d34482ef4cc478ed747dd,https://whoops-benchmark.s3.amazonaws.com/whoops_images/19948343aeef2c3c834bb2c623ada551b1c30383ad9d34482ef4cc478ed747dd.png,1536,1536,19948343aeef2c3c834bb2c623ada551b1c30383ad9d34482ef4cc478ed747dd,550a81aa3e071fcd7f7a9f187e66da2c7d9677994105db0b165d467b9a291b3b,CC BY 4.0 plus WHOOPS! Dataset License Agreement additional conditions,nlphuji/whoops,cca58d854ee35b6bfbedc14a9155483e89500ae9,5.0.1,12.3.0,sha256(big_endian_uint32(width) || big_endian_uint32(height) || RGB_pixel_bytes_row_major),d44e4297e86399e95175dd2a288c84a2d4602b0dfe1d15cff9300581e67d3f3e,working-tree:541.png,deterministic_transform_verified,resize_max_side_1536_lanczos_floor_dimensions,official_decoded_rgb_sha256=e9c83fc3e40b1d46862c76c62c04a2b5870eff42a1225eb4df2709f74f833fbc; transformed_decoded_rgb_sha256=550a81aa3e071fcd7f7a9f187e66da2c7d9677994105db0b165d467b9a291b3b; archive_revision=0616dca,19948343aeef2c3c834bb2c623ada551b1c30383ad9d34482ef4cc478ed747dd,e9c83fc3e40b1d46862c76c62c04a2b5870eff42a1225eb4df2709f74f833fbc
542,data/raw_images/abnormal/542.png,1a5c6713ad438615371ac2ea2194c5138febd7a9edbb9da67f2e4d8f60444225,https://whoops-benchmark.s3.amazonaws.com/whoops_images/1a5c6713ad438615371ac2ea2194c5138febd7a9edbb9da67f2e4d8f60444225.png,1024,1024,1a5c6713ad438615371ac2ea2194c5138febd7a9edbb9da67f2e4d8f60444225,2ef8a44d52f55044b3af04d16a2bac0479e3bf42d709b40267736cd325518249,CC BY 4.0 plus WHOOPS! Dataset License Agreement additional conditions,nlphuji/whoops,cca58d854ee35b6bfbedc14a9155483e89500ae9,5.0.1,12.3.0,sha256(big_endian_uint32(width) || big_endian_uint32(height) || RGB_pixel_bytes_row_major),1a5c6713ad438615371ac2ea2194c5138febd7a9edbb9da67f2e4d8f60444225,working-tree:542.png,exact_decoded_match,,,,
543,data/raw_images/abnormal/543.png,1a8b4348d05d1ce32b22ebd0bc7ebddcfec68f366892383936556780c6c97886,https://whoops-benchmark.s3.amazonaws.com/whoops_images/1a8b4348d05d1ce32b22ebd0bc7ebddcfec68f366892383936556780c6c97886.png,1024,1024,1a8b4348d05d1ce32b22ebd0bc7ebddcfec68f366892383936556780c6c97886,78415a4c02b559f07c90091abce0971a1a2672fe758eaba16259cf8a9b7013e0,CC BY 4.0 plus WHOOPS! Dataset License Agreement additional conditions,nlphuji/whoops,cca58d854ee35b6bfbedc14a9155483e89500ae9,5.0.1,12.3.0,sha256(big_endian_uint32(width) || big_endian_uint32(height) || RGB_pixel_bytes_row_major),1a8b4348d05d1ce32b22ebd0bc7ebddcfec68f366892383936556780c6c97886,working-tree:543.png,exact_decoded_match,,,,
544,data/raw_images/abnormal/544.png,1b5e5a2ce596bfc9e3cf5d421ca11cfd5148d523c4cf640357a5892685138a4f,https://whoops-benchmark.s3.amazonaws.com/whoops_images/1b5e5a2ce596bfc9e3cf5d421ca11cfd5148d523c4cf640357a5892685138a4f.png,1024,1024,1b5e5a2ce596bfc9e3cf5d421ca11cfd5148d523c4cf640357a5892685138a4f,d15c93dbffeb68e2670448f1468e887e164cade71a122d193cf48e100e5a3698,CC BY 4.0 plus WHOOPS! Dataset License Agreement additional conditions,nlphuji/whoops,cca58d854ee35b6bfbedc14a9155483e89500ae9,5.0.1,12.3.0,sha256(big_endian_uint32(width) || big_endian_uint32(height) || RGB_pixel_bytes_row_major),1b5e5a2ce596bfc9e3cf5d421ca11cfd5148d523c4cf640357a5892685138a4f,working-tree:544.png,exact_decoded_match,,,,
545,data/raw_images/abnormal/545.png,1c29f91bf9043835a0f8b83786d5bdafa779bfb4bab5d9fa8d03959684e803c0,https://whoops-benchmark.s3.amazonaws.com/whoops_images/1c29f91bf9043835a0f8b83786d5bdafa779bfb4bab5d9fa8d03959684e803c0.png,1024,1024,1c29f91bf9043835a0f8b83786d5bdafa779bfb4bab5d9fa8d03959684e803c0,5112764f27e60685515777b10e6bbb342525e67d5d1363f72af86d4081c31dc1,CC BY 4.0 plus WHOOPS! Dataset License Agreement additional conditions,nlphuji/whoops,cca58d854ee35b6bfbedc14a9155483e89500ae9,5.0.1,12.3.0,sha256(big_endian_uint32(width) || big_endian_uint32(height) || RGB_pixel_bytes_row_major),1c29f91bf9043835a0f8b83786d5bdafa779bfb4bab5d9fa8d03959684e803c0,working-tree:545.png,exact_decoded_match,,,,
546,data/raw_images/abnormal/546.png,1c2d87b3856e564e35acfb25b564bebaa14f309027e4b4a76f0e56d40fa8192a,https://whoops-benchmark.s3.amazonaws.com/whoops_images/1c2d87b3856e564e35acfb25b564bebaa14f309027e4b4a76f0e56d40fa8192a.png,1024,1024,1c2d87b3856e564e35acfb25b564bebaa14f309027e4b4a76f0e56d40fa8192a,3d8a36722acac7aa0aa00062dfb24990a4004e9c8004d1e100b42e77acad7b81,CC BY 4.0 plus WHOOPS! Dataset License Agreement additional conditions,nlphuji/whoops,cca58d854ee35b6bfbedc14a9155483e89500ae9,5.0.1,12.3.0,sha256(big_endian_uint32(width) || big_endian_uint32(height) || RGB_pixel_bytes_row_major),1c2d87b3856e564e35acfb25b564bebaa14f309027e4b4a76f0e56d40fa8192a,working-tree:546.png,exact_decoded_match,,,,
547,data/raw_images/abnormal/547.png,1d610564d27ebd01a7d704c3d90563df140ec47c47962639ce52d659ebd5a634,https://whoops-benchmark.s3.amazonaws.com/whoops_images/1d610564d27ebd01a7d704c3d90563df140ec47c47962639ce52d659ebd5a634.png,1024,1024,1d610564d27ebd01a7d704c3d90563df140ec47c47962639ce52d659ebd5a634,4da8e9806d78de9b5b936344c7a400dd936e9ef2eb1e60389f2e15d825a1f831,CC BY 4.0 plus WHOOPS! Dataset License Agreement additional conditions,nlphuji/whoops,cca58d854ee35b6bfbedc14a9155483e89500ae9,5.0.1,12.3.0,sha256(big_endian_uint32(width) || big_endian_uint32(height) || RGB_pixel_bytes_row_major),1d610564d27ebd01a7d704c3d90563df140ec47c47962639ce52d659ebd5a634,working-tree:547.png,exact_decoded_match,,,,
548,data/raw_images/abnormal/548.png,1d71f872fc6eadeaf9a484cdf476fa7f4e6112020df6871dc56a5e0342423fa1,https://whoops-benchmark.s3.amazonaws.com/whoops_images/1d71f872fc6eadeaf9a484cdf476fa7f4e6112020df6871dc56a5e0342423fa1.png,1024,1024,1d71f872fc6eadeaf9a484cdf476fa7f4e6112020df6871dc56a5e0342423fa1,6af35e7798c5edfb1d7168430ac5188b5833d9df25aab11026dd7dd5af67060f,CC BY 4.0 plus WHOOPS! Dataset License Agreement additional conditions,nlphuji/whoops,cca58d854ee35b6bfbedc14a9155483e89500ae9,5.0.1,12.3.0,sha256(big_endian_uint32(width) || big_endian_uint32(height) || RGB_pixel_bytes_row_major),1d71f872fc6eadeaf9a484cdf476fa7f4e6112020df6871dc56a5e0342423fa1,working-tree:548.png,exact_decoded_match,,,,
549,data/raw_images/abnormal/549.png,1dfcec6aaf52317654922201bfdc1fb40cd0ab130144424f54ac26c3f5f3a082,https://whoops-benchmark.s3.amazonaws.com/whoops_images/1dfcec6aaf52317654922201bfdc1fb40cd0ab130144424f54ac26c3f5f3a082.png,1024,1024,1dfcec6aaf52317654922201bfdc1fb40cd0ab130144424f54ac26c3f5f3a082,b1f47452a2acfa223121c91744ef0ddb286793c662f2efc90d6ae62d705d60c4,CC BY 4.0 plus WHOOPS! Dataset License Agreement additional conditions,nlphuji/whoops,cca58d854ee35b6bfbedc14a9155483e89500ae9,5.0.1,12.3.0,sha256(big_endian_uint32(width) || big_endian_uint32(height) || RGB_pixel_bytes_row_major),1dfcec6aaf52317654922201bfdc1fb40cd0ab130144424f54ac26c3f5f3a082,working-tree:549.png,exact_decoded_match,,,,
550,data/raw_images/abnormal/550.png,1e6dc76bbc7b48ba9e73ed51062d844d25387536796c091b82307b4cc73e88d7,https://whoops-benchmark.s3.amazonaws.com/whoops_images/1e6dc76bbc7b48ba9e73ed51062d844d25387536796c091b82307b4cc73e88d7.png,1024,1024,1e6dc76bbc7b48ba9e73ed51062d844d25387536796c091b82307b4cc73e88d7,d931b911138bb45e74241dcc3bd45de9a674c568c003e1afeff66c63d46107cf,CC BY 4.0 plus WHOOPS! Dataset License Agreement additional conditions,nlphuji/whoops,cca58d854ee35b6bfbedc14a9155483e89500ae9,5.0.1,12.3.0,sha256(big_endian_uint32(width) || big_endian_uint32(height) || RGB_pixel_bytes_row_major),1e6dc76bbc7b48ba9e73ed51062d844d25387536796c091b82307b4cc73e88d7,working-tree:550.png,exact_decoded_match,,,,
551,data/raw_images/abnormal/551.png,1ea1c0b08fc850b827251f276769336deaf1e736a9c541ed10e15bc6e3ac3658,https://whoops-benchmark.s3.amazonaws.com/whoops_images/1ea1c0b08fc850b827251f276769336deaf1e736a9c541ed10e15bc6e3ac3658.png,1024,1024,1ea1c0b08fc850b827251f276769336deaf1e736a9c541ed10e15bc6e3ac3658,de7c46bb9580ba1e2a41c4b4d2fada06cdf995fca4db751710c954d5faa3d661,CC BY 4.0 plus WHOOPS! Dataset License Agreement additional conditions,nlphuji/whoops,cca58d854ee35b6bfbedc14a9155483e89500ae9,5.0.1,12.3.0,sha256(big_endian_uint32(width) || big_endian_uint32(height) || RGB_pixel_bytes_row_major),1ea1c0b08fc850b827251f276769336deaf1e736a9c541ed10e15bc6e3ac3658,working-tree:551.png,exact_decoded_match,,,,
552,data/raw_images/abnormal/552.png,1ebadde3811d38c5a413648b1e8797847e85a61cf6adf96fa4b0231080311f70,https://whoops-benchmark.s3.amazonaws.com/whoops_images/1ebadde3811d38c5a413648b1e8797847e85a61cf6adf96fa4b0231080311f70.png,1024,1024,1ebadde3811d38c5a413648b1e8797847e85a61cf6adf96fa4b0231080311f70,7a1ef0dbb959aed97884abff9f4c11a1ae76ea9b313fcf2e9c45295d3591c7d1,CC BY 4.0 plus WHOOPS! Dataset License Agreement additional conditions,nlphuji/whoops,cca58d854ee35b6bfbedc14a9155483e89500ae9,5.0.1,12.3.0,sha256(big_endian_uint32(width) || big_endian_uint32(height) || RGB_pixel_bytes_row_major),1ebadde3811d38c5a413648b1e8797847e85a61cf6adf96fa4b0231080311f70,working-tree:552.png,exact_decoded_match,,,,
553,data/raw_images/abnormal/553.png,1ee0b19c05a5e65d489d78c3da4b5bb8819607c394d8fa6817663a44dbb914b2,https://whoops-benchmark.s3.amazonaws.com/whoops_images/1ee0b19c05a5e65d489d78c3da4b5bb8819607c394d8fa6817663a44dbb914b2.png,1024,1024,1ee0b19c05a5e65d489d78c3da4b5bb8819607c394d8fa6817663a44dbb914b2,7aa327592f9b3027dbdf9420783128a29f93c75805314a44b570d9ddfb21bad2,CC BY 4.0 plus WHOOPS! Dataset License Agreement additional conditions,nlphuji/whoops,cca58d854ee35b6bfbedc14a9155483e89500ae9,5.0.1,12.3.0,sha256(big_endian_uint32(width) || big_endian_uint32(height) || RGB_pixel_bytes_row_major),1ee0b19c05a5e65d489d78c3da4b5bb8819607c394d8fa6817663a44dbb914b2,working-tree:553.png,exact_decoded_match,,,,
554,data/raw_images/abnormal/554.png,1ee31b9595b15be758f32bf44226eaadb570d9fbe93cae0b02f99d6a95715f7e,https://whoops-benchmark.s3.amazonaws.com/whoops_images/1ee31b9595b15be758f32bf44226eaadb570d9fbe93cae0b02f99d6a95715f7e.png,1024,1024,1ee31b9595b15be758f32bf44226eaadb570d9fbe93cae0b02f99d6a95715f7e,6a400c4667f8b91f421fc07e32405672121d07890facd6b903ee90d1186507ed,CC BY 4.0 plus WHOOPS! Dataset License Agreement additional conditions,nlphuji/whoops,cca58d854ee35b6bfbedc14a9155483e89500ae9,5.0.1,12.3.0,sha256(big_endian_uint32(width) || big_endian_uint32(height) || RGB_pixel_bytes_row_major),1ee31b9595b15be758f32bf44226eaadb570d9fbe93cae0b02f99d6a95715f7e,working-tree:554.png,exact_decoded_match,,,,
555,data/raw_images/abnormal/555.png,1f095ddb731d025bc4d4236d667a24e0f373ed002da35f7b55a5aaa4e4c4f024,https://whoops-benchmark.s3.amazonaws.com/whoops_images/1f095ddb731d025bc4d4236d667a24e0f373ed002da35f7b55a5aaa4e4c4f024.png,1024,1024,1f095ddb731d025bc4d4236d667a24e0f373ed002da35f7b55a5aaa4e4c4f024,520bae848eebae93266d7b3f28a0c445ad1648a6129f163b76b3c293f2b16780,CC BY 4.0 plus WHOOPS! Dataset License Agreement additional conditions,nlphuji/whoops,cca58d854ee35b6bfbedc14a9155483e89500ae9,5.0.1,12.3.0,sha256(big_endian_uint32(width) || big_endian_uint32(height) || RGB_pixel_bytes_row_major),1f095ddb731d025bc4d4236d667a24e0f373ed002da35f7b55a5aaa4e4c4f024,working-tree:555.png,exact_decoded_match,,,,
556,data/raw_images/abnormal/556.png,204c75931fe3067ab9829ac25f68da09ac1b11e5101151fb0002f79d7091bfc4,https://whoops-benchmark.s3.amazonaws.com/whoops_images/204c75931fe3067ab9829ac25f68da09ac1b11e5101151fb0002f79d7091bfc4.png,1024,1024,204c75931fe3067ab9829ac25f68da09ac1b11e5101151fb0002f79d7091bfc4,bf17a29a9c98d955fe7763867123dd88aca8468f4296f5cf8f8ac600658f3a49,CC BY 4.0 plus WHOOPS! Dataset License Agreement additional conditions,nlphuji/whoops,cca58d854ee35b6bfbedc14a9155483e89500ae9,5.0.1,12.3.0,sha256(big_endian_uint32(width) || big_endian_uint32(height) || RGB_pixel_bytes_row_major),204c75931fe3067ab9829ac25f68da09ac1b11e5101151fb0002f79d7091bfc4,working-tree:556.png,exact_decoded_match,,,,
557,data/raw_images/abnormal/557.png,20676c5cb79143abca8a2aa7b00ca2e7c3bf791054b48eda3739341c6f7ac005,https://whoops-benchmark.s3.amazonaws.com/whoops_images/20676c5cb79143abca8a2aa7b00ca2e7c3bf791054b48eda3739341c6f7ac005.png,1024,1024,20676c5cb79143abca8a2aa7b00ca2e7c3bf791054b48eda3739341c6f7ac005,a6773c061067bf0c2d31bf91ae855cda61339358a72bb1e6841bc0024ff4ab52,CC BY 4.0 plus WHOOPS! Dataset License Agreement additional conditions,nlphuji/whoops,cca58d854ee35b6bfbedc14a9155483e89500ae9,5.0.1,12.3.0,sha256(big_endian_uint32(width) || big_endian_uint32(height) || RGB_pixel_bytes_row_major),20676c5cb79143abca8a2aa7b00ca2e7c3bf791054b48eda3739341c6f7ac005,working-tree:557.png,exact_decoded_match,,,,
558,data/raw_images/abnormal/558.png,20c0d1ed3d942c6fd366be1d86439da5dff37603d9458e012c41a20542149fa4,https://whoops-benchmark.s3.amazonaws.com/whoops_images/20c0d1ed3d942c6fd366be1d86439da5dff37603d9458e012c41a20542149fa4.png,1024,1024,20c0d1ed3d942c6fd366be1d86439da5dff37603d9458e012c41a20542149fa4,32b2ce09cb562ab87a409fab6bb60e8f57035f47b055b550bd689b666553d14b,CC BY 4.0 plus WHOOPS! Dataset License Agreement additional conditions,nlphuji/whoops,cca58d854ee35b6bfbedc14a9155483e89500ae9,5.0.1,12.3.0,sha256(big_endian_uint32(width) || big_endian_uint32(height) || RGB_pixel_bytes_row_major),20c0d1ed3d942c6fd366be1d86439da5dff37603d9458e012c41a20542149fa4,working-tree:558.png,exact_decoded_match,,,,
559,data/raw_images/abnormal/559.png,2234d7c0fb4123c6839e59703d94a9d6b4538b11e3500e1067537d43f78d4ac0,https://whoops-benchmark.s3.amazonaws.com/whoops_images/2234d7c0fb4123c6839e59703d94a9d6b4538b11e3500e1067537d43f78d4ac0.png,1024,1024,2234d7c0fb4123c6839e59703d94a9d6b4538b11e3500e1067537d43f78d4ac0,6755beb8585f41cc8ca8685abe9929e539af2a092e68ce53a9f4813f0b463d3a,CC BY 4.0 plus WHOOPS! Dataset License Agreement additional conditions,nlphuji/whoops,cca58d854ee35b6bfbedc14a9155483e89500ae9,5.0.1,12.3.0,sha256(big_endian_uint32(width) || big_endian_uint32(height) || RGB_pixel_bytes_row_major),2234d7c0fb4123c6839e59703d94a9d6b4538b11e3500e1067537d43f78d4ac0,working-tree:559.png,exact_decoded_match,,,,
560,data/raw_images/abnormal/560.png,23bb79cee1baf197cbc737b43b270072eac0e0dcf9e9361acc2c3ba0f11c067b,https://whoops-benchmark.s3.amazonaws.com/whoops_images/23bb79cee1baf197cbc737b43b270072eac0e0dcf9e9361acc2c3ba0f11c067b.png,1536,1536,23bb79cee1baf197cbc737b43b270072eac0e0dcf9e9361acc2c3ba0f11c067b,253559013f5895c8c465afac0abfe333907f7a0d57bb2c2569ddbc2d98c1c045,CC BY 4.0 plus WHOOPS! Dataset License Agreement additional conditions,nlphuji/whoops,cca58d854ee35b6bfbedc14a9155483e89500ae9,5.0.1,12.3.0,sha256(big_endian_uint32(width) || big_endian_uint32(height) || RGB_pixel_bytes_row_major),702bb45736252bf79918d57c7d907de94a1e56cf7000f48d8bc8b7cbccb2cb52,working-tree:560.png,deterministic_transform_verified,resize_max_side_1536_lanczos_floor_dimensions,official_decoded_rgb_sha256=4987adf829caa21d0d70a0ba87a3e3209178274a997bcb70381640f24df17981; transformed_decoded_rgb_sha256=253559013f5895c8c465afac0abfe333907f7a0d57bb2c2569ddbc2d98c1c045; archive_revision=0616dca,23bb79cee1baf197cbc737b43b270072eac0e0dcf9e9361acc2c3ba0f11c067b,4987adf829caa21d0d70a0ba87a3e3209178274a997bcb70381640f24df17981
561,data/raw_images/abnormal/561.png,24282dd177e85e774afd47d781775e8a49b678357c55f4d6743e97c8e48cf0c8,https://whoops-benchmark.s3.amazonaws.com/whoops_images/24282dd177e85e774afd47d781775e8a49b678357c55f4d6743e97c8e48cf0c8.png,1024,1024,24282dd177e85e774afd47d781775e8a49b678357c55f4d6743e97c8e48cf0c8,96cc2b167b723dc336e5387cd1b15e3735401d52d5ec5b9a6babcc00c64eb82f,CC BY 4.0 plus WHOOPS! Dataset License Agreement additional conditions,nlphuji/whoops,cca58d854ee35b6bfbedc14a9155483e89500ae9,5.0.1,12.3.0,sha256(big_endian_uint32(width) || big_endian_uint32(height) || RGB_pixel_bytes_row_major),24282dd177e85e774afd47d781775e8a49b678357c55f4d6743e97c8e48cf0c8,working-tree:561.png,exact_decoded_match,,,,
562,data/raw_images/abnormal/562.png,24b540335a63dfb96efe30ee28eff1b03211eb8d386e929954521858549d1394,https://whoops-benchmark.s3.amazonaws.com/whoops_images/24b540335a63dfb96efe30ee28eff1b03211eb8d386e929954521858549d1394.png,1024,1024,24b540335a63dfb96efe30ee28eff1b03211eb8d386e929954521858549d1394,70b5d5503c42bc2b13b3e209b4e9d6c4528dbe9d3e2c5d1f1669b87451405445,CC BY 4.0 plus WHOOPS! Dataset License Agreement additional conditions,nlphuji/whoops,cca58d854ee35b6bfbedc14a9155483e89500ae9,5.0.1,12.3.0,sha256(big_endian_uint32(width) || big_endian_uint32(height) || RGB_pixel_bytes_row_major),24b540335a63dfb96efe30ee28eff1b03211eb8d386e929954521858549d1394,working-tree:562.png,exact_decoded_match,,,,
563,data/raw_images/abnormal/563.png,25ad4916ff0d4d3a988b438da219a5de3ae7954532c6f888cba647627690f486,https://whoops-benchmark.s3.amazonaws.com/whoops_images/25ad4916ff0d4d3a988b438da219a5de3ae7954532c6f888cba647627690f486.png,1024,1024,25ad4916ff0d4d3a988b438da219a5de3ae7954532c6f888cba647627690f486,14086d14eb49726752a6805a51ea83f18e75c3dc5ccad4cafb57644243e1c9ea,CC BY 4.0 plus WHOOPS! Dataset License Agreement additional conditions,nlphuji/whoops,cca58d854ee35b6bfbedc14a9155483e89500ae9,5.0.1,12.3.0,sha256(big_endian_uint32(width) || big_endian_uint32(height) || RGB_pixel_bytes_row_major),25ad4916ff0d4d3a988b438da219a5de3ae7954532c6f888cba647627690f486,working-tree:563.png,exact_decoded_match,,,,
564,data/raw_images/abnormal/564.png,25ef2af0be6337fef28e09a6f6ee41b913171e9aa2230611897dfd0d68a5ba32,https://whoops-benchmark.s3.amazonaws.com/whoops_images/25ef2af0be6337fef28e09a6f6ee41b913171e9aa2230611897dfd0d68a5ba32.png,1024,1024,25ef2af0be6337fef28e09a6f6ee41b913171e9aa2230611897dfd0d68a5ba32,468e4b2cf73dfff273a6db592cda8342d3d56469378841480c4c2f30110f89b6,CC BY 4.0 plus WHOOPS! Dataset License Agreement additional conditions,nlphuji/whoops,cca58d854ee35b6bfbedc14a9155483e89500ae9,5.0.1,12.3.0,sha256(big_endian_uint32(width) || big_endian_uint32(height) || RGB_pixel_bytes_row_major),25ef2af0be6337fef28e09a6f6ee41b913171e9aa2230611897dfd0d68a5ba32,working-tree:564.png,exact_decoded_match,,,,
565,data/raw_images/abnormal/565.png,26427b0ccdad774905d3f4e207546e831811b588121d8d7ead8896468d1bad08,https://whoops-benchmark.s3.amazonaws.com/whoops_images/26427b0ccdad774905d3f4e207546e831811b588121d8d7ead8896468d1bad08.png,1242,1242,26427b0ccdad774905d3f4e207546e831811b588121d8d7ead8896468d1bad08,7b6ce421ba41ce8ddd85e2ba143113ae31cff08229f9b359a4dd5bfd555de005,CC BY 4.0 plus WHOOPS! Dataset License Agreement additional conditions,nlphuji/whoops,cca58d854ee35b6bfbedc14a9155483e89500ae9,5.0.1,12.3.0,sha256(big_endian_uint32(width) || big_endian_uint32(height) || RGB_pixel_bytes_row_major),26427b0ccdad774905d3f4e207546e831811b588121d8d7ead8896468d1bad08,working-tree:565.png,exact_decoded_match,,,,
566,data/raw_images/abnormal/566.png,26b08efc44c60e2380c06b0cd4643087e65825997a2577d315fe9211431c282e,https://whoops-benchmark.s3.amazonaws.com/whoops_images/26b08efc44c60e2380c06b0cd4643087e65825997a2577d315fe9211431c282e.png,1024,1024,26b08efc44c60e2380c06b0cd4643087e65825997a2577d315fe9211431c282e,f2c423fc886ad267dfa54f47d765b2429aa17bec2c56c2d482abfb81755a3359,CC BY 4.0 plus WHOOPS! Dataset License Agreement additional conditions,nlphuji/whoops,cca58d854ee35b6bfbedc14a9155483e89500ae9,5.0.1,12.3.0,sha256(big_endian_uint32(width) || big_endian_uint32(height) || RGB_pixel_bytes_row_major),26b08efc44c60e2380c06b0cd4643087e65825997a2577d315fe9211431c282e,working-tree:566.png,exact_decoded_match,,,,
567,data/raw_images/abnormal/567.png,26bed7b6940e8f5a539e6e7c95b0042137c6b5e1b44c95beabcdc52d22816b37,https://whoops-benchmark.s3.amazonaws.com/whoops_images/26bed7b6940e8f5a539e6e7c95b0042137c6b5e1b44c95beabcdc52d22816b37.png,1024,1024,26bed7b6940e8f5a539e6e7c95b0042137c6b5e1b44c95beabcdc52d22816b37,9ec5cf92df6059f196e9d28a0313cdaed859a40894d96f7c32c056b02ccfb7c6,CC BY 4.0 plus WHOOPS! Dataset License Agreement additional conditions,nlphuji/whoops,cca58d854ee35b6bfbedc14a9155483e89500ae9,5.0.1,12.3.0,sha256(big_endian_uint32(width) || big_endian_uint32(height) || RGB_pixel_bytes_row_major),26bed7b6940e8f5a539e6e7c95b0042137c6b5e1b44c95beabcdc52d22816b37,working-tree:567.png,exact_decoded_match,,,,
568,data/raw_images/abnormal/568.png,26ccfdcd59a27eafa3c8ade48d5dbdb2915caf147791b7e688985dadb8a54620,https://whoops-benchmark.s3.amazonaws.com/whoops_images/26ccfdcd59a27eafa3c8ade48d5dbdb2915caf147791b7e688985dadb8a54620.png,1024,1024,26ccfdcd59a27eafa3c8ade48d5dbdb2915caf147791b7e688985dadb8a54620,41446dc8e631d855d3bfa5c1f3488392d8bbc68f232e25ac6153dd58fa0f87f3,CC BY 4.0 plus WHOOPS! Dataset License Agreement additional conditions,nlphuji/whoops,cca58d854ee35b6bfbedc14a9155483e89500ae9,5.0.1,12.3.0,sha256(big_endian_uint32(width) || big_endian_uint32(height) || RGB_pixel_bytes_row_major),26ccfdcd59a27eafa3c8ade48d5dbdb2915caf147791b7e688985dadb8a54620,working-tree:568.png,exact_decoded_match,,,,
569,data/raw_images/abnormal/569.png,2728be1f7740f3b9696dcfea1ed7d0e7388cf57eaeea037ed638000025790fdf,https://whoops-benchmark.s3.amazonaws.com/whoops_images/2728be1f7740f3b9696dcfea1ed7d0e7388cf57eaeea037ed638000025790fdf.png,1024,1024,2728be1f7740f3b9696dcfea1ed7d0e7388cf57eaeea037ed638000025790fdf,122d3af6a9630ec84713906588c308975a8d9689ba060f37e0499bfca2d3438a,CC BY 4.0 plus WHOOPS! Dataset License Agreement additional conditions,nlphuji/whoops,cca58d854ee35b6bfbedc14a9155483e89500ae9,5.0.1,12.3.0,sha256(big_endian_uint32(width) || big_endian_uint32(height) || RGB_pixel_bytes_row_major),2728be1f7740f3b9696dcfea1ed7d0e7388cf57eaeea037ed638000025790fdf,working-tree:569.png,exact_decoded_match,,,,
570,data/raw_images/abnormal/570.png,27860823f07cb2d5c19d130a3b3430c4622a95ef46de6f8cd89c35f1dee7d1b5,https://whoops-benchmark.s3.amazonaws.com/whoops_images/27860823f07cb2d5c19d130a3b3430c4622a95ef46de6f8cd89c35f1dee7d1b5.png,1536,1536,27860823f07cb2d5c19d130a3b3430c4622a95ef46de6f8cd89c35f1dee7d1b5,dfa125b65a2af705b9e87c0d3a25f1291678817403772752d2ce8f96a03b7316,CC BY 4.0 plus WHOOPS! Dataset License Agreement additional conditions,nlphuji/whoops,cca58d854ee35b6bfbedc14a9155483e89500ae9,5.0.1,12.3.0,sha256(big_endian_uint32(width) || big_endian_uint32(height) || RGB_pixel_bytes_row_major),7a76cc9849d776e9b1709df29fac1ea96005a73afa50c3d77ae44475bccf264f,working-tree:570.png,deterministic_transform_verified,resize_max_side_1536_lanczos_floor_dimensions,official_decoded_rgb_sha256=1a2bf9b1d3ce726ac3b2d46a64f16aef12b03c38de92dfa5e50f8f43d1177744; transformed_decoded_rgb_sha256=dfa125b65a2af705b9e87c0d3a25f1291678817403772752d2ce8f96a03b7316; archive_revision=0616dca,27860823f07cb2d5c19d130a3b3430c4622a95ef46de6f8cd89c35f1dee7d1b5,1a2bf9b1d3ce726ac3b2d46a64f16aef12b03c38de92dfa5e50f8f43d1177744
571,data/raw_images/abnormal/571.png,278a99c75a17272d06e3a3fb21611ea25dfe80deff208fb6de3a7b9ae4a300c5,https://whoops-benchmark.s3.amazonaws.com/whoops_images/278a99c75a17272d06e3a3fb21611ea25dfe80deff208fb6de3a7b9ae4a300c5.png,1024,1024,278a99c75a17272d06e3a3fb21611ea25dfe80deff208fb6de3a7b9ae4a300c5,71d56da3ab269a79e479114cca68a53fc1984e0c56380c49c6920d814fea550d,CC BY 4.0 plus WHOOPS! Dataset License Agreement additional conditions,nlphuji/whoops,cca58d854ee35b6bfbedc14a9155483e89500ae9,5.0.1,12.3.0,sha256(big_endian_uint32(width) || big_endian_uint32(height) || RGB_pixel_bytes_row_major),278a99c75a17272d06e3a3fb21611ea25dfe80deff208fb6de3a7b9ae4a300c5,working-tree:571.png,exact_decoded_match,,,,
572,data/raw_images/abnormal/572.png,27b65d48f35f968b956d7bc20d0567039506af19c57dc3aa4f9c8a96f3a45539,https://whoops-benchmark.s3.amazonaws.com/whoops_images/27b65d48f35f968b956d7bc20d0567039506af19c57dc3aa4f9c8a96f3a45539.png,1188,1188,27b65d48f35f968b956d7bc20d0567039506af19c57dc3aa4f9c8a96f3a45539,dc348e490edf21d1458d325443d48ab59c58f580b43aa3ec458c3f2a1701898f,CC BY 4.0 plus WHOOPS! Dataset License Agreement additional conditions,nlphuji/whoops,cca58d854ee35b6bfbedc14a9155483e89500ae9,5.0.1,12.3.0,sha256(big_endian_uint32(width) || big_endian_uint32(height) || RGB_pixel_bytes_row_major),27b65d48f35f968b956d7bc20d0567039506af19c57dc3aa4f9c8a96f3a45539,working-tree:572.png,exact_decoded_match,,,,
573,data/raw_images/abnormal/573.png,27e90c4ada4f9481f44cecf50558d8a1b749484de5552721975c11baa5efbec5,https://whoops-benchmark.s3.amazonaws.com/whoops_images/27e90c4ada4f9481f44cecf50558d8a1b749484de5552721975c11baa5efbec5.png,1024,1024,27e90c4ada4f9481f44cecf50558d8a1b749484de5552721975c11baa5efbec5,e46aa4babee05e3da8e236969f98e7902101fb0e7e56bb3709ec04e3c97c0aa8,CC BY 4.0 plus WHOOPS! Dataset License Agreement additional conditions,nlphuji/whoops,cca58d854ee35b6bfbedc14a9155483e89500ae9,5.0.1,12.3.0,sha256(big_endian_uint32(width) || big_endian_uint32(height) || RGB_pixel_bytes_row_major),27e90c4ada4f9481f44cecf50558d8a1b749484de5552721975c11baa5efbec5,working-tree:573.png,exact_decoded_match,,,,
574,data/raw_images/abnormal/574.png,281dfde4773c70a8e23fc32810929c4e164108e625f89ddaabc99618c01e441a,https://whoops-benchmark.s3.amazonaws.com/whoops_images/281dfde4773c70a8e23fc32810929c4e164108e625f89ddaabc99618c01e441a.png,1024,1024,281dfde4773c70a8e23fc32810929c4e164108e625f89ddaabc99618c01e441a,ada3fb684cf28171746186bc38d1da280f350e9be32d96cf8720b13844246167,CC BY 4.0 plus WHOOPS! Dataset License Agreement additional conditions,nlphuji/whoops,cca58d854ee35b6bfbedc14a9155483e89500ae9,5.0.1,12.3.0,sha256(big_endian_uint32(width) || big_endian_uint32(height) || RGB_pixel_bytes_row_major),281dfde4773c70a8e23fc32810929c4e164108e625f89ddaabc99618c01e441a,working-tree:574.png,exact_decoded_match,,,,
575,data/raw_images/abnormal/575.png,2853f46ab62155891a817b34d81bbfd979f8072b268f094e1cec8c14b4caf014,https://whoops-benchmark.s3.amazonaws.com/whoops_images/2853f46ab62155891a817b34d81bbfd979f8072b268f094e1cec8c14b4caf014.png,1024,1024,2853f46ab62155891a817b34d81bbfd979f8072b268f094e1cec8c14b4caf014,3c1269670f64d53942951bfdc54a4c1f4741c6c06f847cc9183d934a434a5ee1,CC BY 4.0 plus WHOOPS! Dataset License Agreement additional conditions,nlphuji/whoops,cca58d854ee35b6bfbedc14a9155483e89500ae9,5.0.1,12.3.0,sha256(big_endian_uint32(width) || big_endian_uint32(height) || RGB_pixel_bytes_row_major),2853f46ab62155891a817b34d81bbfd979f8072b268f094e1cec8c14b4caf014,working-tree:575.png,exact_decoded_match,,,,
576,data/raw_images/abnormal/576.png,28b88529dd5297f530f6eb48d5038ae4034f428dce5ab32d1b4db8668f36cde7,https://whoops-benchmark.s3.amazonaws.com/whoops_images/28b88529dd5297f530f6eb48d5038ae4034f428dce5ab32d1b4db8668f36cde7.png,1536,1024,28b88529dd5297f530f6eb48d5038ae4034f428dce5ab32d1b4db8668f36cde7,54028cc7126c34bea50b16596d90d243b13f42595dd8be1c59bfe7b15faab62a,CC BY 4.0 plus WHOOPS! Dataset License Agreement additional conditions,nlphuji/whoops,cca58d854ee35b6bfbedc14a9155483e89500ae9,5.0.1,12.3.0,sha256(big_endian_uint32(width) || big_endian_uint32(height) || RGB_pixel_bytes_row_major),28b88529dd5297f530f6eb48d5038ae4034f428dce5ab32d1b4db8668f36cde7,working-tree:576.png,exact_decoded_match,,,,
577,data/raw_images/abnormal/577.png,2919107b8769b57cdae77de7b29dc2ad1de4f910b3a9448a8c68b44bfaf5a96c,https://whoops-benchmark.s3.amazonaws.com/whoops_images/2919107b8769b57cdae77de7b29dc2ad1de4f910b3a9448a8c68b44bfaf5a96c.png,1024,1024,2919107b8769b57cdae77de7b29dc2ad1de4f910b3a9448a8c68b44bfaf5a96c,146d6be403a6170b2718434fbbfb163d86ac7b67449655678b92cbb0bb2bae23,CC BY 4.0 plus WHOOPS! Dataset License Agreement additional conditions,nlphuji/whoops,cca58d854ee35b6bfbedc14a9155483e89500ae9,5.0.1,12.3.0,sha256(big_endian_uint32(width) || big_endian_uint32(height) || RGB_pixel_bytes_row_major),2919107b8769b57cdae77de7b29dc2ad1de4f910b3a9448a8c68b44bfaf5a96c,working-tree:577.png,exact_decoded_match,,,,
578,data/raw_images/abnormal/578.png,2a8ae29e87680a1e2fa3d23dbc72daca7129f1b1f750e16071273515f2b0d44d,https://whoops-benchmark.s3.amazonaws.com/whoops_images/2a8ae29e87680a1e2fa3d23dbc72daca7129f1b1f750e16071273515f2b0d44d.png,1024,1024,2a8ae29e87680a1e2fa3d23dbc72daca7129f1b1f750e16071273515f2b0d44d,9d883eddc3910d73b8e8857ca3799b943218b9448778ec5ddcb68e984a97b620,CC BY 4.0 plus WHOOPS! Dataset License Agreement additional conditions,nlphuji/whoops,cca58d854ee35b6bfbedc14a9155483e89500ae9,5.0.1,12.3.0,sha256(big_endian_uint32(width) || big_endian_uint32(height) || RGB_pixel_bytes_row_major),2a8ae29e87680a1e2fa3d23dbc72daca7129f1b1f750e16071273515f2b0d44d,working-tree:578.png,exact_decoded_match,,,,
579,data/raw_images/abnormal/579.png,2aaeaa4bd53a1f62140ec95846340e7cf18d7a8a0c430075a45e7e332347fb96,https://whoops-benchmark.s3.amazonaws.com/whoops_images/2aaeaa4bd53a1f62140ec95846340e7cf18d7a8a0c430075a45e7e332347fb96.png,1536,1536,2aaeaa4bd53a1f62140ec95846340e7cf18d7a8a0c430075a45e7e332347fb96,cfbbc3a167cad82328b3e9a2a681dbb1b259f8579c17fcaa02649ceedddb1663,CC BY 4.0 plus WHOOPS! Dataset License Agreement additional conditions,nlphuji/whoops,cca58d854ee35b6bfbedc14a9155483e89500ae9,5.0.1,12.3.0,sha256(big_endian_uint32(width) || big_endian_uint32(height) || RGB_pixel_bytes_row_major),d73006d6754ff046124105e678a97a5a1ff3260d3df7d7cb61350f7320b91a96,working-tree:579.png,deterministic_transform_verified,resize_max_side_1536_lanczos_floor_dimensions,official_decoded_rgb_sha256=97f06503cf5111db15f57117d236f693c21504d00e5fefa3c693cb6dcd9cb6d4; transformed_decoded_rgb_sha256=cfbbc3a167cad82328b3e9a2a681dbb1b259f8579c17fcaa02649ceedddb1663; archive_revision=0616dca,2aaeaa4bd53a1f62140ec95846340e7cf18d7a8a0c430075a45e7e332347fb96,97f06503cf5111db15f57117d236f693c21504d00e5fefa3c693cb6dcd9cb6d4
580,data/raw_images/abnormal/580.png,2b6664722a67fc9804659dcbcba7820a13cb85b96666346694b6cd21d9c01a84,https://whoops-benchmark.s3.amazonaws.com/whoops_images/2b6664722a67fc9804659dcbcba7820a13cb85b96666346694b6cd21d9c01a84.png,1024,1024,2b6664722a67fc9804659dcbcba7820a13cb85b96666346694b6cd21d9c01a84,187b0585242eee40b4d258346036a777042dd8c4f7aa576e315c0467db6bb5d8,CC BY 4.0 plus WHOOPS! Dataset License Agreement additional conditions,nlphuji/whoops,cca58d854ee35b6bfbedc14a9155483e89500ae9,5.0.1,12.3.0,sha256(big_endian_uint32(width) || big_endian_uint32(height) || RGB_pixel_bytes_row_major),2b6664722a67fc9804659dcbcba7820a13cb85b96666346694b6cd21d9c01a84,working-tree:580.png,exact_decoded_match,,,,
581,data/raw_images/abnormal/581.png,2be04ae67f46d54ddbc6db5ff4c09a59d7a4f0475f89d918ab2348b2fc8d5f13,https://whoops-benchmark.s3.amazonaws.com/whoops_images/2be04ae67f46d54ddbc6db5ff4c09a59d7a4f0475f89d918ab2348b2fc8d5f13.png,1024,1024,2be04ae67f46d54ddbc6db5ff4c09a59d7a4f0475f89d918ab2348b2fc8d5f13,3c31e44d6cfb880c58c0e56545c12d1474d7ae5ebbb6d93aaa2de3964fa62f2c,CC BY 4.0 plus WHOOPS! Dataset License Agreement additional conditions,nlphuji/whoops,cca58d854ee35b6bfbedc14a9155483e89500ae9,5.0.1,12.3.0,sha256(big_endian_uint32(width) || big_endian_uint32(height) || RGB_pixel_bytes_row_major),2be04ae67f46d54ddbc6db5ff4c09a59d7a4f0475f89d918ab2348b2fc8d5f13,working-tree:581.png,exact_decoded_match,,,,
582,data/raw_images/abnormal/582.png,2c220934c912a40bfe64f6a650ae993dba2022f5babab4f8fe22e65d2882f0c7,https://whoops-benchmark.s3.amazonaws.com/whoops_images/2c220934c912a40bfe64f6a650ae993dba2022f5babab4f8fe22e65d2882f0c7.png,1024,1024,2c220934c912a40bfe64f6a650ae993dba2022f5babab4f8fe22e65d2882f0c7,eacbec80bf8d0a15f0204148597908b217edec3c420f76cb417a67405727bd28,CC BY 4.0 plus WHOOPS! Dataset License Agreement additional conditions,nlphuji/whoops,cca58d854ee35b6bfbedc14a9155483e89500ae9,5.0.1,12.3.0,sha256(big_endian_uint32(width) || big_endian_uint32(height) || RGB_pixel_bytes_row_major),2c220934c912a40bfe64f6a650ae993dba2022f5babab4f8fe22e65d2882f0c7,working-tree:582.png,exact_decoded_match,,,,
583,data/raw_images/abnormal/583.png,2d7c36f886db91118f07d88c98e9f318c3da82e488c54c47e6b8a64bfeea8796,https://whoops-benchmark.s3.amazonaws.com/whoops_images/2d7c36f886db91118f07d88c98e9f318c3da82e488c54c47e6b8a64bfeea8796.png,656,656,2d7c36f886db91118f07d88c98e9f318c3da82e488c54c47e6b8a64bfeea8796,c933782b204388af8d212db0594f318ac20a684ed2b3860df33196cfbd8ea1b7,CC BY 4.0 plus WHOOPS! Dataset License Agreement additional conditions,nlphuji/whoops,cca58d854ee35b6bfbedc14a9155483e89500ae9,5.0.1,12.3.0,sha256(big_endian_uint32(width) || big_endian_uint32(height) || RGB_pixel_bytes_row_major),2d7c36f886db91118f07d88c98e9f318c3da82e488c54c47e6b8a64bfeea8796,working-tree:583.png,exact_decoded_match,,,,
584,data/raw_images/abnormal/584.png,2da75a8e0f00567130ab4ceceaee44de0162a13651435835c7da97cbe5a021d8,https://whoops-benchmark.s3.amazonaws.com/whoops_images/2da75a8e0f00567130ab4ceceaee44de0162a13651435835c7da97cbe5a021d8.png,1024,1024,2da75a8e0f00567130ab4ceceaee44de0162a13651435835c7da97cbe5a021d8,6dd378c8e8613993848b324eaa3ab0502eff7e5d41410cc0a9d69a44dda2b71d,CC BY 4.0 plus WHOOPS! Dataset License Agreement additional conditions,nlphuji/whoops,cca58d854ee35b6bfbedc14a9155483e89500ae9,5.0.1,12.3.0,sha256(big_endian_uint32(width) || big_endian_uint32(height) || RGB_pixel_bytes_row_major),2da75a8e0f00567130ab4ceceaee44de0162a13651435835c7da97cbe5a021d8,working-tree:584.png,exact_decoded_match,,,,
585,data/raw_images/abnormal/585.png,2debee257110f15855ff257ddfbdcdb8e16a99fea997f088425c2156e5fda16a,https://whoops-benchmark.s3.amazonaws.com/whoops_images/2debee257110f15855ff257ddfbdcdb8e16a99fea997f088425c2156e5fda16a.png,1024,1024,2debee257110f15855ff257ddfbdcdb8e16a99fea997f088425c2156e5fda16a,e533213449783466179bd9a6f5f8fd8284538a3acdd17e2e4a425a3d0bab6615,CC BY 4.0 plus WHOOPS! Dataset License Agreement additional conditions,nlphuji/whoops,cca58d854ee35b6bfbedc14a9155483e89500ae9,5.0.1,12.3.0,sha256(big_endian_uint32(width) || big_endian_uint32(height) || RGB_pixel_bytes_row_major),2debee257110f15855ff257ddfbdcdb8e16a99fea997f088425c2156e5fda16a,working-tree:585.png,exact_decoded_match,,,,
586,data/raw_images/abnormal/586.png,2e2b11c49374de3348280f8b41e35d56d7dff5ba3098a37879826593ea09886d,https://whoops-benchmark.s3.amazonaws.com/whoops_images/2e2b11c49374de3348280f8b41e35d56d7dff5ba3098a37879826593ea09886d.png,1024,1024,2e2b11c49374de3348280f8b41e35d56d7dff5ba3098a37879826593ea09886d,11496b853536525ee2e70df55d461d97a54b30d0efa515bbbc7d522ca77a4aad,CC BY 4.0 plus WHOOPS! Dataset License Agreement additional conditions,nlphuji/whoops,cca58d854ee35b6bfbedc14a9155483e89500ae9,5.0.1,12.3.0,sha256(big_endian_uint32(width) || big_endian_uint32(height) || RGB_pixel_bytes_row_major),2e2b11c49374de3348280f8b41e35d56d7dff5ba3098a37879826593ea09886d,working-tree:586.png,exact_decoded_match,,,,
587,data/raw_images/abnormal/587.png,2e570a80af6f39e13c8d966c31bf668ef399afe3adb4a13dbb36b41b197d6a43,https://whoops-benchmark.s3.amazonaws.com/whoops_images/2e570a80af6f39e13c8d966c31bf668ef399afe3adb4a13dbb36b41b197d6a43.png,1024,1024,2e570a80af6f39e13c8d966c31bf668ef399afe3adb4a13dbb36b41b197d6a43,adf067c6fa9bfae22152a7baeae8677e5c738fc0116ddf75437460975f8a6df4,CC BY 4.0 plus WHOOPS! Dataset License Agreement additional conditions,nlphuji/whoops,cca58d854ee35b6bfbedc14a9155483e89500ae9,5.0.1,12.3.0,sha256(big_endian_uint32(width) || big_endian_uint32(height) || RGB_pixel_bytes_row_major),2e570a80af6f39e13c8d966c31bf668ef399afe3adb4a13dbb36b41b197d6a43,working-tree:587.png,exact_decoded_match,,,,
588,data/raw_images/abnormal/588.png,2eb2a699bdda142f3ed2f55e4ce539bfbe551edd7e082d6c08cc32161fbfb62d,https://whoops-benchmark.s3.amazonaws.com/whoops_images/2eb2a699bdda142f3ed2f55e4ce539bfbe551edd7e082d6c08cc32161fbfb62d.png,1024,1024,2eb2a699bdda142f3ed2f55e4ce539bfbe551edd7e082d6c08cc32161fbfb62d,233ab5bf3800d0d7fdeccceaa7d0bc994d95868da4f921dc8d62ed4844f26343,CC BY 4.0 plus WHOOPS! Dataset License Agreement additional conditions,nlphuji/whoops,cca58d854ee35b6bfbedc14a9155483e89500ae9,5.0.1,12.3.0,sha256(big_endian_uint32(width) || big_endian_uint32(height) || RGB_pixel_bytes_row_major),2eb2a699bdda142f3ed2f55e4ce539bfbe551edd7e082d6c08cc32161fbfb62d,working-tree:588.png,exact_decoded_match,,,,
589,data/raw_images/abnormal/589.png,2f0f17c9b36f75d6988f16bfbcb5e662137cddda3346195a9befb77bfe41c410,https://whoops-benchmark.s3.amazonaws.com/whoops_images/2f0f17c9b36f75d6988f16bfbcb5e662137cddda3346195a9befb77bfe41c410.png,1024,1024,2f0f17c9b36f75d6988f16bfbcb5e662137cddda3346195a9befb77bfe41c410,d683ca8f7b5b3c278b5254962a136bf790704cc8dad64ad9cda3f2c8a5bdbc54,CC BY 4.0 plus WHOOPS! Dataset License Agreement additional conditions,nlphuji/whoops,cca58d854ee35b6bfbedc14a9155483e89500ae9,5.0.1,12.3.0,sha256(big_endian_uint32(width) || big_endian_uint32(height) || RGB_pixel_bytes_row_major),2f0f17c9b36f75d6988f16bfbcb5e662137cddda3346195a9befb77bfe41c410,working-tree:589.png,exact_decoded_match,,,,
590,data/raw_images/abnormal/590.png,30538922af3d541ba056b7763d6e274d7f0c952b3cc47d0a96807b52349afc8a,https://whoops-benchmark.s3.amazonaws.com/whoops_images/30538922af3d541ba056b7763d6e274d7f0c952b3cc47d0a96807b52349afc8a.png,1242,1242,30538922af3d541ba056b7763d6e274d7f0c952b3cc47d0a96807b52349afc8a,747bcf0ea1cdc542cb162b336fed6fce4cf7f24b74c19d46f0224e016c47e811,CC BY 4.0 plus WHOOPS! Dataset License Agreement additional conditions,nlphuji/whoops,cca58d854ee35b6bfbedc14a9155483e89500ae9,5.0.1,12.3.0,sha256(big_endian_uint32(width) || big_endian_uint32(height) || RGB_pixel_bytes_row_major),30538922af3d541ba056b7763d6e274d7f0c952b3cc47d0a96807b52349afc8a,working-tree:590.png,exact_decoded_match,,,,
591,data/raw_images/abnormal/591.png,30f5128a5e8b00e769af03e0885af4cd95489052861955f3994bee454afbc8bd,https://whoops-benchmark.s3.amazonaws.com/whoops_images/30f5128a5e8b00e769af03e0885af4cd95489052861955f3994bee454afbc8bd.png,1024,1024,30f5128a5e8b00e769af03e0885af4cd95489052861955f3994bee454afbc8bd,60d4dc16259d472bd2f583997018fa086263f161d2585b8c66b56a3c0f7ee097,CC BY 4.0 plus WHOOPS! Dataset License Agreement additional conditions,nlphuji/whoops,cca58d854ee35b6bfbedc14a9155483e89500ae9,5.0.1,12.3.0,sha256(big_endian_uint32(width) || big_endian_uint32(height) || RGB_pixel_bytes_row_major),30f5128a5e8b00e769af03e0885af4cd95489052861955f3994bee454afbc8bd,working-tree:591.png,exact_decoded_match,,,,
592,data/raw_images/abnormal/592.png,31ae8b6581e40f6e873c44b4203c5665683c0eb68edae2bf8d2aef6f67118cb9,https://whoops-benchmark.s3.amazonaws.com/whoops_images/31ae8b6581e40f6e873c44b4203c5665683c0eb68edae2bf8d2aef6f67118cb9.png,1536,1024,31ae8b6581e40f6e873c44b4203c5665683c0eb68edae2bf8d2aef6f67118cb9,8237044a13dab94095745077b6dfe7a2dfea1ac23b0ed67635cd947f83c7d735,CC BY 4.0 plus WHOOPS! Dataset License Agreement additional conditions,nlphuji/whoops,cca58d854ee35b6bfbedc14a9155483e89500ae9,5.0.1,12.3.0,sha256(big_endian_uint32(width) || big_endian_uint32(height) || RGB_pixel_bytes_row_major),31ae8b6581e40f6e873c44b4203c5665683c0eb68edae2bf8d2aef6f67118cb9,working-tree:592.png,exact_decoded_match,,,,
593,data/raw_images/abnormal/593.png,323ead987f1e34ad35ffd9cb8c1ba088d76f44423a464ff93d2601bd31a032df,https://whoops-benchmark.s3.amazonaws.com/whoops_images/323ead987f1e34ad35ffd9cb8c1ba088d76f44423a464ff93d2601bd31a032df.png,1024,1024,323ead987f1e34ad35ffd9cb8c1ba088d76f44423a464ff93d2601bd31a032df,5db8287dc545bf4abe73510886282020434a950813f1e7b44f61ab68c45851f8,CC BY 4.0 plus WHOOPS! Dataset License Agreement additional conditions,nlphuji/whoops,cca58d854ee35b6bfbedc14a9155483e89500ae9,5.0.1,12.3.0,sha256(big_endian_uint32(width) || big_endian_uint32(height) || RGB_pixel_bytes_row_major),323ead987f1e34ad35ffd9cb8c1ba088d76f44423a464ff93d2601bd31a032df,working-tree:593.png,exact_decoded_match,,,,
594,data/raw_images/abnormal/594.png,32bafb7a1ca212bfeb8330bcd45447e66ab35f1419276661c91cdde3dc4d8051,https://whoops-benchmark.s3.amazonaws.com/whoops_images/32bafb7a1ca212bfeb8330bcd45447e66ab35f1419276661c91cdde3dc4d8051.png,1024,1024,32bafb7a1ca212bfeb8330bcd45447e66ab35f1419276661c91cdde3dc4d8051,ec59da149b57b9d91b52867172743d69f4bb4e006e237d96bcaf3dcbfd7b0890,CC BY 4.0 plus WHOOPS! Dataset License Agreement additional conditions,nlphuji/whoops,cca58d854ee35b6bfbedc14a9155483e89500ae9,5.0.1,12.3.0,sha256(big_endian_uint32(width) || big_endian_uint32(height) || RGB_pixel_bytes_row_major),32bafb7a1ca212bfeb8330bcd45447e66ab35f1419276661c91cdde3dc4d8051,working-tree:594.png,exact_decoded_match,,,,
595,data/raw_images/abnormal/595.png,333898030bf5dfa70140956327ea34be9cbcfa3e4b776b77935622941b7b40dd,https://whoops-benchmark.s3.amazonaws.com/whoops_images/333898030bf5dfa70140956327ea34be9cbcfa3e4b776b77935622941b7b40dd.png,1024,1024,333898030bf5dfa70140956327ea34be9cbcfa3e4b776b77935622941b7b40dd,29c2e152faa3d3a5314c5b18e04deac9cd1933a30b8f4ecff5d1f3d9e224f80f,CC BY 4.0 plus WHOOPS! Dataset License Agreement additional conditions,nlphuji/whoops,cca58d854ee35b6bfbedc14a9155483e89500ae9,5.0.1,12.3.0,sha256(big_endian_uint32(width) || big_endian_uint32(height) || RGB_pixel_bytes_row_major),333898030bf5dfa70140956327ea34be9cbcfa3e4b776b77935622941b7b40dd,working-tree:595.png,exact_decoded_match,,,,
596,data/raw_images/abnormal/596.png,33a1f16901bb458fc351ab34e6c8fa3ebbd53fd290fa6f99f5933fa95778a596,https://whoops-benchmark.s3.amazonaws.com/whoops_images/33a1f16901bb458fc351ab34e6c8fa3ebbd53fd290fa6f99f5933fa95778a596.png,1024,1024,33a1f16901bb458fc351ab34e6c8fa3ebbd53fd290fa6f99f5933fa95778a596,01ad864e5e34bb3478f7b92d24bbf71242c96817f1ecda61891bbf4ed28a037c,CC BY 4.0 plus WHOOPS! Dataset License Agreement additional conditions,nlphuji/whoops,cca58d854ee35b6bfbedc14a9155483e89500ae9,5.0.1,12.3.0,sha256(big_endian_uint32(width) || big_endian_uint32(height) || RGB_pixel_bytes_row_major),33a1f16901bb458fc351ab34e6c8fa3ebbd53fd290fa6f99f5933fa95778a596,working-tree:596.png,exact_decoded_match,,,,
597,data/raw_images/abnormal/597.png,34c611d193e86247ad19cef9f5e18bf1f58a4028f6f060ebf66c607f7815d8c9,https://whoops-benchmark.s3.amazonaws.com/whoops_images/34c611d193e86247ad19cef9f5e18bf1f58a4028f6f060ebf66c607f7815d8c9.png,1024,1024,34c611d193e86247ad19cef9f5e18bf1f58a4028f6f060ebf66c607f7815d8c9,f09fc381ed706d7fedcc4e2181c134d501230af59362439d440fa7eef330f848,CC BY 4.0 plus WHOOPS! Dataset License Agreement additional conditions,nlphuji/whoops,cca58d854ee35b6bfbedc14a9155483e89500ae9,5.0.1,12.3.0,sha256(big_endian_uint32(width) || big_endian_uint32(height) || RGB_pixel_bytes_row_major),34c611d193e86247ad19cef9f5e18bf1f58a4028f6f060ebf66c607f7815d8c9,working-tree:597.png,exact_decoded_match,,,,
598,data/raw_images/abnormal/598.png,35db31196ee695f54398a2a6e10a7b3e3b750a4c7916daa92d010ac995f3cc88,https://whoops-benchmark.s3.amazonaws.com/whoops_images/35db31196ee695f54398a2a6e10a7b3e3b750a4c7916daa92d010ac995f3cc88.png,1024,1024,35db31196ee695f54398a2a6e10a7b3e3b750a4c7916daa92d010ac995f3cc88,6f6a598f08387aa4e75cc52121d6edbc0c6c24a1a3733a5f589b856e52979dee,CC BY 4.0 plus WHOOPS! Dataset License Agreement additional conditions,nlphuji/whoops,cca58d854ee35b6bfbedc14a9155483e89500ae9,5.0.1,12.3.0,sha256(big_endian_uint32(width) || big_endian_uint32(height) || RGB_pixel_bytes_row_major),35db31196ee695f54398a2a6e10a7b3e3b750a4c7916daa92d010ac995f3cc88,working-tree:598.png,exact_decoded_match,,,,
599,data/raw_images/abnormal/599.png,360a6ea32503173fff31aa860acbc906810823cc383ef1ff4fa1d7324f5b734a,https://whoops-benchmark.s3.amazonaws.com/whoops_images/360a6ea32503173fff31aa860acbc906810823cc383ef1ff4fa1d7324f5b734a.png,3465,3465,360a6ea32503173fff31aa860acbc906810823cc383ef1ff4fa1d7324f5b734a,fa92d56952e7db7b86fee372064ae4595463f51688b14c1609bc3f162cc11df2,CC BY 4.0 plus WHOOPS! Dataset License Agreement additional conditions,nlphuji/whoops,cca58d854ee35b6bfbedc14a9155483e89500ae9,5.0.1,12.3.0,sha256(big_endian_uint32(width) || big_endian_uint32(height) || RGB_pixel_bytes_row_major),360a6ea32503173fff31aa860acbc906810823cc383ef1ff4fa1d7324f5b734a,working-tree:599.png,exact_decoded_match,,,,
600,data/raw_images/abnormal/600.png,36535596ae116c5b30f601c95b5c4630ed9993df43544b793553eb4f24ed9779,https://whoops-benchmark.s3.amazonaws.com/whoops_images/36535596ae116c5b30f601c95b5c4630ed9993df43544b793553eb4f24ed9779.png,1536,1536,36535596ae116c5b30f601c95b5c4630ed9993df43544b793553eb4f24ed9779,cc625072728f93133468f24bdf0b1d4a9771739067c2758d2418a71438a6b2f0,CC BY 4.0 plus WHOOPS! Dataset License Agreement additional conditions,nlphuji/whoops,cca58d854ee35b6bfbedc14a9155483e89500ae9,5.0.1,12.3.0,sha256(big_endian_uint32(width) || big_endian_uint32(height) || RGB_pixel_bytes_row_major),45e3149d8bd08c04bf3a91e1f63ffff7e80f31fee4cb3117a10cd4a59d6f9673,working-tree:600.png,deterministic_transform_verified,resize_max_side_1536_lanczos_floor_dimensions,official_decoded_rgb_sha256=e3a447824335680855f3d6b3b1c265f5b06d5cf5c478c89094c9775a9b271068; transformed_decoded_rgb_sha256=cc625072728f93133468f24bdf0b1d4a9771739067c2758d2418a71438a6b2f0; archive_revision=0616dca,36535596ae116c5b30f601c95b5c4630ed9993df43544b793553eb4f24ed9779,e3a447824335680855f3d6b3b1c265f5b06d5cf5c478c89094c9775a9b271068
601,data/raw_images/abnormal/601.png,36668daa68bb52f4f0993248e93f892ecaf12965194b2accd749334231f3f2cf,https://whoops-benchmark.s3.amazonaws.com/whoops_images/36668daa68bb52f4f0993248e93f892ecaf12965194b2accd749334231f3f2cf.png,1024,1024,36668daa68bb52f4f0993248e93f892ecaf12965194b2accd749334231f3f2cf,076d19e9aad08b524814594aeefc6a6f8c2760797568b80886e28810fe7b4ec5,CC BY 4.0 plus WHOOPS! Dataset License Agreement additional conditions,nlphuji/whoops,cca58d854ee35b6bfbedc14a9155483e89500ae9,5.0.1,12.3.0,sha256(big_endian_uint32(width) || big_endian_uint32(height) || RGB_pixel_bytes_row_major),36668daa68bb52f4f0993248e93f892ecaf12965194b2accd749334231f3f2cf,working-tree:601.png,exact_decoded_match,,,,
602,data/raw_images/abnormal/602.png,37b004290f868ccd8989699c2aa7553a038d720e0ccee018c19e868d3f78f169,https://whoops-benchmark.s3.amazonaws.com/whoops_images/37b004290f868ccd8989699c2aa7553a038d720e0ccee018c19e868d3f78f169.png,1024,1024,37b004290f868ccd8989699c2aa7553a038d720e0ccee018c19e868d3f78f169,ac120ad81291a7d42b1ab5d9c053842a68d91f38c9fb159a5393c7b7ce559164,CC BY 4.0 plus WHOOPS! Dataset License Agreement additional conditions,nlphuji/whoops,cca58d854ee35b6bfbedc14a9155483e89500ae9,5.0.1,12.3.0,sha256(big_endian_uint32(width) || big_endian_uint32(height) || RGB_pixel_bytes_row_major),37b004290f868ccd8989699c2aa7553a038d720e0ccee018c19e868d3f78f169,working-tree:602.png,exact_decoded_match,,,,
603,data/raw_images/abnormal/603.png,37f53415a5b54604379a7505c1df8056dd92a7dac6fcd8be3a0d72e33e0f5656,https://whoops-benchmark.s3.amazonaws.com/whoops_images/37f53415a5b54604379a7505c1df8056dd92a7dac6fcd8be3a0d72e33e0f5656.png,1024,1024,37f53415a5b54604379a7505c1df8056dd92a7dac6fcd8be3a0d72e33e0f5656,ba41d93aa4aea8492cb44cf432adc444fa5e649ea1fd9e4579b1797b6f877ab6,CC BY 4.0 plus WHOOPS! Dataset License Agreement additional conditions,nlphuji/whoops,cca58d854ee35b6bfbedc14a9155483e89500ae9,5.0.1,12.3.0,sha256(big_endian_uint32(width) || big_endian_uint32(height) || RGB_pixel_bytes_row_major),37f53415a5b54604379a7505c1df8056dd92a7dac6fcd8be3a0d72e33e0f5656,working-tree:603.png,exact_decoded_match,,,,
604,data/raw_images/abnormal/604.png,37f8befcbfaf82a2c811d3680f02a86ee75edc6ef6f0073bc8989ddfe484258c,https://whoops-benchmark.s3.amazonaws.com/whoops_images/37f8befcbfaf82a2c811d3680f02a86ee75edc6ef6f0073bc8989ddfe484258c.png,1024,1024,37f8befcbfaf82a2c811d3680f02a86ee75edc6ef6f0073bc8989ddfe484258c,dc36bda8bac9a7a2994341b8ff4ee4920ddb247d0198774014f6e261b103ab7f,CC BY 4.0 plus WHOOPS! Dataset License Agreement additional conditions,nlphuji/whoops,cca58d854ee35b6bfbedc14a9155483e89500ae9,5.0.1,12.3.0,sha256(big_endian_uint32(width) || big_endian_uint32(height) || RGB_pixel_bytes_row_major),37f8befcbfaf82a2c811d3680f02a86ee75edc6ef6f0073bc8989ddfe484258c,working-tree:604.png,exact_decoded_match,,,,
605,data/raw_images/abnormal/605.png,3825c0afc083a4f1b1f54c4f294a6359d7a11293ea455ec0bcc260d26caeeb35,https://whoops-benchmark.s3.amazonaws.com/whoops_images/3825c0afc083a4f1b1f54c4f294a6359d7a11293ea455ec0bcc260d26caeeb35.png,1024,1024,3825c0afc083a4f1b1f54c4f294a6359d7a11293ea455ec0bcc260d26caeeb35,93f47e66d48124e9502aab613cba549f50696d072dcfee012e4529980ccce57e,CC BY 4.0 plus WHOOPS! Dataset License Agreement additional conditions,nlphuji/whoops,cca58d854ee35b6bfbedc14a9155483e89500ae9,5.0.1,12.3.0,sha256(big_endian_uint32(width) || big_endian_uint32(height) || RGB_pixel_bytes_row_major),3825c0afc083a4f1b1f54c4f294a6359d7a11293ea455ec0bcc260d26caeeb35,working-tree:605.png,exact_decoded_match,,,,
606,data/raw_images/abnormal/606.png,38d5a26cdff215a861940978d6266123b57ccf92388c98d2abb36a970c41d161,https://whoops-benchmark.s3.amazonaws.com/whoops_images/38d5a26cdff215a861940978d6266123b57ccf92388c98d2abb36a970c41d161.png,768,768,38d5a26cdff215a861940978d6266123b57ccf92388c98d2abb36a970c41d161,6baceb00ee4907065e0aff68c350fc4392df5e87055eb48dc96f5fba43c27b5b,CC BY 4.0 plus WHOOPS! Dataset License Agreement additional conditions,nlphuji/whoops,cca58d854ee35b6bfbedc14a9155483e89500ae9,5.0.1,12.3.0,sha256(big_endian_uint32(width) || big_endian_uint32(height) || RGB_pixel_bytes_row_major),38d5a26cdff215a861940978d6266123b57ccf92388c98d2abb36a970c41d161,working-tree:606.png,exact_decoded_match,,,,
607,data/raw_images/abnormal/607.png,38d971ef8429f6c7285589401008c06786e26ae6b1a7af68a76bb34e02a449aa,https://whoops-benchmark.s3.amazonaws.com/whoops_images/38d971ef8429f6c7285589401008c06786e26ae6b1a7af68a76bb34e02a449aa.png,1024,1024,38d971ef8429f6c7285589401008c06786e26ae6b1a7af68a76bb34e02a449aa,39c988cb4f5eb4242a99f173c40defee52b7c20760eb5df91d62dcdd9c351c83,CC BY 4.0 plus WHOOPS! Dataset License Agreement additional conditions,nlphuji/whoops,cca58d854ee35b6bfbedc14a9155483e89500ae9,5.0.1,12.3.0,sha256(big_endian_uint32(width) || big_endian_uint32(height) || RGB_pixel_bytes_row_major),38d971ef8429f6c7285589401008c06786e26ae6b1a7af68a76bb34e02a449aa,working-tree:607.png,exact_decoded_match,,,,
608,data/raw_images/abnormal/608.png,39c50338ba60758f4cbe255a08a76de63effbde513fe4c185dfb6dca46423025,https://whoops-benchmark.s3.amazonaws.com/whoops_images/39c50338ba60758f4cbe255a08a76de63effbde513fe4c185dfb6dca46423025.png,1536,1536,39c50338ba60758f4cbe255a08a76de63effbde513fe4c185dfb6dca46423025,a2bd47a28715d1227aa85ed55a824d9cd92837b1d60ed1d1532c3185a2bdf0dd,CC BY 4.0 plus WHOOPS! Dataset License Agreement additional conditions,nlphuji/whoops,cca58d854ee35b6bfbedc14a9155483e89500ae9,5.0.1,12.3.0,sha256(big_endian_uint32(width) || big_endian_uint32(height) || RGB_pixel_bytes_row_major),88f36f8f06d631c85c17d22bbcf104a6df6cd91f80a89c8a30692ab38e1215cd,working-tree:608.png,deterministic_transform_verified,resize_max_side_1536_lanczos_floor_dimensions,official_decoded_rgb_sha256=dc814bd3d9a7d0e1c99eeceea110fbeb64b9bff1c9297570a438d0074a0cf2c5; transformed_decoded_rgb_sha256=a2bd47a28715d1227aa85ed55a824d9cd92837b1d60ed1d1532c3185a2bdf0dd; archive_revision=0616dca,39c50338ba60758f4cbe255a08a76de63effbde513fe4c185dfb6dca46423025,dc814bd3d9a7d0e1c99eeceea110fbeb64b9bff1c9297570a438d0074a0cf2c5
609,data/raw_images/abnormal/609.png,39ded17ac041aeff6656456a672160a8bd887c0a55ae0e87ee2162f35fb3017e,https://whoops-benchmark.s3.amazonaws.com/whoops_images/39ded17ac041aeff6656456a672160a8bd887c0a55ae0e87ee2162f35fb3017e.png,1024,1024,39ded17ac041aeff6656456a672160a8bd887c0a55ae0e87ee2162f35fb3017e,c30abf34c64531ad128d1875513fe328ed8d1af4b306bc88c7ffb99b3c573810,CC BY 4.0 plus WHOOPS! Dataset License Agreement additional conditions,nlphuji/whoops,cca58d854ee35b6bfbedc14a9155483e89500ae9,5.0.1,12.3.0,sha256(big_endian_uint32(width) || big_endian_uint32(height) || RGB_pixel_bytes_row_major),39ded17ac041aeff6656456a672160a8bd887c0a55ae0e87ee2162f35fb3017e,working-tree:609.png,exact_decoded_match,,,,
610,data/raw_images/abnormal/610.png,3bd71b21873170cf571d824fde20dbf49be0ad912aa3ddc8bffe90ce16ec9fc8,https://whoops-benchmark.s3.amazonaws.com/whoops_images/3bd71b21873170cf571d824fde20dbf49be0ad912aa3ddc8bffe90ce16ec9fc8.png,1024,1024,3bd71b21873170cf571d824fde20dbf49be0ad912aa3ddc8bffe90ce16ec9fc8,c00299d2ad92f00faecbdd60ae5decfb8156ef930ea303e1fdead9a4600f7c91,CC BY 4.0 plus WHOOPS! Dataset License Agreement additional conditions,nlphuji/whoops,cca58d854ee35b6bfbedc14a9155483e89500ae9,5.0.1,12.3.0,sha256(big_endian_uint32(width) || big_endian_uint32(height) || RGB_pixel_bytes_row_major),3bd71b21873170cf571d824fde20dbf49be0ad912aa3ddc8bffe90ce16ec9fc8,working-tree:610.png,exact_decoded_match,,,,
611,data/raw_images/abnormal/611.png,3bdff8d18802822295c44ec4b054efd2c7b161b11f7cfc666948c0fd153c5aae,https://whoops-benchmark.s3.amazonaws.com/whoops_images/3bdff8d18802822295c44ec4b054efd2c7b161b11f7cfc666948c0fd153c5aae.png,1024,1024,3bdff8d18802822295c44ec4b054efd2c7b161b11f7cfc666948c0fd153c5aae,883774285343faec9fbb5803b5da782031c4b83a602d79a1c729ef058437d8e6,CC BY 4.0 plus WHOOPS! Dataset License Agreement additional conditions,nlphuji/whoops,cca58d854ee35b6bfbedc14a9155483e89500ae9,5.0.1,12.3.0,sha256(big_endian_uint32(width) || big_endian_uint32(height) || RGB_pixel_bytes_row_major),3bdff8d18802822295c44ec4b054efd2c7b161b11f7cfc666948c0fd153c5aae,working-tree:611.png,exact_decoded_match,,,,
612,data/raw_images/abnormal/612.png,3c0d26d5c22e11678f559671c3d3faae4c6e6ceeed2b5ffd75cdb53bcb50f8de,https://whoops-benchmark.s3.amazonaws.com/whoops_images/3c0d26d5c22e11678f559671c3d3faae4c6e6ceeed2b5ffd75cdb53bcb50f8de.png,1024,1024,3c0d26d5c22e11678f559671c3d3faae4c6e6ceeed2b5ffd75cdb53bcb50f8de,871abb3545f7e0adb792da4fa812983b6978b5f51d2f392a1bd4cd958f25b856,CC BY 4.0 plus WHOOPS! Dataset License Agreement additional conditions,nlphuji/whoops,cca58d854ee35b6bfbedc14a9155483e89500ae9,5.0.1,12.3.0,sha256(big_endian_uint32(width) || big_endian_uint32(height) || RGB_pixel_bytes_row_major),3c0d26d5c22e11678f559671c3d3faae4c6e6ceeed2b5ffd75cdb53bcb50f8de,working-tree:612.png,exact_decoded_match,,,,
613,data/raw_images/abnormal/613.png,3db2d210cb8b4f2f92071f910fe591c89432325fc5b09f067c309362479a1b16,https://whoops-benchmark.s3.amazonaws.com/whoops_images/3db2d210cb8b4f2f92071f910fe591c89432325fc5b09f067c309362479a1b16.png,1536,1024,3db2d210cb8b4f2f92071f910fe591c89432325fc5b09f067c309362479a1b16,ac1de5f1c7fa832d824a7ad66fe7f7198a02c9004eac5b88405b7da37852a05d,CC BY 4.0 plus WHOOPS! Dataset License Agreement additional conditions,nlphuji/whoops,cca58d854ee35b6bfbedc14a9155483e89500ae9,5.0.1,12.3.0,sha256(big_endian_uint32(width) || big_endian_uint32(height) || RGB_pixel_bytes_row_major),3db2d210cb8b4f2f92071f910fe591c89432325fc5b09f067c309362479a1b16,working-tree:613.png,exact_decoded_match,,,,
614,data/raw_images/abnormal/614.png,3e059b68fe4f2fd6f4ab4f067faf1be6778a4778262ae210476f6daf5ba0d84c,https://whoops-benchmark.s3.amazonaws.com/whoops_images/3e059b68fe4f2fd6f4ab4f067faf1be6778a4778262ae210476f6daf5ba0d84c.png,1536,1536,3e059b68fe4f2fd6f4ab4f067faf1be6778a4778262ae210476f6daf5ba0d84c,6b98f0b5d20edb7ce05eb9e42465daf1f251e4ba3cac7ef84bf732e43f9e4a95,CC BY 4.0 plus WHOOPS! Dataset License Agreement additional conditions,nlphuji/whoops,cca58d854ee35b6bfbedc14a9155483e89500ae9,5.0.1,12.3.0,sha256(big_endian_uint32(width) || big_endian_uint32(height) || RGB_pixel_bytes_row_major),e30044c3bb89265f8554ad382a6a06f2d666a2aa1e8bd27ba2917efbe9b15318,working-tree:614.png,deterministic_transform_verified,resize_max_side_1536_lanczos_floor_dimensions,official_decoded_rgb_sha256=7dec9767268a020a1a7466a37e9bda642222bcd8c24a8d175b187e3792ad37f3; transformed_decoded_rgb_sha256=6b98f0b5d20edb7ce05eb9e42465daf1f251e4ba3cac7ef84bf732e43f9e4a95; archive_revision=0616dca,3e059b68fe4f2fd6f4ab4f067faf1be6778a4778262ae210476f6daf5ba0d84c,7dec9767268a020a1a7466a37e9bda642222bcd8c24a8d175b187e3792ad37f3
615,data/raw_images/abnormal/615.png,3e6925c16600e18bff6342df1a1bf39e11c6bd1b85cbf187e5087f99bd534995,https://whoops-benchmark.s3.amazonaws.com/whoops_images/3e6925c16600e18bff6342df1a1bf39e11c6bd1b85cbf187e5087f99bd534995.png,1024,1024,3e6925c16600e18bff6342df1a1bf39e11c6bd1b85cbf187e5087f99bd534995,da2d7a0ce7cdb1a3996d06d21e0be8ea2d7fd9688a403f3671241f72671b39d4,CC BY 4.0 plus WHOOPS! Dataset License Agreement additional conditions,nlphuji/whoops,cca58d854ee35b6bfbedc14a9155483e89500ae9,5.0.1,12.3.0,sha256(big_endian_uint32(width) || big_endian_uint32(height) || RGB_pixel_bytes_row_major),3e6925c16600e18bff6342df1a1bf39e11c6bd1b85cbf187e5087f99bd534995,working-tree:615.png,exact_decoded_match,,,,
616,data/raw_images/abnormal/616.png,3e6d2649f32ff6aadd96ce53006e997b5c2827fae71eb7613e75e077ff4e9159,https://whoops-benchmark.s3.amazonaws.com/whoops_images/3e6d2649f32ff6aadd96ce53006e997b5c2827fae71eb7613e75e077ff4e9159.png,1302,1302,3e6d2649f32ff6aadd96ce53006e997b5c2827fae71eb7613e75e077ff4e9159,1fe15ca9b5110be761b4a6ac739d2125e0b4587d8f3c9e774948812e4d72bdb9,CC BY 4.0 plus WHOOPS! Dataset License Agreement additional conditions,nlphuji/whoops,cca58d854ee35b6bfbedc14a9155483e89500ae9,5.0.1,12.3.0,sha256(big_endian_uint32(width) || big_endian_uint32(height) || RGB_pixel_bytes_row_major),3e6d2649f32ff6aadd96ce53006e997b5c2827fae71eb7613e75e077ff4e9159,working-tree:616.png,exact_decoded_match,,,,
617,data/raw_images/abnormal/617.png,3eaaad072e8eb6f62e2f8e17e15f3ed41353957199eea37efd7c7cbc1318e3b4,https://whoops-benchmark.s3.amazonaws.com/whoops_images/3eaaad072e8eb6f62e2f8e17e15f3ed41353957199eea37efd7c7cbc1318e3b4.png,1024,1024,3eaaad072e8eb6f62e2f8e17e15f3ed41353957199eea37efd7c7cbc1318e3b4,938c65aad73e70f4597dba0f27d4b2a7677b4c29cac7bf99376af92472cf754b,CC BY 4.0 plus WHOOPS! Dataset License Agreement additional conditions,nlphuji/whoops,cca58d854ee35b6bfbedc14a9155483e89500ae9,5.0.1,12.3.0,sha256(big_endian_uint32(width) || big_endian_uint32(height) || RGB_pixel_bytes_row_major),3eaaad072e8eb6f62e2f8e17e15f3ed41353957199eea37efd7c7cbc1318e3b4,working-tree:617.png,exact_decoded_match,,,,
618,data/raw_images/abnormal/618.png,3eb43f505816de06c525f140c4da0d99f31303c917ff08b32245f42be5f1547a,https://whoops-benchmark.s3.amazonaws.com/whoops_images/3eb43f505816de06c525f140c4da0d99f31303c917ff08b32245f42be5f1547a.png,1536,1536,3eb43f505816de06c525f140c4da0d99f31303c917ff08b32245f42be5f1547a,e0d97fec583d1b8955ebd5758481571575d88df1ee62a32cc4dafb4a33304e25,CC BY 4.0 plus WHOOPS! Dataset License Agreement additional conditions,nlphuji/whoops,cca58d854ee35b6bfbedc14a9155483e89500ae9,5.0.1,12.3.0,sha256(big_endian_uint32(width) || big_endian_uint32(height) || RGB_pixel_bytes_row_major),f37e385ec5ad4c05493699ccc683b5498311f37810e4d65e34b29e18035c71c9,working-tree:618.png,deterministic_transform_verified,resize_max_side_1536_lanczos_floor_dimensions,official_decoded_rgb_sha256=248099f11d08947b925a72506580a6a5dc2205c3de6533b8b1f3e010efaff719; transformed_decoded_rgb_sha256=e0d97fec583d1b8955ebd5758481571575d88df1ee62a32cc4dafb4a33304e25; archive_revision=0616dca,3eb43f505816de06c525f140c4da0d99f31303c917ff08b32245f42be5f1547a,248099f11d08947b925a72506580a6a5dc2205c3de6533b8b1f3e010efaff719
619,data/raw_images/abnormal/619.png,3edc6424feb15d2b32d353d5e4290070f0f15c0ce7d0b0cc9c3a3a406b8ce371,https://whoops-benchmark.s3.amazonaws.com/whoops_images/3edc6424feb15d2b32d353d5e4290070f0f15c0ce7d0b0cc9c3a3a406b8ce371.png,1024,1024,3edc6424feb15d2b32d353d5e4290070f0f15c0ce7d0b0cc9c3a3a406b8ce371,9f40d26fcae3e923db05404875c65a88bfa882cf8f9414e232da76d7fc6370c1,CC BY 4.0 plus WHOOPS! Dataset License Agreement additional conditions,nlphuji/whoops,cca58d854ee35b6bfbedc14a9155483e89500ae9,5.0.1,12.3.0,sha256(big_endian_uint32(width) || big_endian_uint32(height) || RGB_pixel_bytes_row_major),3edc6424feb15d2b32d353d5e4290070f0f15c0ce7d0b0cc9c3a3a406b8ce371,working-tree:619.png,exact_decoded_match,,,,
620,data/raw_images/abnormal/620.png,40c00757e97d886d80ad11e6e6eb578829dbf65cbf96a9ae16cdaad245d9c922,https://whoops-benchmark.s3.amazonaws.com/whoops_images/40c00757e97d886d80ad11e6e6eb578829dbf65cbf96a9ae16cdaad245d9c922.png,1024,1024,40c00757e97d886d80ad11e6e6eb578829dbf65cbf96a9ae16cdaad245d9c922,7ddc462a199b1ccf58f9edcae8e957cad07afb369a78ac8fcff944dd5333c7e7,CC BY 4.0 plus WHOOPS! Dataset License Agreement additional conditions,nlphuji/whoops,cca58d854ee35b6bfbedc14a9155483e89500ae9,5.0.1,12.3.0,sha256(big_endian_uint32(width) || big_endian_uint32(height) || RGB_pixel_bytes_row_major),40c00757e97d886d80ad11e6e6eb578829dbf65cbf96a9ae16cdaad245d9c922,working-tree:620.png,exact_decoded_match,,,,
621,data/raw_images/abnormal/621.png,4273f574905eace52b122e045e83a5b4d691256d24fb33d6e864de9a2a25f5dd,https://whoops-benchmark.s3.amazonaws.com/whoops_images/4273f574905eace52b122e045e83a5b4d691256d24fb33d6e864de9a2a25f5dd.png,1024,1024,4273f574905eace52b122e045e83a5b4d691256d24fb33d6e864de9a2a25f5dd,6716bd0a5be0a5f885c7774fb8cd4101fdd1a252e5f20e337313e991b2837e7c,CC BY 4.0 plus WHOOPS! Dataset License Agreement additional conditions,nlphuji/whoops,cca58d854ee35b6bfbedc14a9155483e89500ae9,5.0.1,12.3.0,sha256(big_endian_uint32(width) || big_endian_uint32(height) || RGB_pixel_bytes_row_major),4273f574905eace52b122e045e83a5b4d691256d24fb33d6e864de9a2a25f5dd,working-tree:621.png,exact_decoded_match,,,,
622,data/raw_images/abnormal/622.png,42b85d70e840c34d44aee9cc55e216a8f147728e1fee181e6b4f76147ee93c67,https://whoops-benchmark.s3.amazonaws.com/whoops_images/42b85d70e840c34d44aee9cc55e216a8f147728e1fee181e6b4f76147ee93c67.png,1024,1024,42b85d70e840c34d44aee9cc55e216a8f147728e1fee181e6b4f76147ee93c67,9c70c21e33adcd603305244d06696fde6cee460e3826ea18fd1db7593666ee9b,CC BY 4.0 plus WHOOPS! Dataset License Agreement additional conditions,nlphuji/whoops,cca58d854ee35b6bfbedc14a9155483e89500ae9,5.0.1,12.3.0,sha256(big_endian_uint32(width) || big_endian_uint32(height) || RGB_pixel_bytes_row_major),42b85d70e840c34d44aee9cc55e216a8f147728e1fee181e6b4f76147ee93c67,working-tree:622.png,exact_decoded_match,,,,
623,data/raw_images/abnormal/623.png,430d37ce32f24608d79dbbae4619a4b99a8e30804a19c1ebf02f3744748dfc1e,https://whoops-benchmark.s3.amazonaws.com/whoops_images/430d37ce32f24608d79dbbae4619a4b99a8e30804a19c1ebf02f3744748dfc1e.png,1024,1024,430d37ce32f24608d79dbbae4619a4b99a8e30804a19c1ebf02f3744748dfc1e,8e1e58ed4ce03bf5c989966508e1511cb6fee4c64157cf091a18917286c01376,CC BY 4.0 plus WHOOPS! Dataset License Agreement additional conditions,nlphuji/whoops,cca58d854ee35b6bfbedc14a9155483e89500ae9,5.0.1,12.3.0,sha256(big_endian_uint32(width) || big_endian_uint32(height) || RGB_pixel_bytes_row_major),430d37ce32f24608d79dbbae4619a4b99a8e30804a19c1ebf02f3744748dfc1e,working-tree:623.png,exact_decoded_match,,,,
624,data/raw_images/abnormal/624.png,4316292086cd84669de72cd5898173dc07f5ca1c575dfdd7d224618f53406234,https://whoops-benchmark.s3.amazonaws.com/whoops_images/4316292086cd84669de72cd5898173dc07f5ca1c575dfdd7d224618f53406234.png,1024,1024,4316292086cd84669de72cd5898173dc07f5ca1c575dfdd7d224618f53406234,bf87102457fddb038ec9f7d68b32c53c5687bf8697e77b66ac0016a7ac97d40f,CC BY 4.0 plus WHOOPS! Dataset License Agreement additional conditions,nlphuji/whoops,cca58d854ee35b6bfbedc14a9155483e89500ae9,5.0.1,12.3.0,sha256(big_endian_uint32(width) || big_endian_uint32(height) || RGB_pixel_bytes_row_major),4316292086cd84669de72cd5898173dc07f5ca1c575dfdd7d224618f53406234,working-tree:624.png,exact_decoded_match,,,,
625,data/raw_images/abnormal/625.png,4397c52ebea1333aa04f9f09f7cc15789fd78d83848e9523ef019828958c3346,https://whoops-benchmark.s3.amazonaws.com/whoops_images/4397c52ebea1333aa04f9f09f7cc15789fd78d83848e9523ef019828958c3346.png,1024,1024,4397c52ebea1333aa04f9f09f7cc15789fd78d83848e9523ef019828958c3346,0ef8bb92a662cebcd66dc08d875be4c0a4727971781ab253b5c033c869d2bcb9,CC BY 4.0 plus WHOOPS! Dataset License Agreement additional conditions,nlphuji/whoops,cca58d854ee35b6bfbedc14a9155483e89500ae9,5.0.1,12.3.0,sha256(big_endian_uint32(width) || big_endian_uint32(height) || RGB_pixel_bytes_row_major),4397c52ebea1333aa04f9f09f7cc15789fd78d83848e9523ef019828958c3346,working-tree:625.png,exact_decoded_match,,,,
626,data/raw_images/abnormal/626.png,4459f9aa291383d260f3a305a5ef447fabf6aad608a05bf6d37dfec8c4e77290,https://whoops-benchmark.s3.amazonaws.com/whoops_images/4459f9aa291383d260f3a305a5ef447fabf6aad608a05bf6d37dfec8c4e77290.png,1024,1024,4459f9aa291383d260f3a305a5ef447fabf6aad608a05bf6d37dfec8c4e77290,d235fc4fe372dc78970680081570b6668d0d10f98f42d3da40b629973a0adb4c,CC BY 4.0 plus WHOOPS! Dataset License Agreement additional conditions,nlphuji/whoops,cca58d854ee35b6bfbedc14a9155483e89500ae9,5.0.1,12.3.0,sha256(big_endian_uint32(width) || big_endian_uint32(height) || RGB_pixel_bytes_row_major),4459f9aa291383d260f3a305a5ef447fabf6aad608a05bf6d37dfec8c4e77290,working-tree:626.png,exact_decoded_match,,,,
627,data/raw_images/abnormal/627.png,449b1ba60cecec318cd0df26ff91d80483bb412774f91dcd365ae6b50108ceec,https://whoops-benchmark.s3.amazonaws.com/whoops_images/449b1ba60cecec318cd0df26ff91d80483bb412774f91dcd365ae6b50108ceec.png,1024,1024,449b1ba60cecec318cd0df26ff91d80483bb412774f91dcd365ae6b50108ceec,3327c6c740fec0f783d6bc822e19963e706b56923d5d1c23b326603a1a6e9bca,CC BY 4.0 plus WHOOPS! Dataset License Agreement additional conditions,nlphuji/whoops,cca58d854ee35b6bfbedc14a9155483e89500ae9,5.0.1,12.3.0,sha256(big_endian_uint32(width) || big_endian_uint32(height) || RGB_pixel_bytes_row_major),449b1ba60cecec318cd0df26ff91d80483bb412774f91dcd365ae6b50108ceec,working-tree:627.png,exact_decoded_match,,,,
628,data/raw_images/abnormal/628.png,44bf62f914850b65b15880e0bf5e850ffd2a00a5495045a07815cdb66a89514d,https://whoops-benchmark.s3.amazonaws.com/whoops_images/44bf62f914850b65b15880e0bf5e850ffd2a00a5495045a07815cdb66a89514d.png,1024,1024,44bf62f914850b65b15880e0bf5e850ffd2a00a5495045a07815cdb66a89514d,4c355752ac3b42b0b27277334d0a83bced95ec3b05ae26d3b4bf4903f7fcb95e,CC BY 4.0 plus WHOOPS! Dataset License Agreement additional conditions,nlphuji/whoops,cca58d854ee35b6bfbedc14a9155483e89500ae9,5.0.1,12.3.0,sha256(big_endian_uint32(width) || big_endian_uint32(height) || RGB_pixel_bytes_row_major),44bf62f914850b65b15880e0bf5e850ffd2a00a5495045a07815cdb66a89514d,working-tree:628.png,exact_decoded_match,,,,
629,data/raw_images/abnormal/629.png,44cb2f9aea9f3e365a1af844a37f734cc31b2a03ffd00391fd235a545e3a4685,https://whoops-benchmark.s3.amazonaws.com/whoops_images/44cb2f9aea9f3e365a1af844a37f734cc31b2a03ffd00391fd235a545e3a4685.png,1024,1024,44cb2f9aea9f3e365a1af844a37f734cc31b2a03ffd00391fd235a545e3a4685,fd5b95cbdfd0d6219b90ec9e67e27ede617f264d67511950e21c64e4189b8d12,CC BY 4.0 plus WHOOPS! Dataset License Agreement additional conditions,nlphuji/whoops,cca58d854ee35b6bfbedc14a9155483e89500ae9,5.0.1,12.3.0,sha256(big_endian_uint32(width) || big_endian_uint32(height) || RGB_pixel_bytes_row_major),44cb2f9aea9f3e365a1af844a37f734cc31b2a03ffd00391fd235a545e3a4685,working-tree:629.png,exact_decoded_match,,,,
630,data/raw_images/abnormal/630.png,4533bb0699f3e74d2c62e093b0fd18a89d68f848dcf7d3f0e8993e8c670afc8b,https://whoops-benchmark.s3.amazonaws.com/whoops_images/4533bb0699f3e74d2c62e093b0fd18a89d68f848dcf7d3f0e8993e8c670afc8b.png,1024,1024,4533bb0699f3e74d2c62e093b0fd18a89d68f848dcf7d3f0e8993e8c670afc8b,f0eba5748c5c309509fe44ebca6aa707bbe82c891f35031a57558049f1887ae1,CC BY 4.0 plus WHOOPS! Dataset License Agreement additional conditions,nlphuji/whoops,cca58d854ee35b6bfbedc14a9155483e89500ae9,5.0.1,12.3.0,sha256(big_endian_uint32(width) || big_endian_uint32(height) || RGB_pixel_bytes_row_major),4533bb0699f3e74d2c62e093b0fd18a89d68f848dcf7d3f0e8993e8c670afc8b,working-tree:630.png,exact_decoded_match,,,,
631,data/raw_images/abnormal/631.png,46202ebdb0c1bc22207712c98c080ba46507e9925320684888a8c03a313ad3c7,https://whoops-benchmark.s3.amazonaws.com/whoops_images/46202ebdb0c1bc22207712c98c080ba46507e9925320684888a8c03a313ad3c7.png,1024,1024,46202ebdb0c1bc22207712c98c080ba46507e9925320684888a8c03a313ad3c7,a3acc0c238bd21662f227a260cf133d80d00de6dc3f306d01b3bccbde4b4b8bf,CC BY 4.0 plus WHOOPS! Dataset License Agreement additional conditions,nlphuji/whoops,cca58d854ee35b6bfbedc14a9155483e89500ae9,5.0.1,12.3.0,sha256(big_endian_uint32(width) || big_endian_uint32(height) || RGB_pixel_bytes_row_major),46202ebdb0c1bc22207712c98c080ba46507e9925320684888a8c03a313ad3c7,working-tree:631.png,exact_decoded_match,,,,
632,data/raw_images/abnormal/632.png,4701a77dc5d9810a921a67335ec0b6037dc19fa0f48b7c054e3a0815bf1fb654,https://whoops-benchmark.s3.amazonaws.com/whoops_images/4701a77dc5d9810a921a67335ec0b6037dc19fa0f48b7c054e3a0815bf1fb654.png,1024,1024,4701a77dc5d9810a921a67335ec0b6037dc19fa0f48b7c054e3a0815bf1fb654,71c3def05c1470c916cd63d89e90e1edc99aeb8928af6b45a66ff05dfa8e47fb,CC BY 4.0 plus WHOOPS! Dataset License Agreement additional conditions,nlphuji/whoops,cca58d854ee35b6bfbedc14a9155483e89500ae9,5.0.1,12.3.0,sha256(big_endian_uint32(width) || big_endian_uint32(height) || RGB_pixel_bytes_row_major),4701a77dc5d9810a921a67335ec0b6037dc19fa0f48b7c054e3a0815bf1fb654,working-tree:632.png,exact_decoded_match,,,,
633,data/raw_images/abnormal/633.png,47f32f38b0df984700e860f131199d5f90857ec6ed2dcbca84619541d73eb1b8,https://whoops-benchmark.s3.amazonaws.com/whoops_images/47f32f38b0df984700e860f131199d5f90857ec6ed2dcbca84619541d73eb1b8.png,1024,1024,47f32f38b0df984700e860f131199d5f90857ec6ed2dcbca84619541d73eb1b8,fd3dc4983db0ba32ab4f3e1a2628a2bda414dc081072da206a890f318015cd66,CC BY 4.0 plus WHOOPS! Dataset License Agreement additional conditions,nlphuji/whoops,cca58d854ee35b6bfbedc14a9155483e89500ae9,5.0.1,12.3.0,sha256(big_endian_uint32(width) || big_endian_uint32(height) || RGB_pixel_bytes_row_major),47f32f38b0df984700e860f131199d5f90857ec6ed2dcbca84619541d73eb1b8,working-tree:633.png,exact_decoded_match,,,,
634,data/raw_images/abnormal/634.png,480e2d89ae9d6be3d84366cc47fbdf3e80d971ad03215ddd039ae735c8d2bf8f,https://whoops-benchmark.s3.amazonaws.com/whoops_images/480e2d89ae9d6be3d84366cc47fbdf3e80d971ad03215ddd039ae735c8d2bf8f.png,1024,1024,480e2d89ae9d6be3d84366cc47fbdf3e80d971ad03215ddd039ae735c8d2bf8f,df4e64bddff564edb3cb75678d9a3a0a6edca26179ef8067784756dd2a05b00a,CC BY 4.0 plus WHOOPS! Dataset License Agreement additional conditions,nlphuji/whoops,cca58d854ee35b6bfbedc14a9155483e89500ae9,5.0.1,12.3.0,sha256(big_endian_uint32(width) || big_endian_uint32(height) || RGB_pixel_bytes_row_major),480e2d89ae9d6be3d84366cc47fbdf3e80d971ad03215ddd039ae735c8d2bf8f,working-tree:634.png,exact_decoded_match,,,,
635,data/raw_images/abnormal/635.png,481a8cfcefcf844155a6bd4d7060a800dd77530a95fcf7369f3ef33999de844e,https://whoops-benchmark.s3.amazonaws.com/whoops_images/481a8cfcefcf844155a6bd4d7060a800dd77530a95fcf7369f3ef33999de844e.png,1024,1024,481a8cfcefcf844155a6bd4d7060a800dd77530a95fcf7369f3ef33999de844e,2337457163bb5e322ada9128e0994e8f928ca264e2d074bbb0069db197f40026,CC BY 4.0 plus WHOOPS! Dataset License Agreement additional conditions,nlphuji/whoops,cca58d854ee35b6bfbedc14a9155483e89500ae9,5.0.1,12.3.0,sha256(big_endian_uint32(width) || big_endian_uint32(height) || RGB_pixel_bytes_row_major),481a8cfcefcf844155a6bd4d7060a800dd77530a95fcf7369f3ef33999de844e,working-tree:635.png,exact_decoded_match,,,,
636,data/raw_images/abnormal/636.png,48216871fae7dcc42dafc40b2ec5b6db47cb02cd8096bc8ce20d7a6890f0bd07,https://whoops-benchmark.s3.amazonaws.com/whoops_images/48216871fae7dcc42dafc40b2ec5b6db47cb02cd8096bc8ce20d7a6890f0bd07.png,1024,1024,48216871fae7dcc42dafc40b2ec5b6db47cb02cd8096bc8ce20d7a6890f0bd07,48aa65999e075cdab0bb8555f7ba7dcf692a9490e5d89e386571d0bc906daba0,CC BY 4.0 plus WHOOPS! Dataset License Agreement additional conditions,nlphuji/whoops,cca58d854ee35b6bfbedc14a9155483e89500ae9,5.0.1,12.3.0,sha256(big_endian_uint32(width) || big_endian_uint32(height) || RGB_pixel_bytes_row_major),48216871fae7dcc42dafc40b2ec5b6db47cb02cd8096bc8ce20d7a6890f0bd07,working-tree:636.png,exact_decoded_match,,,,
637,data/raw_images/abnormal/637.png,483452e205f21fd1830c4b8c8e90978c36928a5a02f5a90f9dbd75f5a9712b0e,https://whoops-benchmark.s3.amazonaws.com/whoops_images/483452e205f21fd1830c4b8c8e90978c36928a5a02f5a90f9dbd75f5a9712b0e.png,1024,1024,483452e205f21fd1830c4b8c8e90978c36928a5a02f5a90f9dbd75f5a9712b0e,7348702e8ebaf7a366dfb609abaacb78748354a6dbf495d7818b07e640260d3f,CC BY 4.0 plus WHOOPS! Dataset License Agreement additional conditions,nlphuji/whoops,cca58d854ee35b6bfbedc14a9155483e89500ae9,5.0.1,12.3.0,sha256(big_endian_uint32(width) || big_endian_uint32(height) || RGB_pixel_bytes_row_major),483452e205f21fd1830c4b8c8e90978c36928a5a02f5a90f9dbd75f5a9712b0e,working-tree:637.png,exact_decoded_match,,,,
638,data/raw_images/abnormal/638.png,499d26e829c6a94a8a3cbb22976581a99d46bc39e9b74b314ebdba08e4842fe4,https://whoops-benchmark.s3.amazonaws.com/whoops_images/499d26e829c6a94a8a3cbb22976581a99d46bc39e9b74b314ebdba08e4842fe4.png,1228,1228,499d26e829c6a94a8a3cbb22976581a99d46bc39e9b74b314ebdba08e4842fe4,56c6a0bd29ebae077aa0c40c21c405f8236f63731d5e6d2ac15df333b7c9dac3,CC BY 4.0 plus WHOOPS! Dataset License Agreement additional conditions,nlphuji/whoops,cca58d854ee35b6bfbedc14a9155483e89500ae9,5.0.1,12.3.0,sha256(big_endian_uint32(width) || big_endian_uint32(height) || RGB_pixel_bytes_row_major),499d26e829c6a94a8a3cbb22976581a99d46bc39e9b74b314ebdba08e4842fe4,working-tree:638.png,exact_decoded_match,,,,
639,data/raw_images/abnormal/639.png,49b8428a509524027c5d33e5de6494bfab8dce65178bbba3b58f1fb11913b9ee,https://whoops-benchmark.s3.amazonaws.com/whoops_images/49b8428a509524027c5d33e5de6494bfab8dce65178bbba3b58f1fb11913b9ee.png,1024,1024,49b8428a509524027c5d33e5de6494bfab8dce65178bbba3b58f1fb11913b9ee,39ad51c7cd0c0e4bd365625d8649c27fb506a2036ec29032f9de20e9c39ef08f,CC BY 4.0 plus WHOOPS! Dataset License Agreement additional conditions,nlphuji/whoops,cca58d854ee35b6bfbedc14a9155483e89500ae9,5.0.1,12.3.0,sha256(big_endian_uint32(width) || big_endian_uint32(height) || RGB_pixel_bytes_row_major),49b8428a509524027c5d33e5de6494bfab8dce65178bbba3b58f1fb11913b9ee,working-tree:639.png,exact_decoded_match,,,,
640,data/raw_images/abnormal/640.png,49e7220989e342b9d3f3a3508475b8ad1ab63bf21890642e98c4156dea294d7a,https://whoops-benchmark.s3.amazonaws.com/whoops_images/49e7220989e342b9d3f3a3508475b8ad1ab63bf21890642e98c4156dea294d7a.png,2048,2048,49e7220989e342b9d3f3a3508475b8ad1ab63bf21890642e98c4156dea294d7a,c39a9569a8db3970f65837aae5ff8a175260906ba9aa057de3bfab58c6b4f3db,CC BY 4.0 plus WHOOPS! Dataset License Agreement additional conditions,nlphuji/whoops,cca58d854ee35b6bfbedc14a9155483e89500ae9,5.0.1,12.3.0,sha256(big_endian_uint32(width) || big_endian_uint32(height) || RGB_pixel_bytes_row_major),49e7220989e342b9d3f3a3508475b8ad1ab63bf21890642e98c4156dea294d7a,working-tree:640.png,exact_decoded_match,,,,
641,data/raw_images/abnormal/641.png,4ab096ca3c18130ec58403c5a8cc544f9a862a265217d91f8de1b09641497276,https://whoops-benchmark.s3.amazonaws.com/whoops_images/4ab096ca3c18130ec58403c5a8cc544f9a862a265217d91f8de1b09641497276.png,1024,1024,4ab096ca3c18130ec58403c5a8cc544f9a862a265217d91f8de1b09641497276,d89608fbf2bfe0b40334e96fc345b3ecae1dc4e5ccd478fcae847d0192127266,CC BY 4.0 plus WHOOPS! Dataset License Agreement additional conditions,nlphuji/whoops,cca58d854ee35b6bfbedc14a9155483e89500ae9,5.0.1,12.3.0,sha256(big_endian_uint32(width) || big_endian_uint32(height) || RGB_pixel_bytes_row_major),4ab096ca3c18130ec58403c5a8cc544f9a862a265217d91f8de1b09641497276,working-tree:641.png,exact_decoded_match,,,,
642,data/raw_images/abnormal/642.png,4b3a760e2aa7ca6f3f73cc06f19342af5fa139c72267a38b39188e354b10fd32,https://whoops-benchmark.s3.amazonaws.com/whoops_images/4b3a760e2aa7ca6f3f73cc06f19342af5fa139c72267a38b39188e354b10fd32.png,1024,1024,4b3a760e2aa7ca6f3f73cc06f19342af5fa139c72267a38b39188e354b10fd32,723fd39070623411d9c0cea0855456ec840a21693f786da83ea767497b6a92b5,CC BY 4.0 plus WHOOPS! Dataset License Agreement additional conditions,nlphuji/whoops,cca58d854ee35b6bfbedc14a9155483e89500ae9,5.0.1,12.3.0,sha256(big_endian_uint32(width) || big_endian_uint32(height) || RGB_pixel_bytes_row_major),4b3a760e2aa7ca6f3f73cc06f19342af5fa139c72267a38b39188e354b10fd32,working-tree:642.png,exact_decoded_match,,,,
643,data/raw_images/abnormal/643.png,4b4c6e357c446149db930fa6caa0ebbaeb3008b08f3276f38b98f85e21f12eea,https://whoops-benchmark.s3.amazonaws.com/whoops_images/4b4c6e357c446149db930fa6caa0ebbaeb3008b08f3276f38b98f85e21f12eea.png,1024,1024,4b4c6e357c446149db930fa6caa0ebbaeb3008b08f3276f38b98f85e21f12eea,6ae7f87e20b230c38533dccddc7f028a7b7ed870934dc9b850339974f1878990,CC BY 4.0 plus WHOOPS! Dataset License Agreement additional conditions,nlphuji/whoops,cca58d854ee35b6bfbedc14a9155483e89500ae9,5.0.1,12.3.0,sha256(big_endian_uint32(width) || big_endian_uint32(height) || RGB_pixel_bytes_row_major),4b4c6e357c446149db930fa6caa0ebbaeb3008b08f3276f38b98f85e21f12eea,working-tree:643.png,exact_decoded_match,,,,
644,data/raw_images/abnormal/644.png,4ba117d55d0e25e23b52f3bc576c4d54fddf131e8de1a5573930def38eaabe6b,https://whoops-benchmark.s3.amazonaws.com/whoops_images/4ba117d55d0e25e23b52f3bc576c4d54fddf131e8de1a5573930def38eaabe6b.png,1024,1024,4ba117d55d0e25e23b52f3bc576c4d54fddf131e8de1a5573930def38eaabe6b,cc2708ee9df4066196ee686c6e866072420bf416f436b0f1dc26d6f5d9fde404,CC BY 4.0 plus WHOOPS! Dataset License Agreement additional conditions,nlphuji/whoops,cca58d854ee35b6bfbedc14a9155483e89500ae9,5.0.1,12.3.0,sha256(big_endian_uint32(width) || big_endian_uint32(height) || RGB_pixel_bytes_row_major),4ba117d55d0e25e23b52f3bc576c4d54fddf131e8de1a5573930def38eaabe6b,working-tree:644.png,exact_decoded_match,,,,
645,data/raw_images/abnormal/645.png,4bcbec3eeeb88cd59091fe23639750719757fc1d649a076af22600154d345c83,https://whoops-benchmark.s3.amazonaws.com/whoops_images/4bcbec3eeeb88cd59091fe23639750719757fc1d649a076af22600154d345c83.png,1536,1024,4bcbec3eeeb88cd59091fe23639750719757fc1d649a076af22600154d345c83,57a954d5d15f3eeff57c27526d2a32f336ecd7e17533e51683f03a07bafa0117,CC BY 4.0 plus WHOOPS! Dataset License Agreement additional conditions,nlphuji/whoops,cca58d854ee35b6bfbedc14a9155483e89500ae9,5.0.1,12.3.0,sha256(big_endian_uint32(width) || big_endian_uint32(height) || RGB_pixel_bytes_row_major),4bcbec3eeeb88cd59091fe23639750719757fc1d649a076af22600154d345c83,working-tree:645.png,exact_decoded_match,,,,
646,data/raw_images/abnormal/646.png,4c2b90f593de32e23daa191882b09e2f130988657c8de3ec705381e00bd8c3ad,https://whoops-benchmark.s3.amazonaws.com/whoops_images/4c2b90f593de32e23daa191882b09e2f130988657c8de3ec705381e00bd8c3ad.png,1024,1024,4c2b90f593de32e23daa191882b09e2f130988657c8de3ec705381e00bd8c3ad,f34446f19870308443ebbfec9ef07fb62e8484d28318de50589189b385f54c63,CC BY 4.0 plus WHOOPS! Dataset License Agreement additional conditions,nlphuji/whoops,cca58d854ee35b6bfbedc14a9155483e89500ae9,5.0.1,12.3.0,sha256(big_endian_uint32(width) || big_endian_uint32(height) || RGB_pixel_bytes_row_major),4c2b90f593de32e23daa191882b09e2f130988657c8de3ec705381e00bd8c3ad,working-tree:646.png,exact_decoded_match,,,,
647,data/raw_images/abnormal/647.png,4c707baeaaa83c0324a877ca9e6114d8650b1f91bf056c931d063e8a5ab2b1c1,https://whoops-benchmark.s3.amazonaws.com/whoops_images/4c707baeaaa83c0324a877ca9e6114d8650b1f91bf056c931d063e8a5ab2b1c1.png,1024,1024,4c707baeaaa83c0324a877ca9e6114d8650b1f91bf056c931d063e8a5ab2b1c1,c5dfc43206eb0a0f5403d48d0d81a2a2d8ce9fd8063738786bc51036339d69a1,CC BY 4.0 plus WHOOPS! Dataset License Agreement additional conditions,nlphuji/whoops,cca58d854ee35b6bfbedc14a9155483e89500ae9,5.0.1,12.3.0,sha256(big_endian_uint32(width) || big_endian_uint32(height) || RGB_pixel_bytes_row_major),4c707baeaaa83c0324a877ca9e6114d8650b1f91bf056c931d063e8a5ab2b1c1,working-tree:647.png,exact_decoded_match,,,,
648,data/raw_images/abnormal/648.png,4d04885afff217aa3365c6e36d53cb3f1ebec3e9c3ebee1bf91d17c18eec3e91,https://whoops-benchmark.s3.amazonaws.com/whoops_images/4d04885afff217aa3365c6e36d53cb3f1ebec3e9c3ebee1bf91d17c18eec3e91.png,1024,1024,4d04885afff217aa3365c6e36d53cb3f1ebec3e9c3ebee1bf91d17c18eec3e91,82467891b0d1f44b6b0a2d178d44745b4144455b539784e35a883dbabcaf8e53,CC BY 4.0 plus WHOOPS! Dataset License Agreement additional conditions,nlphuji/whoops,cca58d854ee35b6bfbedc14a9155483e89500ae9,5.0.1,12.3.0,sha256(big_endian_uint32(width) || big_endian_uint32(height) || RGB_pixel_bytes_row_major),4d04885afff217aa3365c6e36d53cb3f1ebec3e9c3ebee1bf91d17c18eec3e91,working-tree:648.png,exact_decoded_match,,,,
649,data/raw_images/abnormal/649.png,4d313109c8f514ff8cd9a15bf0dc9033443d1ecb41eb3264deca028920b47758,https://whoops-benchmark.s3.amazonaws.com/whoops_images/4d313109c8f514ff8cd9a15bf0dc9033443d1ecb41eb3264deca028920b47758.png,1024,1024,4d313109c8f514ff8cd9a15bf0dc9033443d1ecb41eb3264deca028920b47758,a9b5301dacd87d796a15d6b1c576eac38f602314c7ef7850621bf0758f403a03,CC BY 4.0 plus WHOOPS! Dataset License Agreement additional conditions,nlphuji/whoops,cca58d854ee35b6bfbedc14a9155483e89500ae9,5.0.1,12.3.0,sha256(big_endian_uint32(width) || big_endian_uint32(height) || RGB_pixel_bytes_row_major),4d313109c8f514ff8cd9a15bf0dc9033443d1ecb41eb3264deca028920b47758,working-tree:649.png,exact_decoded_match,,,,
650,data/raw_images/abnormal/650.png,50e1a80532fe0a11bec8603bf08553119273ee117c49a03656acb29c94f42d85,https://whoops-benchmark.s3.amazonaws.com/whoops_images/50e1a80532fe0a11bec8603bf08553119273ee117c49a03656acb29c94f42d85.png,1024,1024,50e1a80532fe0a11bec8603bf08553119273ee117c49a03656acb29c94f42d85,6cc78aec6068d25a19179f72288df9ee10eb2e8db0d4e9d8189b9311fab84dff,CC BY 4.0 plus WHOOPS! Dataset License Agreement additional conditions,nlphuji/whoops,cca58d854ee35b6bfbedc14a9155483e89500ae9,5.0.1,12.3.0,sha256(big_endian_uint32(width) || big_endian_uint32(height) || RGB_pixel_bytes_row_major),50e1a80532fe0a11bec8603bf08553119273ee117c49a03656acb29c94f42d85,working-tree:650.png,exact_decoded_match,,,,
651,data/raw_images/abnormal/651.png,512d74c66093d76a9bfcee93cacb80be74afa05386d86fad1bfd4115fadd3bc0,https://whoops-benchmark.s3.amazonaws.com/whoops_images/512d74c66093d76a9bfcee93cacb80be74afa05386d86fad1bfd4115fadd3bc0.png,1024,1024,512d74c66093d76a9bfcee93cacb80be74afa05386d86fad1bfd4115fadd3bc0,809c699229fb556168ba620ef368ab20d6438aad9e997e6c491e77575a7131c8,CC BY 4.0 plus WHOOPS! Dataset License Agreement additional conditions,nlphuji/whoops,cca58d854ee35b6bfbedc14a9155483e89500ae9,5.0.1,12.3.0,sha256(big_endian_uint32(width) || big_endian_uint32(height) || RGB_pixel_bytes_row_major),512d74c66093d76a9bfcee93cacb80be74afa05386d86fad1bfd4115fadd3bc0,working-tree:651.png,exact_decoded_match,,,,
652,data/raw_images/abnormal/652.png,51604964c52741316a0fa874e038b25c11d442269bb4d08153bbe09fa573692f,https://whoops-benchmark.s3.amazonaws.com/whoops_images/51604964c52741316a0fa874e038b25c11d442269bb4d08153bbe09fa573692f.png,1024,1024,51604964c52741316a0fa874e038b25c11d442269bb4d08153bbe09fa573692f,f826310d8c54be0b734f310872f8b8c14c77a25b9af52503e1cd0d5314c05885,CC BY 4.0 plus WHOOPS! Dataset License Agreement additional conditions,nlphuji/whoops,cca58d854ee35b6bfbedc14a9155483e89500ae9,5.0.1,12.3.0,sha256(big_endian_uint32(width) || big_endian_uint32(height) || RGB_pixel_bytes_row_major),51604964c52741316a0fa874e038b25c11d442269bb4d08153bbe09fa573692f,working-tree:652.png,exact_decoded_match,,,,
653,data/raw_images/abnormal/653.png,51a0c282f67bb1eaec4d3871140230f2ec675e80b461e3aa5237dd26705bab1f,https://whoops-benchmark.s3.amazonaws.com/whoops_images/51a0c282f67bb1eaec4d3871140230f2ec675e80b461e3aa5237dd26705bab1f.png,774,774,51a0c282f67bb1eaec4d3871140230f2ec675e80b461e3aa5237dd26705bab1f,900c12d88a8256d1cffe9c8f119358582a81b15629b69969090eb231939ed808,CC BY 4.0 plus WHOOPS! Dataset License Agreement additional conditions,nlphuji/whoops,cca58d854ee35b6bfbedc14a9155483e89500ae9,5.0.1,12.3.0,sha256(big_endian_uint32(width) || big_endian_uint32(height) || RGB_pixel_bytes_row_major),51a0c282f67bb1eaec4d3871140230f2ec675e80b461e3aa5237dd26705bab1f,working-tree:653.png,exact_decoded_match,,,,
654,data/raw_images/abnormal/654.png,51fa709a1ccff02ddf71e177ba65060b02a0763cf1c0668f6c130cfcb1078376,https://whoops-benchmark.s3.amazonaws.com/whoops_images/51fa709a1ccff02ddf71e177ba65060b02a0763cf1c0668f6c130cfcb1078376.png,1024,1024,51fa709a1ccff02ddf71e177ba65060b02a0763cf1c0668f6c130cfcb1078376,520c4e8ac7098fe8ff46d53aec0a53b84140be2f58357b280a8d9fc3eaa3fb61,CC BY 4.0 plus WHOOPS! Dataset License Agreement additional conditions,nlphuji/whoops,cca58d854ee35b6bfbedc14a9155483e89500ae9,5.0.1,12.3.0,sha256(big_endian_uint32(width) || big_endian_uint32(height) || RGB_pixel_bytes_row_major),51fa709a1ccff02ddf71e177ba65060b02a0763cf1c0668f6c130cfcb1078376,working-tree:654.png,exact_decoded_match,,,,
655,data/raw_images/abnormal/655.png,52c26363ef8234d72c6b8450f32cddb53a4023e6a206e17a0fbaa7d1758f8660,https://whoops-benchmark.s3.amazonaws.com/whoops_images/52c26363ef8234d72c6b8450f32cddb53a4023e6a206e17a0fbaa7d1758f8660.png,1024,1024,52c26363ef8234d72c6b8450f32cddb53a4023e6a206e17a0fbaa7d1758f8660,85920767b33e7c69f13a291d20c3c8d3aed11ec4e019d8d03473368bf212bd87,CC BY 4.0 plus WHOOPS! Dataset License Agreement additional conditions,nlphuji/whoops,cca58d854ee35b6bfbedc14a9155483e89500ae9,5.0.1,12.3.0,sha256(big_endian_uint32(width) || big_endian_uint32(height) || RGB_pixel_bytes_row_major),52c26363ef8234d72c6b8450f32cddb53a4023e6a206e17a0fbaa7d1758f8660,working-tree:655.png,exact_decoded_match,,,,
656,data/raw_images/abnormal/656.png,533501293641b7d89cad582cdb258c38ee429e556996641cef20da5f5adf78c8,https://whoops-benchmark.s3.amazonaws.com/whoops_images/533501293641b7d89cad582cdb258c38ee429e556996641cef20da5f5adf78c8.png,1536,1536,533501293641b7d89cad582cdb258c38ee429e556996641cef20da5f5adf78c8,90e99a4773c44ec1b4d708b3a9e7017ee9524a4d3f5ff3128c365af55cf6d53f,CC BY 4.0 plus WHOOPS! Dataset License Agreement additional conditions,nlphuji/whoops,cca58d854ee35b6bfbedc14a9155483e89500ae9,5.0.1,12.3.0,sha256(big_endian_uint32(width) || big_endian_uint32(height) || RGB_pixel_bytes_row_major),0a5350d3b2181e9a2f76208d64b4666d196d727171690aee32a9734e51cb08bc,working-tree:656.png,deterministic_transform_verified,resize_max_side_1536_lanczos_floor_dimensions,official_decoded_rgb_sha256=5b6fc2d926c5f85937552c3b073f7e52c2c893326fb6db18c3f897c0da6c5d13; transformed_decoded_rgb_sha256=90e99a4773c44ec1b4d708b3a9e7017ee9524a4d3f5ff3128c365af55cf6d53f; archive_revision=0616dca,533501293641b7d89cad582cdb258c38ee429e556996641cef20da5f5adf78c8,5b6fc2d926c5f85937552c3b073f7e52c2c893326fb6db18c3f897c0da6c5d13
657,data/raw_images/abnormal/657.png,54c84d95f6920c7528c421543c927979328dcbb189ac482d31cbd283d3946266,https://whoops-benchmark.s3.amazonaws.com/whoops_images/54c84d95f6920c7528c421543c927979328dcbb189ac482d31cbd283d3946266.png,1024,1024,54c84d95f6920c7528c421543c927979328dcbb189ac482d31cbd283d3946266,163560586516223a191cca8b3fe157d7838ad1d842df5b403fae4d4a47374d96,CC BY 4.0 plus WHOOPS! Dataset License Agreement additional conditions,nlphuji/whoops,cca58d854ee35b6bfbedc14a9155483e89500ae9,5.0.1,12.3.0,sha256(big_endian_uint32(width) || big_endian_uint32(height) || RGB_pixel_bytes_row_major),54c84d95f6920c7528c421543c927979328dcbb189ac482d31cbd283d3946266,working-tree:657.png,exact_decoded_match,,,,
658,data/raw_images/abnormal/658.png,54ea52060d581f46f6dad5380ec955a520e7c9bbdc7129c2364d627526357047,https://whoops-benchmark.s3.amazonaws.com/whoops_images/54ea52060d581f46f6dad5380ec955a520e7c9bbdc7129c2364d627526357047.png,1024,1024,54ea52060d581f46f6dad5380ec955a520e7c9bbdc7129c2364d627526357047,dc5e6cb76b6647ea0a2c24d70e8c9c51730635aa260c69fc3829144e56fc2e77,CC BY 4.0 plus WHOOPS! Dataset License Agreement additional conditions,nlphuji/whoops,cca58d854ee35b6bfbedc14a9155483e89500ae9,5.0.1,12.3.0,sha256(big_endian_uint32(width) || big_endian_uint32(height) || RGB_pixel_bytes_row_major),54ea52060d581f46f6dad5380ec955a520e7c9bbdc7129c2364d627526357047,working-tree:658.png,exact_decoded_match,,,,
659,data/raw_images/abnormal/659.png,5547ec61d60753f6be155d738ffe7522859b6e568cccff9d778e521222fdbd5f,https://whoops-benchmark.s3.amazonaws.com/whoops_images/5547ec61d60753f6be155d738ffe7522859b6e568cccff9d778e521222fdbd5f.png,1024,1024,5547ec61d60753f6be155d738ffe7522859b6e568cccff9d778e521222fdbd5f,b04ff74aabf5f438ad1447442edf60b4608126adb3c0773471dc49da58df57c7,CC BY 4.0 plus WHOOPS! Dataset License Agreement additional conditions,nlphuji/whoops,cca58d854ee35b6bfbedc14a9155483e89500ae9,5.0.1,12.3.0,sha256(big_endian_uint32(width) || big_endian_uint32(height) || RGB_pixel_bytes_row_major),5547ec61d60753f6be155d738ffe7522859b6e568cccff9d778e521222fdbd5f,working-tree:659.png,exact_decoded_match,,,,
660,data/raw_images/abnormal/660.png,5585b443af0171fc46b016ca2f6cad207828629cad648864f25346d51a1f30ae,https://whoops-benchmark.s3.amazonaws.com/whoops_images/5585b443af0171fc46b016ca2f6cad207828629cad648864f25346d51a1f30ae.png,1024,1024,5585b443af0171fc46b016ca2f6cad207828629cad648864f25346d51a1f30ae,307826d20965826c55bb6263d29a4d12b5f8c7aa2d258896bfc5fa4443ff8468,CC BY 4.0 plus WHOOPS! Dataset License Agreement additional conditions,nlphuji/whoops,cca58d854ee35b6bfbedc14a9155483e89500ae9,5.0.1,12.3.0,sha256(big_endian_uint32(width) || big_endian_uint32(height) || RGB_pixel_bytes_row_major),5585b443af0171fc46b016ca2f6cad207828629cad648864f25346d51a1f30ae,working-tree:660.png,exact_decoded_match,,,,
661,data/raw_images/abnormal/661.png,566a9d4ee3f6a55332c570b80e66c70b237c51584aac9b7dc5c93a429e300bd5,https://whoops-benchmark.s3.amazonaws.com/whoops_images/566a9d4ee3f6a55332c570b80e66c70b237c51584aac9b7dc5c93a429e300bd5.png,1024,1024,566a9d4ee3f6a55332c570b80e66c70b237c51584aac9b7dc5c93a429e300bd5,afb005943437d3c935c26fe066e0f8374856ad655a66ae5098275f0108c5008d,CC BY 4.0 plus WHOOPS! Dataset License Agreement additional conditions,nlphuji/whoops,cca58d854ee35b6bfbedc14a9155483e89500ae9,5.0.1,12.3.0,sha256(big_endian_uint32(width) || big_endian_uint32(height) || RGB_pixel_bytes_row_major),566a9d4ee3f6a55332c570b80e66c70b237c51584aac9b7dc5c93a429e300bd5,working-tree:661.png,exact_decoded_match,,,,
662,data/raw_images/abnormal/662.png,571478372981f3bb17e8d0e5e8599ad518aec34f0a9b61c708289a1d8c3f1fe1,https://whoops-benchmark.s3.amazonaws.com/whoops_images/571478372981f3bb17e8d0e5e8599ad518aec34f0a9b61c708289a1d8c3f1fe1.png,1024,1024,571478372981f3bb17e8d0e5e8599ad518aec34f0a9b61c708289a1d8c3f1fe1,0fe03f580cb76260c2ba3b949842c1a60fe037cbfdcccb54c3dc1469064abb80,CC BY 4.0 plus WHOOPS! Dataset License Agreement additional conditions,nlphuji/whoops,cca58d854ee35b6bfbedc14a9155483e89500ae9,5.0.1,12.3.0,sha256(big_endian_uint32(width) || big_endian_uint32(height) || RGB_pixel_bytes_row_major),571478372981f3bb17e8d0e5e8599ad518aec34f0a9b61c708289a1d8c3f1fe1,working-tree:662.png,exact_decoded_match,,,,
663,data/raw_images/abnormal/663.png,572c0c8249495573d325cbac6c4227f0bf31be7e9be7d34efcc7002e8b1b9f91,https://whoops-benchmark.s3.amazonaws.com/whoops_images/572c0c8249495573d325cbac6c4227f0bf31be7e9be7d34efcc7002e8b1b9f91.png,1024,1024,572c0c8249495573d325cbac6c4227f0bf31be7e9be7d34efcc7002e8b1b9f91,953113552b53258e0a1130ba43b418377733c9f0c6a91602c9908077f2d44585,CC BY 4.0 plus WHOOPS! Dataset License Agreement additional conditions,nlphuji/whoops,cca58d854ee35b6bfbedc14a9155483e89500ae9,5.0.1,12.3.0,sha256(big_endian_uint32(width) || big_endian_uint32(height) || RGB_pixel_bytes_row_major),572c0c8249495573d325cbac6c4227f0bf31be7e9be7d34efcc7002e8b1b9f91,working-tree:663.png,exact_decoded_match,,,,
664,data/raw_images/abnormal/664.png,57ce121e1c260b810bb810d66225c9d374ca54f9adf5a1d6081a3f2580c21ff8,https://whoops-benchmark.s3.amazonaws.com/whoops_images/57ce121e1c260b810bb810d66225c9d374ca54f9adf5a1d6081a3f2580c21ff8.png,1024,1024,57ce121e1c260b810bb810d66225c9d374ca54f9adf5a1d6081a3f2580c21ff8,1c9f86d1ddba3db55c2c31a8655deab18e58af7a81d08c67b3210f9ddc828869,CC BY 4.0 plus WHOOPS! Dataset License Agreement additional conditions,nlphuji/whoops,cca58d854ee35b6bfbedc14a9155483e89500ae9,5.0.1,12.3.0,sha256(big_endian_uint32(width) || big_endian_uint32(height) || RGB_pixel_bytes_row_major),57ce121e1c260b810bb810d66225c9d374ca54f9adf5a1d6081a3f2580c21ff8,working-tree:664.png,exact_decoded_match,,,,
665,data/raw_images/abnormal/665.png,57d1d01b9c3554daab9b5121af265231823bf5d74485614d563be11a37c08f1c,https://whoops-benchmark.s3.amazonaws.com/whoops_images/57d1d01b9c3554daab9b5121af265231823bf5d74485614d563be11a37c08f1c.png,1024,1024,57d1d01b9c3554daab9b5121af265231823bf5d74485614d563be11a37c08f1c,e537e2012ec22a239dd59c100e6e6c2c73a608e99b668bef3aa097c325523ee4,CC BY 4.0 plus WHOOPS! Dataset License Agreement additional conditions,nlphuji/whoops,cca58d854ee35b6bfbedc14a9155483e89500ae9,5.0.1,12.3.0,sha256(big_endian_uint32(width) || big_endian_uint32(height) || RGB_pixel_bytes_row_major),57d1d01b9c3554daab9b5121af265231823bf5d74485614d563be11a37c08f1c,working-tree:665.png,exact_decoded_match,,,,
666,data/raw_images/abnormal/666.png,582e82331b65a084af07336959b5ff6a72dbfebeb1de3dd2219d850552e40f8f,https://whoops-benchmark.s3.amazonaws.com/whoops_images/582e82331b65a084af07336959b5ff6a72dbfebeb1de3dd2219d850552e40f8f.png,1024,1024,582e82331b65a084af07336959b5ff6a72dbfebeb1de3dd2219d850552e40f8f,1e3fe42af4bf3f2c3c06bbdbc73f24ebc8814b2060e4515d46ea1fd85e259c9a,CC BY 4.0 plus WHOOPS! Dataset License Agreement additional conditions,nlphuji/whoops,cca58d854ee35b6bfbedc14a9155483e89500ae9,5.0.1,12.3.0,sha256(big_endian_uint32(width) || big_endian_uint32(height) || RGB_pixel_bytes_row_major),582e82331b65a084af07336959b5ff6a72dbfebeb1de3dd2219d850552e40f8f,working-tree:666.png,exact_decoded_match,,,,
667,data/raw_images/abnormal/667.png,583585d39f185ab38c3d25aad19f9a7c8c4d6286f363fd55520700695682404a,https://whoops-benchmark.s3.amazonaws.com/whoops_images/583585d39f185ab38c3d25aad19f9a7c8c4d6286f363fd55520700695682404a.png,1024,1024,583585d39f185ab38c3d25aad19f9a7c8c4d6286f363fd55520700695682404a,58b23aedcab36f178e5075b4d16fd41c640ff52148b2804fac4e2a4038c03c20,CC BY 4.0 plus WHOOPS! Dataset License Agreement additional conditions,nlphuji/whoops,cca58d854ee35b6bfbedc14a9155483e89500ae9,5.0.1,12.3.0,sha256(big_endian_uint32(width) || big_endian_uint32(height) || RGB_pixel_bytes_row_major),583585d39f185ab38c3d25aad19f9a7c8c4d6286f363fd55520700695682404a,working-tree:667.png,exact_decoded_match,,,,
668,data/raw_images/abnormal/668.png,5846cad5dad4a9591a42a0b005fdee3fdb1be2f4f1a250a40345de741c22210b,https://whoops-benchmark.s3.amazonaws.com/whoops_images/5846cad5dad4a9591a42a0b005fdee3fdb1be2f4f1a250a40345de741c22210b.png,1024,1024,5846cad5dad4a9591a42a0b005fdee3fdb1be2f4f1a250a40345de741c22210b,1b4bee79cac5806a1dffea1b5cdc33be1e0e5e2b7e93b383bdeaa0063c108ac0,CC BY 4.0 plus WHOOPS! Dataset License Agreement additional conditions,nlphuji/whoops,cca58d854ee35b6bfbedc14a9155483e89500ae9,5.0.1,12.3.0,sha256(big_endian_uint32(width) || big_endian_uint32(height) || RGB_pixel_bytes_row_major),5846cad5dad4a9591a42a0b005fdee3fdb1be2f4f1a250a40345de741c22210b,working-tree:668.png,exact_decoded_match,,,,
669,data/raw_images/abnormal/669.png,5952b6ebe10e579079d8446966768ff43118d0816a6961d9960bc713e79a6778,https://whoops-benchmark.s3.amazonaws.com/whoops_images/5952b6ebe10e579079d8446966768ff43118d0816a6961d9960bc713e79a6778.png,1024,1024,5952b6ebe10e579079d8446966768ff43118d0816a6961d9960bc713e79a6778,a0c275cef3453aacf4db591c8026ea46d6cf55125a6bd6cf2b2e9f8743bda421,CC BY 4.0 plus WHOOPS! Dataset License Agreement additional conditions,nlphuji/whoops,cca58d854ee35b6bfbedc14a9155483e89500ae9,5.0.1,12.3.0,sha256(big_endian_uint32(width) || big_endian_uint32(height) || RGB_pixel_bytes_row_major),5952b6ebe10e579079d8446966768ff43118d0816a6961d9960bc713e79a6778,working-tree:669.png,exact_decoded_match,,,,
670,data/raw_images/abnormal/670.png,59e911825f7b17f6d63db4efc5ef8b43c43e223033fadcc15f2aae4b6e7260ab,https://whoops-benchmark.s3.amazonaws.com/whoops_images/59e911825f7b17f6d63db4efc5ef8b43c43e223033fadcc15f2aae4b6e7260ab.png,2560,2560,59e911825f7b17f6d63db4efc5ef8b43c43e223033fadcc15f2aae4b6e7260ab,711f2e63d430bd4f93e0505e9f4487fa33bc3eb9d948ee3480667dc1f3e0ed06,CC BY 4.0 plus WHOOPS! Dataset License Agreement additional conditions,nlphuji/whoops,cca58d854ee35b6bfbedc14a9155483e89500ae9,5.0.1,12.3.0,sha256(big_endian_uint32(width) || big_endian_uint32(height) || RGB_pixel_bytes_row_major),59e911825f7b17f6d63db4efc5ef8b43c43e223033fadcc15f2aae4b6e7260ab,working-tree:670.png,exact_decoded_match,,,,
671,data/raw_images/abnormal/671.png,5b0cca62c8c2407d644f702e6350030e529408b603aa8cdb6334f641cc85a66a,https://whoops-benchmark.s3.amazonaws.com/whoops_images/5b0cca62c8c2407d644f702e6350030e529408b603aa8cdb6334f641cc85a66a.png,1536,1024,5b0cca62c8c2407d644f702e6350030e529408b603aa8cdb6334f641cc85a66a,f31cc8714dfa36cfc5c0f1c4688f8e91cfaaa77aca853e81bc98782ab18389e7,CC BY 4.0 plus WHOOPS! Dataset License Agreement additional conditions,nlphuji/whoops,cca58d854ee35b6bfbedc14a9155483e89500ae9,5.0.1,12.3.0,sha256(big_endian_uint32(width) || big_endian_uint32(height) || RGB_pixel_bytes_row_major),5b0cca62c8c2407d644f702e6350030e529408b603aa8cdb6334f641cc85a66a,working-tree:671.png,exact_decoded_match,,,,
672,data/raw_images/abnormal/672.png,5b16e6c8101254b7366f6d7f0d32fe0a1dd30bb0229c63f70db7d34c9eddaf4d,https://whoops-benchmark.s3.amazonaws.com/whoops_images/5b16e6c8101254b7366f6d7f0d32fe0a1dd30bb0229c63f70db7d34c9eddaf4d.png,1536,1024,5b16e6c8101254b7366f6d7f0d32fe0a1dd30bb0229c63f70db7d34c9eddaf4d,6257b1908fe34ce29d88187c035fbb7fa88c2cb6adc11b7de43dca27f6369b5e,CC BY 4.0 plus WHOOPS! Dataset License Agreement additional conditions,nlphuji/whoops,cca58d854ee35b6bfbedc14a9155483e89500ae9,5.0.1,12.3.0,sha256(big_endian_uint32(width) || big_endian_uint32(height) || RGB_pixel_bytes_row_major),5b16e6c8101254b7366f6d7f0d32fe0a1dd30bb0229c63f70db7d34c9eddaf4d,working-tree:672.png,exact_decoded_match,,,,
673,data/raw_images/abnormal/673.png,5bdd1a38fd3b7da991b292d1dab9e551091ef29d8828ee6343c8f5ea2e968c25,https://whoops-benchmark.s3.amazonaws.com/whoops_images/5bdd1a38fd3b7da991b292d1dab9e551091ef29d8828ee6343c8f5ea2e968c25.png,1024,1024,5bdd1a38fd3b7da991b292d1dab9e551091ef29d8828ee6343c8f5ea2e968c25,0bdbcb79e8379749cb6320e5bc95c57710418b13ae61f34ff0ad05630448ab46,CC BY 4.0 plus WHOOPS! Dataset License Agreement additional conditions,nlphuji/whoops,cca58d854ee35b6bfbedc14a9155483e89500ae9,5.0.1,12.3.0,sha256(big_endian_uint32(width) || big_endian_uint32(height) || RGB_pixel_bytes_row_major),5bdd1a38fd3b7da991b292d1dab9e551091ef29d8828ee6343c8f5ea2e968c25,working-tree:673.png,exact_decoded_match,,,,
674,data/raw_images/abnormal/674.png,5c24a3405ed1a2ebb350526fecec11f6f6ee208c1d35b3d339fd52942c549b40,https://whoops-benchmark.s3.amazonaws.com/whoops_images/5c24a3405ed1a2ebb350526fecec11f6f6ee208c1d35b3d339fd52942c549b40.png,1024,1024,5c24a3405ed1a2ebb350526fecec11f6f6ee208c1d35b3d339fd52942c549b40,db0864b441fcefedc90c98b7d8f2ee3fe86c90c4c6a54eca984e7518ec992f02,CC BY 4.0 plus WHOOPS! Dataset License Agreement additional conditions,nlphuji/whoops,cca58d854ee35b6bfbedc14a9155483e89500ae9,5.0.1,12.3.0,sha256(big_endian_uint32(width) || big_endian_uint32(height) || RGB_pixel_bytes_row_major),5c24a3405ed1a2ebb350526fecec11f6f6ee208c1d35b3d339fd52942c549b40,working-tree:674.png,exact_decoded_match,,,,
675,data/raw_images/abnormal/675.png,5c7e222a2156654b4bb19f55e3438202983e9dc88a40377aa2d4c188b3245233,https://whoops-benchmark.s3.amazonaws.com/whoops_images/5c7e222a2156654b4bb19f55e3438202983e9dc88a40377aa2d4c188b3245233.png,1024,1024,5c7e222a2156654b4bb19f55e3438202983e9dc88a40377aa2d4c188b3245233,c44a58dacaab70f4cacbe0d60154eb5511907ddba9ed52fca2629bce9b04f310,CC BY 4.0 plus WHOOPS! Dataset License Agreement additional conditions,nlphuji/whoops,cca58d854ee35b6bfbedc14a9155483e89500ae9,5.0.1,12.3.0,sha256(big_endian_uint32(width) || big_endian_uint32(height) || RGB_pixel_bytes_row_major),5c7e222a2156654b4bb19f55e3438202983e9dc88a40377aa2d4c188b3245233,working-tree:675.png,exact_decoded_match,,,,
676,data/raw_images/abnormal/676.png,5cdd3a1ed43d4ae3084b2b5f6021693a3b35d7b71af6f5839e4f3f1458b91810,https://whoops-benchmark.s3.amazonaws.com/whoops_images/5cdd3a1ed43d4ae3084b2b5f6021693a3b35d7b71af6f5839e4f3f1458b91810.png,1536,1536,5cdd3a1ed43d4ae3084b2b5f6021693a3b35d7b71af6f5839e4f3f1458b91810,53a68203060600ff23099244417de0883cb78761d702c6a7d6d183757801b649,CC BY 4.0 plus WHOOPS! Dataset License Agreement additional conditions,nlphuji/whoops,cca58d854ee35b6bfbedc14a9155483e89500ae9,5.0.1,12.3.0,sha256(big_endian_uint32(width) || big_endian_uint32(height) || RGB_pixel_bytes_row_major),285e691d7041393c85de243c894c15565317a6c28ab6382086de2d4498ffa0d1,working-tree:676.png,deterministic_transform_verified,resize_max_side_1536_lanczos_floor_dimensions,official_decoded_rgb_sha256=7cb1dd7f1ee4f799b54601bd2de101c4e06f2c1b23ce9c3a1bf8dbb3876ba1db; transformed_decoded_rgb_sha256=53a68203060600ff23099244417de0883cb78761d702c6a7d6d183757801b649; archive_revision=0616dca,5cdd3a1ed43d4ae3084b2b5f6021693a3b35d7b71af6f5839e4f3f1458b91810,7cb1dd7f1ee4f799b54601bd2de101c4e06f2c1b23ce9c3a1bf8dbb3876ba1db
677,data/raw_images/abnormal/677.png,5cf3db1d16be01ed9c0b5305b209323e2fa739bfe4ccc7d9c92de6cbd3d9857a,https://whoops-benchmark.s3.amazonaws.com/whoops_images/5cf3db1d16be01ed9c0b5305b209323e2fa739bfe4ccc7d9c92de6cbd3d9857a.png,1024,1024,5cf3db1d16be01ed9c0b5305b209323e2fa739bfe4ccc7d9c92de6cbd3d9857a,270e11a50b814ca1861cc7855c0865408c1a752ed9aaa00710a42003c58ee190,CC BY 4.0 plus WHOOPS! Dataset License Agreement additional conditions,nlphuji/whoops,cca58d854ee35b6bfbedc14a9155483e89500ae9,5.0.1,12.3.0,sha256(big_endian_uint32(width) || big_endian_uint32(height) || RGB_pixel_bytes_row_major),5cf3db1d16be01ed9c0b5305b209323e2fa739bfe4ccc7d9c92de6cbd3d9857a,working-tree:677.png,exact_decoded_match,,,,
678,data/raw_images/abnormal/678.png,5d73e66d2ecd89371c6256708c53eaa90ef019e3d3b955afb8869e0f906a98e2,https://whoops-benchmark.s3.amazonaws.com/whoops_images/5d73e66d2ecd89371c6256708c53eaa90ef019e3d3b955afb8869e0f906a98e2.png,1024,1024,5d73e66d2ecd89371c6256708c53eaa90ef019e3d3b955afb8869e0f906a98e2,caec41df7bd79014fc23bc8adecb3b9a62217a202e154c5f44b5e88f531e6ebd,CC BY 4.0 plus WHOOPS! Dataset License Agreement additional conditions,nlphuji/whoops,cca58d854ee35b6bfbedc14a9155483e89500ae9,5.0.1,12.3.0,sha256(big_endian_uint32(width) || big_endian_uint32(height) || RGB_pixel_bytes_row_major),5d73e66d2ecd89371c6256708c53eaa90ef019e3d3b955afb8869e0f906a98e2,working-tree:678.png,exact_decoded_match,,,,
679,data/raw_images/abnormal/679.png,5d90accf233bab17275c5693bf0afacadb7d4d43d5a73d29a3a4ad728f3e3ab8,https://whoops-benchmark.s3.amazonaws.com/whoops_images/5d90accf233bab17275c5693bf0afacadb7d4d43d5a73d29a3a4ad728f3e3ab8.png,1024,1024,5d90accf233bab17275c5693bf0afacadb7d4d43d5a73d29a3a4ad728f3e3ab8,b1ddce8376e0d9dc9a11c9c26daf16182b5920f9c514c641bc6c8722f2700758,CC BY 4.0 plus WHOOPS! Dataset License Agreement additional conditions,nlphuji/whoops,cca58d854ee35b6bfbedc14a9155483e89500ae9,5.0.1,12.3.0,sha256(big_endian_uint32(width) || big_endian_uint32(height) || RGB_pixel_bytes_row_major),5d90accf233bab17275c5693bf0afacadb7d4d43d5a73d29a3a4ad728f3e3ab8,working-tree:679.png,exact_decoded_match,,,,
680,data/raw_images/abnormal/680.png,5f352c7b4cc21cb657e44d474a13e66fecf1c51ac8e02bfd94cc6f1766898d14,https://whoops-benchmark.s3.amazonaws.com/whoops_images/5f352c7b4cc21cb657e44d474a13e66fecf1c51ac8e02bfd94cc6f1766898d14.png,1024,1024,5f352c7b4cc21cb657e44d474a13e66fecf1c51ac8e02bfd94cc6f1766898d14,14410c390cea55b36b16ed1508f204bfd0906b1c8ab03085786b960258bf4d91,CC BY 4.0 plus WHOOPS! Dataset License Agreement additional conditions,nlphuji/whoops,cca58d854ee35b6bfbedc14a9155483e89500ae9,5.0.1,12.3.0,sha256(big_endian_uint32(width) || big_endian_uint32(height) || RGB_pixel_bytes_row_major),5f352c7b4cc21cb657e44d474a13e66fecf1c51ac8e02bfd94cc6f1766898d14,working-tree:680.png,exact_decoded_match,,,,
681,data/raw_images/abnormal/681.png,604b85d97be0215b2eabecbb42c15a17790d2486f08c997523076e57a15b33a4,https://whoops-benchmark.s3.amazonaws.com/whoops_images/604b85d97be0215b2eabecbb42c15a17790d2486f08c997523076e57a15b33a4.png,1024,1024,604b85d97be0215b2eabecbb42c15a17790d2486f08c997523076e57a15b33a4,0f7abb44335950a0d8be716e1a76e5d6afbec749adb5a6507cc26c32154f3b63,CC BY 4.0 plus WHOOPS! Dataset License Agreement additional conditions,nlphuji/whoops,cca58d854ee35b6bfbedc14a9155483e89500ae9,5.0.1,12.3.0,sha256(big_endian_uint32(width) || big_endian_uint32(height) || RGB_pixel_bytes_row_major),604b85d97be0215b2eabecbb42c15a17790d2486f08c997523076e57a15b33a4,working-tree:681.png,exact_decoded_match,,,,
682,data/raw_images/abnormal/682.png,6061b9876628d377032216ef326309acbb510846ecf446335c72777160efaef3,https://whoops-benchmark.s3.amazonaws.com/whoops_images/6061b9876628d377032216ef326309acbb510846ecf446335c72777160efaef3.png,1024,1024,6061b9876628d377032216ef326309acbb510846ecf446335c72777160efaef3,d2af5b077fba5eb46c0d252e091d4933444e7dcff70035afd391473cb59e7ce1,CC BY 4.0 plus WHOOPS! Dataset License Agreement additional conditions,nlphuji/whoops,cca58d854ee35b6bfbedc14a9155483e89500ae9,5.0.1,12.3.0,sha256(big_endian_uint32(width) || big_endian_uint32(height) || RGB_pixel_bytes_row_major),6061b9876628d377032216ef326309acbb510846ecf446335c72777160efaef3,working-tree:682.png,exact_decoded_match,,,,
683,data/raw_images/abnormal/683.png,609d583b3a65e96be874c5b23eddd90aebff3609410fac702729699a2db50f92,https://whoops-benchmark.s3.amazonaws.com/whoops_images/609d583b3a65e96be874c5b23eddd90aebff3609410fac702729699a2db50f92.png,1024,1024,609d583b3a65e96be874c5b23eddd90aebff3609410fac702729699a2db50f92,aeb2fc1651af777dc61d0042dae3191503890981e6b16bec171b42010dcf0a86,CC BY 4.0 plus WHOOPS! Dataset License Agreement additional conditions,nlphuji/whoops,cca58d854ee35b6bfbedc14a9155483e89500ae9,5.0.1,12.3.0,sha256(big_endian_uint32(width) || big_endian_uint32(height) || RGB_pixel_bytes_row_major),609d583b3a65e96be874c5b23eddd90aebff3609410fac702729699a2db50f92,working-tree:683.png,exact_decoded_match,,,,
684,data/raw_images/abnormal/684.png,6105027f024223ec692a8813865e853e7339b42f9b71956562f8a7490e361107,https://whoops-benchmark.s3.amazonaws.com/whoops_images/6105027f024223ec692a8813865e853e7339b42f9b71956562f8a7490e361107.png,1024,1024,6105027f024223ec692a8813865e853e7339b42f9b71956562f8a7490e361107,e7bcdfe021565a8aa8304b1ba66dafb37763ccee279a40ac3d42cb432ddc97a1,CC BY 4.0 plus WHOOPS! Dataset License Agreement additional conditions,nlphuji/whoops,cca58d854ee35b6bfbedc14a9155483e89500ae9,5.0.1,12.3.0,sha256(big_endian_uint32(width) || big_endian_uint32(height) || RGB_pixel_bytes_row_major),6105027f024223ec692a8813865e853e7339b42f9b71956562f8a7490e361107,working-tree:684.png,exact_decoded_match,,,,
685,data/raw_images/abnormal/685.png,618a5258627a65c5cb7c09f077a2f0ad980094cfab4851ade9217056e2f2fd43,https://whoops-benchmark.s3.amazonaws.com/whoops_images/618a5258627a65c5cb7c09f077a2f0ad980094cfab4851ade9217056e2f2fd43.png,774,774,618a5258627a65c5cb7c09f077a2f0ad980094cfab4851ade9217056e2f2fd43,3db5dc4002bd8509d9a234e55dbf6bac59a92167c91a303824155fe21f37b20b,CC BY 4.0 plus WHOOPS! Dataset License Agreement additional conditions,nlphuji/whoops,cca58d854ee35b6bfbedc14a9155483e89500ae9,5.0.1,12.3.0,sha256(big_endian_uint32(width) || big_endian_uint32(height) || RGB_pixel_bytes_row_major),618a5258627a65c5cb7c09f077a2f0ad980094cfab4851ade9217056e2f2fd43,working-tree:685.png,exact_decoded_match,,,,
686,data/raw_images/abnormal/686.png,6296099ff15501722e810095451c1bc837348c36cb7e7fc004a9a01ad9100846,https://whoops-benchmark.s3.amazonaws.com/whoops_images/6296099ff15501722e810095451c1bc837348c36cb7e7fc004a9a01ad9100846.png,1242,1242,6296099ff15501722e810095451c1bc837348c36cb7e7fc004a9a01ad9100846,a7bfa8c7da625c4e559860965ca41a220530b1b867d0c08e42fd4382c578955c,CC BY 4.0 plus WHOOPS! Dataset License Agreement additional conditions,nlphuji/whoops,cca58d854ee35b6bfbedc14a9155483e89500ae9,5.0.1,12.3.0,sha256(big_endian_uint32(width) || big_endian_uint32(height) || RGB_pixel_bytes_row_major),6296099ff15501722e810095451c1bc837348c36cb7e7fc004a9a01ad9100846,working-tree:686.png,exact_decoded_match,,,,
687,data/raw_images/abnormal/687.png,62b50b2e649d8572caae81389e9f93aed3af01bb17869772ce99c76adb4dadfd,https://whoops-benchmark.s3.amazonaws.com/whoops_images/62b50b2e649d8572caae81389e9f93aed3af01bb17869772ce99c76adb4dadfd.png,1024,1024,62b50b2e649d8572caae81389e9f93aed3af01bb17869772ce99c76adb4dadfd,07ca6f1fa9269382f3121c5aa9af8b7c8b93e42c35cfd1c22a2868c062b3379c,CC BY 4.0 plus WHOOPS! Dataset License Agreement additional conditions,nlphuji/whoops,cca58d854ee35b6bfbedc14a9155483e89500ae9,5.0.1,12.3.0,sha256(big_endian_uint32(width) || big_endian_uint32(height) || RGB_pixel_bytes_row_major),62b50b2e649d8572caae81389e9f93aed3af01bb17869772ce99c76adb4dadfd,working-tree:687.png,exact_decoded_match,,,,
688,data/raw_images/abnormal/688.png,644c3fcfd92333d5c7613cf889f23d5dc0d2d4fcbe3871ab8d1f6cf73db9eb33,https://whoops-benchmark.s3.amazonaws.com/whoops_images/644c3fcfd92333d5c7613cf889f23d5dc0d2d4fcbe3871ab8d1f6cf73db9eb33.png,1024,1024,644c3fcfd92333d5c7613cf889f23d5dc0d2d4fcbe3871ab8d1f6cf73db9eb33,d9c103056fd4b11a80d05391f833875acb40da8fe97d4c63cce847b5837e60db,CC BY 4.0 plus WHOOPS! Dataset License Agreement additional conditions,nlphuji/whoops,cca58d854ee35b6bfbedc14a9155483e89500ae9,5.0.1,12.3.0,sha256(big_endian_uint32(width) || big_endian_uint32(height) || RGB_pixel_bytes_row_major),644c3fcfd92333d5c7613cf889f23d5dc0d2d4fcbe3871ab8d1f6cf73db9eb33,working-tree:688.png,exact_decoded_match,,,,
689,data/raw_images/abnormal/689.png,665a4cbd790bc16c57af0a52eb4e29afa2bafeced30badecfe40471d29429b77,https://whoops-benchmark.s3.amazonaws.com/whoops_images/665a4cbd790bc16c57af0a52eb4e29afa2bafeced30badecfe40471d29429b77.png,1536,1536,665a4cbd790bc16c57af0a52eb4e29afa2bafeced30badecfe40471d29429b77,9cfe40fe0fa512c7f723645deb9eece3e69eaf1838842387fb2414efaac430f3,CC BY 4.0 plus WHOOPS! Dataset License Agreement additional conditions,nlphuji/whoops,cca58d854ee35b6bfbedc14a9155483e89500ae9,5.0.1,12.3.0,sha256(big_endian_uint32(width) || big_endian_uint32(height) || RGB_pixel_bytes_row_major),dad5c7362531774dc2e8ddad224d02caea7cc23471a3f589cd45e41dc8f61534,working-tree:689.png,deterministic_transform_verified,resize_max_side_1536_lanczos_floor_dimensions,official_decoded_rgb_sha256=9cf771530aea3a9764a1db8adf49a2af97360c5e0e558c351f266ad59cd7d71c; transformed_decoded_rgb_sha256=9cfe40fe0fa512c7f723645deb9eece3e69eaf1838842387fb2414efaac430f3; archive_revision=0616dca,665a4cbd790bc16c57af0a52eb4e29afa2bafeced30badecfe40471d29429b77,9cf771530aea3a9764a1db8adf49a2af97360c5e0e558c351f266ad59cd7d71c
690,data/raw_images/abnormal/690.png,667e4803861959f8d70ee7dd86a8103716d3fa1cc4852ece20c19d66113aba8c,https://whoops-benchmark.s3.amazonaws.com/whoops_images/667e4803861959f8d70ee7dd86a8103716d3fa1cc4852ece20c19d66113aba8c.png,1024,1024,667e4803861959f8d70ee7dd86a8103716d3fa1cc4852ece20c19d66113aba8c,a623963d8e2e7db1074bcc7dbebb73ce12b05e97ffe03fdbe5afa39769f8acd0,CC BY 4.0 plus WHOOPS! Dataset License Agreement additional conditions,nlphuji/whoops,cca58d854ee35b6bfbedc14a9155483e89500ae9,5.0.1,12.3.0,sha256(big_endian_uint32(width) || big_endian_uint32(height) || RGB_pixel_bytes_row_major),667e4803861959f8d70ee7dd86a8103716d3fa1cc4852ece20c19d66113aba8c,working-tree:690.png,exact_decoded_match,,,,
691,data/raw_images/abnormal/691.png,66b39b77dc3c5d0e04a21167ec3f8eac54a5c3d933b40145694e299e364eb1de,https://whoops-benchmark.s3.amazonaws.com/whoops_images/66b39b77dc3c5d0e04a21167ec3f8eac54a5c3d933b40145694e299e364eb1de.png,1024,1024,66b39b77dc3c5d0e04a21167ec3f8eac54a5c3d933b40145694e299e364eb1de,2eb499f7b65b3ffad73ae8df938a76fcc74eaa4357779e28f8edd53241b5c0a8,CC BY 4.0 plus WHOOPS! Dataset License Agreement additional conditions,nlphuji/whoops,cca58d854ee35b6bfbedc14a9155483e89500ae9,5.0.1,12.3.0,sha256(big_endian_uint32(width) || big_endian_uint32(height) || RGB_pixel_bytes_row_major),66b39b77dc3c5d0e04a21167ec3f8eac54a5c3d933b40145694e299e364eb1de,working-tree:691.png,exact_decoded_match,,,,
692,data/raw_images/abnormal/692.png,6883646c27c233a185118fc28f0af913e0541d184c0e8c558dfb9b34f4ef34fb,https://whoops-benchmark.s3.amazonaws.com/whoops_images/6883646c27c233a185118fc28f0af913e0541d184c0e8c558dfb9b34f4ef34fb.png,1024,1024,6883646c27c233a185118fc28f0af913e0541d184c0e8c558dfb9b34f4ef34fb,cdc5744c960a0505a140b7b4f2b83b3b7d78a23c6fd189bae48b2be02c431b3f,CC BY 4.0 plus WHOOPS! Dataset License Agreement additional conditions,nlphuji/whoops,cca58d854ee35b6bfbedc14a9155483e89500ae9,5.0.1,12.3.0,sha256(big_endian_uint32(width) || big_endian_uint32(height) || RGB_pixel_bytes_row_major),6883646c27c233a185118fc28f0af913e0541d184c0e8c558dfb9b34f4ef34fb,working-tree:692.png,exact_decoded_match,,,,
693,data/raw_images/abnormal/693.png,68ce42fc0843f59e0d55b708b3c04ce550b361c27c7aebabec491222b5bcdcbb,https://whoops-benchmark.s3.amazonaws.com/whoops_images/68ce42fc0843f59e0d55b708b3c04ce550b361c27c7aebabec491222b5bcdcbb.png,1024,1024,68ce42fc0843f59e0d55b708b3c04ce550b361c27c7aebabec491222b5bcdcbb,9f3cc47f870d17ddba9bb0f8c3a20467d7517d9a792adcbac754d325a085d5ce,CC BY 4.0 plus WHOOPS! Dataset License Agreement additional conditions,nlphuji/whoops,cca58d854ee35b6bfbedc14a9155483e89500ae9,5.0.1,12.3.0,sha256(big_endian_uint32(width) || big_endian_uint32(height) || RGB_pixel_bytes_row_major),68ce42fc0843f59e0d55b708b3c04ce550b361c27c7aebabec491222b5bcdcbb,working-tree:693.png,exact_decoded_match,,,,
694,data/raw_images/abnormal/694.png,69bfc492c4213e24aaca66bc2b553867353db1c2044d5ac3c3be0147f0033a3f,https://whoops-benchmark.s3.amazonaws.com/whoops_images/69bfc492c4213e24aaca66bc2b553867353db1c2044d5ac3c3be0147f0033a3f.png,2048,2048,69bfc492c4213e24aaca66bc2b553867353db1c2044d5ac3c3be0147f0033a3f,ee2b00a10253e08c6b1bad607da3a21041715b6b33b332b30a644a663b208c35,CC BY 4.0 plus WHOOPS! Dataset License Agreement additional conditions,nlphuji/whoops,cca58d854ee35b6bfbedc14a9155483e89500ae9,5.0.1,12.3.0,sha256(big_endian_uint32(width) || big_endian_uint32(height) || RGB_pixel_bytes_row_major),69bfc492c4213e24aaca66bc2b553867353db1c2044d5ac3c3be0147f0033a3f,working-tree:694.png,exact_decoded_match,,,,
695,data/raw_images/abnormal/695.png,69f53b1316e54de81ee7338127527b1dfaaf96317ee1ca97eed6e00ae9605cea,https://whoops-benchmark.s3.amazonaws.com/whoops_images/69f53b1316e54de81ee7338127527b1dfaaf96317ee1ca97eed6e00ae9605cea.png,774,774,69f53b1316e54de81ee7338127527b1dfaaf96317ee1ca97eed6e00ae9605cea,f48ecd3bfe3c1b4d3fcb7f73c79795e09fa67e5cba33505b3ae673f34b1024a0,CC BY 4.0 plus WHOOPS! Dataset License Agreement additional conditions,nlphuji/whoops,cca58d854ee35b6bfbedc14a9155483e89500ae9,5.0.1,12.3.0,sha256(big_endian_uint32(width) || big_endian_uint32(height) || RGB_pixel_bytes_row_major),69f53b1316e54de81ee7338127527b1dfaaf96317ee1ca97eed6e00ae9605cea,working-tree:695.png,exact_decoded_match,,,,
696,data/raw_images/abnormal/696.png,6a18896a3f6dded56db8a9a11efbd076a8445bd1d7f8453ec3794aa936bba5bf,https://whoops-benchmark.s3.amazonaws.com/whoops_images/6a18896a3f6dded56db8a9a11efbd076a8445bd1d7f8453ec3794aa936bba5bf.png,1024,1024,6a18896a3f6dded56db8a9a11efbd076a8445bd1d7f8453ec3794aa936bba5bf,af2a6255e0195064c6c6e9b5d7c330999df4bb820958a2ec25d366dad2886c27,CC BY 4.0 plus WHOOPS! Dataset License Agreement additional conditions,nlphuji/whoops,cca58d854ee35b6bfbedc14a9155483e89500ae9,5.0.1,12.3.0,sha256(big_endian_uint32(width) || big_endian_uint32(height) || RGB_pixel_bytes_row_major),6a18896a3f6dded56db8a9a11efbd076a8445bd1d7f8453ec3794aa936bba5bf,working-tree:696.png,exact_decoded_match,,,,
697,data/raw_images/abnormal/697.png,6a28dbd375c0967003887395f8a85ba1879b7835346f20c2d63c8f4e2a075a1d,https://whoops-benchmark.s3.amazonaws.com/whoops_images/6a28dbd375c0967003887395f8a85ba1879b7835346f20c2d63c8f4e2a075a1d.png,1262,1262,6a28dbd375c0967003887395f8a85ba1879b7835346f20c2d63c8f4e2a075a1d,051157a9bad6893cb437db3c22ce377f50617034c434aaad7d0359ecf63c0ebd,CC BY 4.0 plus WHOOPS! Dataset License Agreement additional conditions,nlphuji/whoops,cca58d854ee35b6bfbedc14a9155483e89500ae9,5.0.1,12.3.0,sha256(big_endian_uint32(width) || big_endian_uint32(height) || RGB_pixel_bytes_row_major),6a28dbd375c0967003887395f8a85ba1879b7835346f20c2d63c8f4e2a075a1d,working-tree:697.png,exact_decoded_match,,,,
698,data/raw_images/abnormal/698.png,6a2a841a238f35d83347e53b7acf0010e7734a27cbb4a3f19119e889a2c64afb,https://whoops-benchmark.s3.amazonaws.com/whoops_images/6a2a841a238f35d83347e53b7acf0010e7734a27cbb4a3f19119e889a2c64afb.png,1024,1024,6a2a841a238f35d83347e53b7acf0010e7734a27cbb4a3f19119e889a2c64afb,8829a1ebe0a866a0e60b4e5cda8d9c3307123b1d2591434ecc4bd7274584d7a3,CC BY 4.0 plus WHOOPS! Dataset License Agreement additional conditions,nlphuji/whoops,cca58d854ee35b6bfbedc14a9155483e89500ae9,5.0.1,12.3.0,sha256(big_endian_uint32(width) || big_endian_uint32(height) || RGB_pixel_bytes_row_major),6a2a841a238f35d83347e53b7acf0010e7734a27cbb4a3f19119e889a2c64afb,working-tree:698.png,exact_decoded_match,,,,
699,data/raw_images/abnormal/699.png,6b96582a58593c2b5f61e51bd6d1df58f18429e276b16d69e442516e980f0701,https://whoops-benchmark.s3.amazonaws.com/whoops_images/6b96582a58593c2b5f61e51bd6d1df58f18429e276b16d69e442516e980f0701.png,1024,1024,6b96582a58593c2b5f61e51bd6d1df58f18429e276b16d69e442516e980f0701,abff19e9a1d2c3b56d7148b700fbbc9bb41701c421088d7ee705710118a64674,CC BY 4.0 plus WHOOPS! Dataset License Agreement additional conditions,nlphuji/whoops,cca58d854ee35b6bfbedc14a9155483e89500ae9,5.0.1,12.3.0,sha256(big_endian_uint32(width) || big_endian_uint32(height) || RGB_pixel_bytes_row_major),6b96582a58593c2b5f61e51bd6d1df58f18429e276b16d69e442516e980f0701,working-tree:699.png,exact_decoded_match,,,,
700,data/raw_images/abnormal/700.png,6c5c8c71f0a1a84d8e3b65fba3029a4ab7dd379b49d3468a5b8ab0afed06b27d,https://whoops-benchmark.s3.amazonaws.com/whoops_images/6c5c8c71f0a1a84d8e3b65fba3029a4ab7dd379b49d3468a5b8ab0afed06b27d.png,1024,1024,6c5c8c71f0a1a84d8e3b65fba3029a4ab7dd379b49d3468a5b8ab0afed06b27d,2fec3f3291da755ea9803d1abc7ed829d78a0b82d2fb33873abc7984a05bac22,CC BY 4.0 plus WHOOPS! Dataset License Agreement additional conditions,nlphuji/whoops,cca58d854ee35b6bfbedc14a9155483e89500ae9,5.0.1,12.3.0,sha256(big_endian_uint32(width) || big_endian_uint32(height) || RGB_pixel_bytes_row_major),6c5c8c71f0a1a84d8e3b65fba3029a4ab7dd379b49d3468a5b8ab0afed06b27d,working-tree:700.png,exact_decoded_match,,,,
701,data/raw_images/abnormal/701.png,6c5dad169777f3ed54edfbb96583148275f2a547f5646e5de74bdd97ac89d7b3,https://whoops-benchmark.s3.amazonaws.com/whoops_images/6c5dad169777f3ed54edfbb96583148275f2a547f5646e5de74bdd97ac89d7b3.png,1024,1024,6c5dad169777f3ed54edfbb96583148275f2a547f5646e5de74bdd97ac89d7b3,9e9e3aa2e3362645a91401ec04da4ba3f1c94a72056188e005c0a10935777564,CC BY 4.0 plus WHOOPS! Dataset License Agreement additional conditions,nlphuji/whoops,cca58d854ee35b6bfbedc14a9155483e89500ae9,5.0.1,12.3.0,sha256(big_endian_uint32(width) || big_endian_uint32(height) || RGB_pixel_bytes_row_major),6c5dad169777f3ed54edfbb96583148275f2a547f5646e5de74bdd97ac89d7b3,working-tree:701.png,exact_decoded_match,,,,
702,data/raw_images/abnormal/702.png,6db9d42ba65709e67a8f0066dc3db811209ca5a2dd76f3b47e38edcecd5bdfbd,https://whoops-benchmark.s3.amazonaws.com/whoops_images/6db9d42ba65709e67a8f0066dc3db811209ca5a2dd76f3b47e38edcecd5bdfbd.png,1560,1560,6db9d42ba65709e67a8f0066dc3db811209ca5a2dd76f3b47e38edcecd5bdfbd,93ad329ccab3609902f4b37ee712466e93dffcf171b8eefa13ac69c73562c915,CC BY 4.0 plus WHOOPS! Dataset License Agreement additional conditions,nlphuji/whoops,cca58d854ee35b6bfbedc14a9155483e89500ae9,5.0.1,12.3.0,sha256(big_endian_uint32(width) || big_endian_uint32(height) || RGB_pixel_bytes_row_major),6db9d42ba65709e67a8f0066dc3db811209ca5a2dd76f3b47e38edcecd5bdfbd,working-tree:702.png,exact_decoded_match,,,,
703,data/raw_images/abnormal/703.png,6e3d98b94e33acb2a1981898c26e713b2c9848cf213187b82ab3be25cf24d482,https://whoops-benchmark.s3.amazonaws.com/whoops_images/6e3d98b94e33acb2a1981898c26e713b2c9848cf213187b82ab3be25cf24d482.png,1024,1024,6e3d98b94e33acb2a1981898c26e713b2c9848cf213187b82ab3be25cf24d482,9b4e1c9da8ee649c1a563ed6f2e2e613f89953d63b5d4d4512679bad0f370e47,CC BY 4.0 plus WHOOPS! Dataset License Agreement additional conditions,nlphuji/whoops,cca58d854ee35b6bfbedc14a9155483e89500ae9,5.0.1,12.3.0,sha256(big_endian_uint32(width) || big_endian_uint32(height) || RGB_pixel_bytes_row_major),6e3d98b94e33acb2a1981898c26e713b2c9848cf213187b82ab3be25cf24d482,working-tree:703.png,exact_decoded_match,,,,
704,data/raw_images/abnormal/704.png,6eb618be3a08c9b0b26f888357092d94312ce7a0570f3392c2f847146b5f48d0,https://whoops-benchmark.s3.amazonaws.com/whoops_images/6eb618be3a08c9b0b26f888357092d94312ce7a0570f3392c2f847146b5f48d0.png,1536,1536,6eb618be3a08c9b0b26f888357092d94312ce7a0570f3392c2f847146b5f48d0,24919281c314c323aaa43ece4f501d19928cb4817a78496d3874a79a0a6b6ac9,CC BY 4.0 plus WHOOPS! Dataset License Agreement additional conditions,nlphuji/whoops,cca58d854ee35b6bfbedc14a9155483e89500ae9,5.0.1,12.3.0,sha256(big_endian_uint32(width) || big_endian_uint32(height) || RGB_pixel_bytes_row_major),6eb618be3a08c9b0b26f888357092d94312ce7a0570f3392c2f847146b5f48d0,working-tree:704.png,exact_decoded_match,,,,
705,data/raw_images/abnormal/705.png,6f79be5dfed040061ba8e97c14e3b1e5d68f814f02632b4039f9bba311f3a775,https://whoops-benchmark.s3.amazonaws.com/whoops_images/6f79be5dfed040061ba8e97c14e3b1e5d68f814f02632b4039f9bba311f3a775.png,1024,1024,6f79be5dfed040061ba8e97c14e3b1e5d68f814f02632b4039f9bba311f3a775,23af82b75a61c91057a17681e0103539ad1846afe24067cc5bfb1e4669ffdb24,CC BY 4.0 plus WHOOPS! Dataset License Agreement additional conditions,nlphuji/whoops,cca58d854ee35b6bfbedc14a9155483e89500ae9,5.0.1,12.3.0,sha256(big_endian_uint32(width) || big_endian_uint32(height) || RGB_pixel_bytes_row_major),6f79be5dfed040061ba8e97c14e3b1e5d68f814f02632b4039f9bba311f3a775,working-tree:705.png,exact_decoded_match,,,,
706,data/raw_images/abnormal/706.png,700c5f042cb0d91c518668bad797bdb7eab611a20a6121e2a59e89b260c2777c,https://whoops-benchmark.s3.amazonaws.com/whoops_images/700c5f042cb0d91c518668bad797bdb7eab611a20a6121e2a59e89b260c2777c.png,1024,1024,700c5f042cb0d91c518668bad797bdb7eab611a20a6121e2a59e89b260c2777c,18c9ca01720805d069b1d87eca07cb1ae7c861768968c18c23a67ccb305824a0,CC BY 4.0 plus WHOOPS! Dataset License Agreement additional conditions,nlphuji/whoops,cca58d854ee35b6bfbedc14a9155483e89500ae9,5.0.1,12.3.0,sha256(big_endian_uint32(width) || big_endian_uint32(height) || RGB_pixel_bytes_row_major),700c5f042cb0d91c518668bad797bdb7eab611a20a6121e2a59e89b260c2777c,working-tree:706.png,exact_decoded_match,,,,
707,data/raw_images/abnormal/707.png,70290c81d22a8d53062dd46588f51d5f1e013355f25a6a4160d8c8eec2404817,https://whoops-benchmark.s3.amazonaws.com/whoops_images/70290c81d22a8d53062dd46588f51d5f1e013355f25a6a4160d8c8eec2404817.png,1536,1024,70290c81d22a8d53062dd46588f51d5f1e013355f25a6a4160d8c8eec2404817,6d4259a752148b01e8e885329c31463e5642a5ae74f5a1d3d7c77a3744895075,CC BY 4.0 plus WHOOPS! Dataset License Agreement additional conditions,nlphuji/whoops,cca58d854ee35b6bfbedc14a9155483e89500ae9,5.0.1,12.3.0,sha256(big_endian_uint32(width) || big_endian_uint32(height) || RGB_pixel_bytes_row_major),b1f61fb85987ac3c7983d14b6f8f4f7885ca130cea88dc8052e7cba8dee676e0,working-tree:707.png,deterministic_transform_verified,resize_max_side_1536_lanczos_floor_dimensions,official_decoded_rgb_sha256=74b3b65b8cbb8586dc4f243b55cc12ffaa1cd911faaacb2be8ca7a56915ebe9e; transformed_decoded_rgb_sha256=6d4259a752148b01e8e885329c31463e5642a5ae74f5a1d3d7c77a3744895075; archive_revision=0616dca,70290c81d22a8d53062dd46588f51d5f1e013355f25a6a4160d8c8eec2404817,74b3b65b8cbb8586dc4f243b55cc12ffaa1cd911faaacb2be8ca7a56915ebe9e
708,data/raw_images/abnormal/708.png,712a29029099a1a4a85139666a6d6062407eb4511fa0d48789001413678ac91a,https://whoops-benchmark.s3.amazonaws.com/whoops_images/712a29029099a1a4a85139666a6d6062407eb4511fa0d48789001413678ac91a.png,2048,2048,712a29029099a1a4a85139666a6d6062407eb4511fa0d48789001413678ac91a,85c75b4b15901c240b88f16930a00efb71328bcf7ddc92b737202269f27001eb,CC BY 4.0 plus WHOOPS! Dataset License Agreement additional conditions,nlphuji/whoops,cca58d854ee35b6bfbedc14a9155483e89500ae9,5.0.1,12.3.0,sha256(big_endian_uint32(width) || big_endian_uint32(height) || RGB_pixel_bytes_row_major),712a29029099a1a4a85139666a6d6062407eb4511fa0d48789001413678ac91a,working-tree:708.png,exact_decoded_match,,,,
709,data/raw_images/abnormal/709.png,7131ea718f88a702b2f5e4070d062f90b3edacc24f69bdb60909049eb3d40306,https://whoops-benchmark.s3.amazonaws.com/whoops_images/7131ea718f88a702b2f5e4070d062f90b3edacc24f69bdb60909049eb3d40306.png,1024,1024,7131ea718f88a702b2f5e4070d062f90b3edacc24f69bdb60909049eb3d40306,332f843d70a26d785d0630111389441737ff0b4f1f62c41befad83ab05498ea9,CC BY 4.0 plus WHOOPS! Dataset License Agreement additional conditions,nlphuji/whoops,cca58d854ee35b6bfbedc14a9155483e89500ae9,5.0.1,12.3.0,sha256(big_endian_uint32(width) || big_endian_uint32(height) || RGB_pixel_bytes_row_major),7131ea718f88a702b2f5e4070d062f90b3edacc24f69bdb60909049eb3d40306,working-tree:709.png,exact_decoded_match,,,,
710,data/raw_images/abnormal/710.png,71ece5f63643d10d57da478998f78e4746da5dcf8ab0d264b6b6fb0ac9903667,https://whoops-benchmark.s3.amazonaws.com/whoops_images/71ece5f63643d10d57da478998f78e4746da5dcf8ab0d264b6b6fb0ac9903667.png,1024,1024,71ece5f63643d10d57da478998f78e4746da5dcf8ab0d264b6b6fb0ac9903667,701e64f4b4d479b4addb55b028bb58ef18148ed8f513faedaa847c311fb7119a,CC BY 4.0 plus WHOOPS! Dataset License Agreement additional conditions,nlphuji/whoops,cca58d854ee35b6bfbedc14a9155483e89500ae9,5.0.1,12.3.0,sha256(big_endian_uint32(width) || big_endian_uint32(height) || RGB_pixel_bytes_row_major),71ece5f63643d10d57da478998f78e4746da5dcf8ab0d264b6b6fb0ac9903667,working-tree:710.png,exact_decoded_match,,,,
711,data/raw_images/abnormal/711.png,737d28063eb7582a6955a0ea6c3f4902ab02b8c10e24715f98e21f16b163b500,https://whoops-benchmark.s3.amazonaws.com/whoops_images/737d28063eb7582a6955a0ea6c3f4902ab02b8c10e24715f98e21f16b163b500.png,1024,1024,737d28063eb7582a6955a0ea6c3f4902ab02b8c10e24715f98e21f16b163b500,5dd2d34f77f6009d442a91686bbdc729a92074326ce8513028c8378978c6740c,CC BY 4.0 plus WHOOPS! Dataset License Agreement additional conditions,nlphuji/whoops,cca58d854ee35b6bfbedc14a9155483e89500ae9,5.0.1,12.3.0,sha256(big_endian_uint32(width) || big_endian_uint32(height) || RGB_pixel_bytes_row_major),737d28063eb7582a6955a0ea6c3f4902ab02b8c10e24715f98e21f16b163b500,working-tree:711.png,exact_decoded_match,,,,
712,data/raw_images/abnormal/712.png,73abbb30ccced9d81d0142f5b4a173f9ccf2f389e61cb96c6bbb086d2f6d41c3,https://whoops-benchmark.s3.amazonaws.com/whoops_images/73abbb30ccced9d81d0142f5b4a173f9ccf2f389e61cb96c6bbb086d2f6d41c3.png,1024,1024,73abbb30ccced9d81d0142f5b4a173f9ccf2f389e61cb96c6bbb086d2f6d41c3,3e7ee0a2ed30e31992e0075232a82f197272be4256baad3607440a297026e2ee,CC BY 4.0 plus WHOOPS! Dataset License Agreement additional conditions,nlphuji/whoops,cca58d854ee35b6bfbedc14a9155483e89500ae9,5.0.1,12.3.0,sha256(big_endian_uint32(width) || big_endian_uint32(height) || RGB_pixel_bytes_row_major),73abbb30ccced9d81d0142f5b4a173f9ccf2f389e61cb96c6bbb086d2f6d41c3,working-tree:712.png,exact_decoded_match,,,,
713,data/raw_images/abnormal/713.png,73f0539bd8fba46b86f3d6a9788681a5d1e03a9cf730f63dee57c573c7c95c10,https://whoops-benchmark.s3.amazonaws.com/whoops_images/73f0539bd8fba46b86f3d6a9788681a5d1e03a9cf730f63dee57c573c7c95c10.png,1024,1024,73f0539bd8fba46b86f3d6a9788681a5d1e03a9cf730f63dee57c573c7c95c10,f725d26f47db8d3bafbc7c332476d7206f5eb4e70a222bdb2b1dd5221e7b5b96,CC BY 4.0 plus WHOOPS! Dataset License Agreement additional conditions,nlphuji/whoops,cca58d854ee35b6bfbedc14a9155483e89500ae9,5.0.1,12.3.0,sha256(big_endian_uint32(width) || big_endian_uint32(height) || RGB_pixel_bytes_row_major),73f0539bd8fba46b86f3d6a9788681a5d1e03a9cf730f63dee57c573c7c95c10,working-tree:713.png,exact_decoded_match,,,,
714,data/raw_images/abnormal/714.png,7425b79979448459a654c7695517aa9e2623235b37df437022fad2b4ab6e4aeb,https://whoops-benchmark.s3.amazonaws.com/whoops_images/7425b79979448459a654c7695517aa9e2623235b37df437022fad2b4ab6e4aeb.png,1024,1024,7425b79979448459a654c7695517aa9e2623235b37df437022fad2b4ab6e4aeb,0a0861f83192367c77f1a444a47eb3cc089d6e9e3548cd45289bf987c0c4fa7e,CC BY 4.0 plus WHOOPS! Dataset License Agreement additional conditions,nlphuji/whoops,cca58d854ee35b6bfbedc14a9155483e89500ae9,5.0.1,12.3.0,sha256(big_endian_uint32(width) || big_endian_uint32(height) || RGB_pixel_bytes_row_major),7425b79979448459a654c7695517aa9e2623235b37df437022fad2b4ab6e4aeb,working-tree:714.png,exact_decoded_match,,,,
715,data/raw_images/abnormal/715.png,74ba332455c25ac0bd962464b4055b514003086e4147a3374dfdd2d0fac09007,https://whoops-benchmark.s3.amazonaws.com/whoops_images/74ba332455c25ac0bd962464b4055b514003086e4147a3374dfdd2d0fac09007.png,1024,1024,74ba332455c25ac0bd962464b4055b514003086e4147a3374dfdd2d0fac09007,da3f115ec0fd438b99181847ed9a008d39f580dff515846d8d5117c938d25c0a,CC BY 4.0 plus WHOOPS! Dataset License Agreement additional conditions,nlphuji/whoops,cca58d854ee35b6bfbedc14a9155483e89500ae9,5.0.1,12.3.0,sha256(big_endian_uint32(width) || big_endian_uint32(height) || RGB_pixel_bytes_row_major),74ba332455c25ac0bd962464b4055b514003086e4147a3374dfdd2d0fac09007,working-tree:715.png,exact_decoded_match,,,,
716,data/raw_images/abnormal/716.png,75c5fd43e2f3a6b0d09df4b4602271874fcc37ac1cd9e0343484f95177020214,https://whoops-benchmark.s3.amazonaws.com/whoops_images/75c5fd43e2f3a6b0d09df4b4602271874fcc37ac1cd9e0343484f95177020214.png,1024,1024,75c5fd43e2f3a6b0d09df4b4602271874fcc37ac1cd9e0343484f95177020214,dc5a47092f15b62907e719b205ab6a3de75fd98941a657c9f833295bd61b8bba,CC BY 4.0 plus WHOOPS! Dataset License Agreement additional conditions,nlphuji/whoops,cca58d854ee35b6bfbedc14a9155483e89500ae9,5.0.1,12.3.0,sha256(big_endian_uint32(width) || big_endian_uint32(height) || RGB_pixel_bytes_row_major),75c5fd43e2f3a6b0d09df4b4602271874fcc37ac1cd9e0343484f95177020214,working-tree:716.png,exact_decoded_match,,,,
717,data/raw_images/abnormal/717.png,75f2a6d61f3c68a6013a97d985b2689ee533df37c33e4fb284a17ddc0893b3ac,https://whoops-benchmark.s3.amazonaws.com/whoops_images/75f2a6d61f3c68a6013a97d985b2689ee533df37c33e4fb284a17ddc0893b3ac.png,1024,1024,75f2a6d61f3c68a6013a97d985b2689ee533df37c33e4fb284a17ddc0893b3ac,d0f419b6fa749ec59d578a4d8c46fc3aa15468064b163e31217240e51e5d4be9,CC BY 4.0 plus WHOOPS! Dataset License Agreement additional conditions,nlphuji/whoops,cca58d854ee35b6bfbedc14a9155483e89500ae9,5.0.1,12.3.0,sha256(big_endian_uint32(width) || big_endian_uint32(height) || RGB_pixel_bytes_row_major),75f2a6d61f3c68a6013a97d985b2689ee533df37c33e4fb284a17ddc0893b3ac,working-tree:717.png,exact_decoded_match,,,,
718,data/raw_images/abnormal/718.png,7605ff0e00bb835e76282169103fbb50f449489308da8a699ef483b7befd7528,https://whoops-benchmark.s3.amazonaws.com/whoops_images/7605ff0e00bb835e76282169103fbb50f449489308da8a699ef483b7befd7528.png,1024,1024,7605ff0e00bb835e76282169103fbb50f449489308da8a699ef483b7befd7528,77e312c12f58533a9c3ce54858705c72fe7bfdea5a92b9d1d4ff7564f967c83a,CC BY 4.0 plus WHOOPS! Dataset License Agreement additional conditions,nlphuji/whoops,cca58d854ee35b6bfbedc14a9155483e89500ae9,5.0.1,12.3.0,sha256(big_endian_uint32(width) || big_endian_uint32(height) || RGB_pixel_bytes_row_major),7605ff0e00bb835e76282169103fbb50f449489308da8a699ef483b7befd7528,working-tree:718.png,exact_decoded_match,,,,
719,data/raw_images/abnormal/719.png,76a406805dc792ec3d8f2c2ecd6670d1846da1efc1613488b02256c9576eb86d,https://whoops-benchmark.s3.amazonaws.com/whoops_images/76a406805dc792ec3d8f2c2ecd6670d1846da1efc1613488b02256c9576eb86d.png,1568,896,76a406805dc792ec3d8f2c2ecd6670d1846da1efc1613488b02256c9576eb86d,5a16b789c5645f13c5ddb111e0f8f73b41728d10f606605f4f3657b169e2288e,CC BY 4.0 plus WHOOPS! Dataset License Agreement additional conditions,nlphuji/whoops,cca58d854ee35b6bfbedc14a9155483e89500ae9,5.0.1,12.3.0,sha256(big_endian_uint32(width) || big_endian_uint32(height) || RGB_pixel_bytes_row_major),76a406805dc792ec3d8f2c2ecd6670d1846da1efc1613488b02256c9576eb86d,working-tree:719.png,exact_decoded_match,,,,
720,data/raw_images/abnormal/720.png,76c1cdfecc4ce335a56c9f0bc346ca10944e171ff57b8acde43f786406663054,https://whoops-benchmark.s3.amazonaws.com/whoops_images/76c1cdfecc4ce335a56c9f0bc346ca10944e171ff57b8acde43f786406663054.png,1024,1024,76c1cdfecc4ce335a56c9f0bc346ca10944e171ff57b8acde43f786406663054,315392473f4a089ccf860b9f5b2e50805953cfe78d3b75e17d7279eb1e8527f7,CC BY 4.0 plus WHOOPS! Dataset License Agreement additional conditions,nlphuji/whoops,cca58d854ee35b6bfbedc14a9155483e89500ae9,5.0.1,12.3.0,sha256(big_endian_uint32(width) || big_endian_uint32(height) || RGB_pixel_bytes_row_major),76c1cdfecc4ce335a56c9f0bc346ca10944e171ff57b8acde43f786406663054,working-tree:720.png,exact_decoded_match,,,,
721,data/raw_images/abnormal/721.png,77855d61cd3a2a5f5946142128d9774bae3ec02ce55cf34d8e47225c98223cb1,https://whoops-benchmark.s3.amazonaws.com/whoops_images/77855d61cd3a2a5f5946142128d9774bae3ec02ce55cf34d8e47225c98223cb1.png,1024,1024,77855d61cd3a2a5f5946142128d9774bae3ec02ce55cf34d8e47225c98223cb1,507adb504487bb2ae74ef110576975af7792adb0c324368dc251675c82f3eff6,CC BY 4.0 plus WHOOPS! Dataset License Agreement additional conditions,nlphuji/whoops,cca58d854ee35b6bfbedc14a9155483e89500ae9,5.0.1,12.3.0,sha256(big_endian_uint32(width) || big_endian_uint32(height) || RGB_pixel_bytes_row_major),77855d61cd3a2a5f5946142128d9774bae3ec02ce55cf34d8e47225c98223cb1,working-tree:721.png,exact_decoded_match,,,,
722,data/raw_images/abnormal/722.png,78ff4bee03c4820f2dbbbf99709c3228cbaa15cc7c01e78701828258c943db11,https://whoops-benchmark.s3.amazonaws.com/whoops_images/78ff4bee03c4820f2dbbbf99709c3228cbaa15cc7c01e78701828258c943db11.png,1536,1024,78ff4bee03c4820f2dbbbf99709c3228cbaa15cc7c01e78701828258c943db11,c47b460604bf7582d4cbcad2788796e6fbe35e8ae6411025ba7220ee2cd74953,CC BY 4.0 plus WHOOPS! Dataset License Agreement additional conditions,nlphuji/whoops,cca58d854ee35b6bfbedc14a9155483e89500ae9,5.0.1,12.3.0,sha256(big_endian_uint32(width) || big_endian_uint32(height) || RGB_pixel_bytes_row_major),78ff4bee03c4820f2dbbbf99709c3228cbaa15cc7c01e78701828258c943db11,working-tree:722.png,exact_decoded_match,,,,
723,data/raw_images/abnormal/723.png,79670d1646836b4092850a27b7e6f05d719abc95575302e874195a3083c9b807,https://whoops-benchmark.s3.amazonaws.com/whoops_images/79670d1646836b4092850a27b7e6f05d719abc95575302e874195a3083c9b807.png,1024,1024,79670d1646836b4092850a27b7e6f05d719abc95575302e874195a3083c9b807,ec9afaaa5c1bb8ec18c39593b735c694f2c265cddf9eaa7054ee5dac91616d86,CC BY 4.0 plus WHOOPS! Dataset License Agreement additional conditions,nlphuji/whoops,cca58d854ee35b6bfbedc14a9155483e89500ae9,5.0.1,12.3.0,sha256(big_endian_uint32(width) || big_endian_uint32(height) || RGB_pixel_bytes_row_major),79670d1646836b4092850a27b7e6f05d719abc95575302e874195a3083c9b807,working-tree:723.png,exact_decoded_match,,,,
724,data/raw_images/abnormal/724.png,79b98ad6e87c67050f0be3f0079f87dbd7aa7eada4fb7f0b2d0a1bb98270f935,https://whoops-benchmark.s3.amazonaws.com/whoops_images/79b98ad6e87c67050f0be3f0079f87dbd7aa7eada4fb7f0b2d0a1bb98270f935.png,1024,1024,79b98ad6e87c67050f0be3f0079f87dbd7aa7eada4fb7f0b2d0a1bb98270f935,4347bd78bdb8283a3a94b9806e86e1c8c19aec2c47bb671d37724863694e35e6,CC BY 4.0 plus WHOOPS! Dataset License Agreement additional conditions,nlphuji/whoops,cca58d854ee35b6bfbedc14a9155483e89500ae9,5.0.1,12.3.0,sha256(big_endian_uint32(width) || big_endian_uint32(height) || RGB_pixel_bytes_row_major),79b98ad6e87c67050f0be3f0079f87dbd7aa7eada4fb7f0b2d0a1bb98270f935,working-tree:724.png,exact_decoded_match,,,,
725,data/raw_images/abnormal/725.png,7a045faab7f60d2e4e29f98476288433d10eb60d7a3a12e36b7ffedf28642d6a,https://whoops-benchmark.s3.amazonaws.com/whoops_images/7a045faab7f60d2e4e29f98476288433d10eb60d7a3a12e36b7ffedf28642d6a.png,1024,1024,7a045faab7f60d2e4e29f98476288433d10eb60d7a3a12e36b7ffedf28642d6a,aed80f63ad22614db2ba7305a0a321da8f624a51519fbdfdb258519bcb7b106a,CC BY 4.0 plus WHOOPS! Dataset License Agreement additional conditions,nlphuji/whoops,cca58d854ee35b6bfbedc14a9155483e89500ae9,5.0.1,12.3.0,sha256(big_endian_uint32(width) || big_endian_uint32(height) || RGB_pixel_bytes_row_major),7a045faab7f60d2e4e29f98476288433d10eb60d7a3a12e36b7ffedf28642d6a,working-tree:725.png,exact_decoded_match,,,,
726,data/raw_images/abnormal/726.png,7aeaf81c2151ae67f5b52e61179a6e244c573d83a6eacbc3c3c32cf881b55f30,https://whoops-benchmark.s3.amazonaws.com/whoops_images/7aeaf81c2151ae67f5b52e61179a6e244c573d83a6eacbc3c3c32cf881b55f30.png,1024,1024,7aeaf81c2151ae67f5b52e61179a6e244c573d83a6eacbc3c3c32cf881b55f30,899960c6d01209f51a4a2b32b67885a4b3182b60aea15a2e337b8ee0caefafa3,CC BY 4.0 plus WHOOPS! Dataset License Agreement additional conditions,nlphuji/whoops,cca58d854ee35b6bfbedc14a9155483e89500ae9,5.0.1,12.3.0,sha256(big_endian_uint32(width) || big_endian_uint32(height) || RGB_pixel_bytes_row_major),7aeaf81c2151ae67f5b52e61179a6e244c573d83a6eacbc3c3c32cf881b55f30,working-tree:726.png,exact_decoded_match,,,,
727,data/raw_images/abnormal/727.png,7af3026ff476f56917296c96d3b7d61f9bb001e779f156fc5a24eb2b5fcd7674,https://whoops-benchmark.s3.amazonaws.com/whoops_images/7af3026ff476f56917296c96d3b7d61f9bb001e779f156fc5a24eb2b5fcd7674.png,1024,1024,7af3026ff476f56917296c96d3b7d61f9bb001e779f156fc5a24eb2b5fcd7674,1ba49724ea0ded83d58da1f802bd7d590cf8041a96b847fb1b1fe274831dc69f,CC BY 4.0 plus WHOOPS! Dataset License Agreement additional conditions,nlphuji/whoops,cca58d854ee35b6bfbedc14a9155483e89500ae9,5.0.1,12.3.0,sha256(big_endian_uint32(width) || big_endian_uint32(height) || RGB_pixel_bytes_row_major),7af3026ff476f56917296c96d3b7d61f9bb001e779f156fc5a24eb2b5fcd7674,working-tree:727.png,exact_decoded_match,,,,
728,data/raw_images/abnormal/728.png,7b074a82a79f74648026ca39cfbd729a3331ca0a1025e340575566837200c310,https://whoops-benchmark.s3.amazonaws.com/whoops_images/7b074a82a79f74648026ca39cfbd729a3331ca0a1025e340575566837200c310.png,1024,1024,7b074a82a79f74648026ca39cfbd729a3331ca0a1025e340575566837200c310,4511dc1e6c5537c0917fb067b2621c6f12e0e6be7cb0689ec150b40cca1b3472,CC BY 4.0 plus WHOOPS! Dataset License Agreement additional conditions,nlphuji/whoops,cca58d854ee35b6bfbedc14a9155483e89500ae9,5.0.1,12.3.0,sha256(big_endian_uint32(width) || big_endian_uint32(height) || RGB_pixel_bytes_row_major),7b074a82a79f74648026ca39cfbd729a3331ca0a1025e340575566837200c310,working-tree:728.png,exact_decoded_match,,,,
729,data/raw_images/abnormal/729.png,7bf8c33a3bcd28bfaa1a9d0cc6c637eb3910676484ff0fa89fb03b6cedbd751c,https://whoops-benchmark.s3.amazonaws.com/whoops_images/7bf8c33a3bcd28bfaa1a9d0cc6c637eb3910676484ff0fa89fb03b6cedbd751c.png,1024,1024,7bf8c33a3bcd28bfaa1a9d0cc6c637eb3910676484ff0fa89fb03b6cedbd751c,e541f62e5cf0727bf24ddc229aba38997ccc583dfff9c7c0767a0d2274925279,CC BY 4.0 plus WHOOPS! Dataset License Agreement additional conditions,nlphuji/whoops,cca58d854ee35b6bfbedc14a9155483e89500ae9,5.0.1,12.3.0,sha256(big_endian_uint32(width) || big_endian_uint32(height) || RGB_pixel_bytes_row_major),7bf8c33a3bcd28bfaa1a9d0cc6c637eb3910676484ff0fa89fb03b6cedbd751c,working-tree:729.png,exact_decoded_match,,,,
730,data/raw_images/abnormal/730.png,7ced972dcb2bc843e74f396646abfab2ace6a7f7da5878d43d83873bb622f505,https://whoops-benchmark.s3.amazonaws.com/whoops_images/7ced972dcb2bc843e74f396646abfab2ace6a7f7da5878d43d83873bb622f505.png,1024,1024,7ced972dcb2bc843e74f396646abfab2ace6a7f7da5878d43d83873bb622f505,3890793b288fe69ae9e7d99390b4c91848ea01cdf4530aa83c3b48f463257cd3,CC BY 4.0 plus WHOOPS! Dataset License Agreement additional conditions,nlphuji/whoops,cca58d854ee35b6bfbedc14a9155483e89500ae9,5.0.1,12.3.0,sha256(big_endian_uint32(width) || big_endian_uint32(height) || RGB_pixel_bytes_row_major),7ced972dcb2bc843e74f396646abfab2ace6a7f7da5878d43d83873bb622f505,working-tree:730.png,exact_decoded_match,,,,
731,data/raw_images/abnormal/731.png,7f45395b7427933d7b948cc941ecb59519dae57b572cfb945664d19a49c60914,https://whoops-benchmark.s3.amazonaws.com/whoops_images/7f45395b7427933d7b948cc941ecb59519dae57b572cfb945664d19a49c60914.png,1024,1024,7f45395b7427933d7b948cc941ecb59519dae57b572cfb945664d19a49c60914,d939b973c2faed87d9a2740ec011dc08463e02f41e4a9b4889777cda1fe20d54,CC BY 4.0 plus WHOOPS! Dataset License Agreement additional conditions,nlphuji/whoops,cca58d854ee35b6bfbedc14a9155483e89500ae9,5.0.1,12.3.0,sha256(big_endian_uint32(width) || big_endian_uint32(height) || RGB_pixel_bytes_row_major),7f45395b7427933d7b948cc941ecb59519dae57b572cfb945664d19a49c60914,working-tree:731.png,exact_decoded_match,,,,
732,data/raw_images/abnormal/732.png,7fb521434677224ac69013f7e538df59a9ba0621d8b9acd3d616a158c7b523e2,https://whoops-benchmark.s3.amazonaws.com/whoops_images/7fb521434677224ac69013f7e538df59a9ba0621d8b9acd3d616a158c7b523e2.png,1536,1536,7fb521434677224ac69013f7e538df59a9ba0621d8b9acd3d616a158c7b523e2,9b07da7431007fbe1c89d1f24e26225ce8c6101b3a1f68e7e91db79f018fe80f,CC BY 4.0 plus WHOOPS! Dataset License Agreement additional conditions,nlphuji/whoops,cca58d854ee35b6bfbedc14a9155483e89500ae9,5.0.1,12.3.0,sha256(big_endian_uint32(width) || big_endian_uint32(height) || RGB_pixel_bytes_row_major),3144714f111741f99588c869f9301f6dabeed3a7e8a6377bec93445644c649d7,working-tree:732.png,deterministic_transform_verified,resize_max_side_1536_lanczos_floor_dimensions,official_decoded_rgb_sha256=175297cbad0c06afa52df945e146dba2a267476d7bf81211b422ecbb3bba5a7f; transformed_decoded_rgb_sha256=9b07da7431007fbe1c89d1f24e26225ce8c6101b3a1f68e7e91db79f018fe80f; archive_revision=0616dca,7fb521434677224ac69013f7e538df59a9ba0621d8b9acd3d616a158c7b523e2,175297cbad0c06afa52df945e146dba2a267476d7bf81211b422ecbb3bba5a7f
733,data/raw_images/abnormal/733.png,80075576869a18c9e6255fd5b3aa057e88ef3808e2d55116f9df45cff9494296,https://whoops-benchmark.s3.amazonaws.com/whoops_images/80075576869a18c9e6255fd5b3aa057e88ef3808e2d55116f9df45cff9494296.png,520,352,80075576869a18c9e6255fd5b3aa057e88ef3808e2d55116f9df45cff9494296,6770bbc4d1819ffddf92cacff175d7227c44bb6a6f7c9329255440938248efd6,CC BY 4.0 plus WHOOPS! Dataset License Agreement additional conditions,nlphuji/whoops,cca58d854ee35b6bfbedc14a9155483e89500ae9,5.0.1,12.3.0,sha256(big_endian_uint32(width) || big_endian_uint32(height) || RGB_pixel_bytes_row_major),80075576869a18c9e6255fd5b3aa057e88ef3808e2d55116f9df45cff9494296,working-tree:733.png,exact_decoded_match,,,,
734,data/raw_images/abnormal/734.png,803d5e97358210c3d8e5ac5b7189b5b2263f9b824687a15cdd938a1a057344b0,https://whoops-benchmark.s3.amazonaws.com/whoops_images/803d5e97358210c3d8e5ac5b7189b5b2263f9b824687a15cdd938a1a057344b0.png,1024,1024,803d5e97358210c3d8e5ac5b7189b5b2263f9b824687a15cdd938a1a057344b0,c1ea8ed1537d6a3ad4762887b1ae5899dcb642d56872b124c940be7efbf4508f,CC BY 4.0 plus WHOOPS! Dataset License Agreement additional conditions,nlphuji/whoops,cca58d854ee35b6bfbedc14a9155483e89500ae9,5.0.1,12.3.0,sha256(big_endian_uint32(width) || big_endian_uint32(height) || RGB_pixel_bytes_row_major),803d5e97358210c3d8e5ac5b7189b5b2263f9b824687a15cdd938a1a057344b0,working-tree:734.png,exact_decoded_match,,,,
735,data/raw_images/abnormal/735.png,80ba27c1b7d29a12e7cc341ade97d0361d5d000cbe4483b5b8cfa7e48c9e1cfe,https://whoops-benchmark.s3.amazonaws.com/whoops_images/80ba27c1b7d29a12e7cc341ade97d0361d5d000cbe4483b5b8cfa7e48c9e1cfe.png,1024,1024,80ba27c1b7d29a12e7cc341ade97d0361d5d000cbe4483b5b8cfa7e48c9e1cfe,8fff9fe69064ceef2111230a124272d29b75b0644916786fc70b4ef956974858,CC BY 4.0 plus WHOOPS! Dataset License Agreement additional conditions,nlphuji/whoops,cca58d854ee35b6bfbedc14a9155483e89500ae9,5.0.1,12.3.0,sha256(big_endian_uint32(width) || big_endian_uint32(height) || RGB_pixel_bytes_row_major),80ba27c1b7d29a12e7cc341ade97d0361d5d000cbe4483b5b8cfa7e48c9e1cfe,working-tree:735.png,exact_decoded_match,,,,
736,data/raw_images/abnormal/736.png,80f16892b3b07398ff93f4cfbe49c66c6dfc05c25a18a5360ae9dc6350b9faf2,https://whoops-benchmark.s3.amazonaws.com/whoops_images/80f16892b3b07398ff93f4cfbe49c66c6dfc05c25a18a5360ae9dc6350b9faf2.png,1024,1024,80f16892b3b07398ff93f4cfbe49c66c6dfc05c25a18a5360ae9dc6350b9faf2,09b5928253e2394c86eb192cc6dec085f5bd721f173f18ec9e7ec7957b54324c,CC BY 4.0 plus WHOOPS! Dataset License Agreement additional conditions,nlphuji/whoops,cca58d854ee35b6bfbedc14a9155483e89500ae9,5.0.1,12.3.0,sha256(big_endian_uint32(width) || big_endian_uint32(height) || RGB_pixel_bytes_row_major),80f16892b3b07398ff93f4cfbe49c66c6dfc05c25a18a5360ae9dc6350b9faf2,working-tree:736.png,exact_decoded_match,,,,
737,data/raw_images/abnormal/737.png,826c924ee665ce0e47f52a442bd42d45953cd1d0a219e0d121ca3d416fbc7d4b,https://whoops-benchmark.s3.amazonaws.com/whoops_images/826c924ee665ce0e47f52a442bd42d45953cd1d0a219e0d121ca3d416fbc7d4b.png,1024,1024,826c924ee665ce0e47f52a442bd42d45953cd1d0a219e0d121ca3d416fbc7d4b,4a4261c2de5870d48f9191d6455bfe92a1a033edac16067d9ad37bf65552b870,CC BY 4.0 plus WHOOPS! Dataset License Agreement additional conditions,nlphuji/whoops,cca58d854ee35b6bfbedc14a9155483e89500ae9,5.0.1,12.3.0,sha256(big_endian_uint32(width) || big_endian_uint32(height) || RGB_pixel_bytes_row_major),826c924ee665ce0e47f52a442bd42d45953cd1d0a219e0d121ca3d416fbc7d4b,working-tree:737.png,exact_decoded_match,,,,
738,data/raw_images/abnormal/738.png,827903909da98db80a388efb31ba166e486fade33a13ca423c2312706e6425ea,https://whoops-benchmark.s3.amazonaws.com/whoops_images/827903909da98db80a388efb31ba166e486fade33a13ca423c2312706e6425ea.png,1228,1228,827903909da98db80a388efb31ba166e486fade33a13ca423c2312706e6425ea,daa5778044df6c4ec5cccf528cc1916bcc7c8440e05b8684ecd2eab4767fa5ba,CC BY 4.0 plus WHOOPS! Dataset License Agreement additional conditions,nlphuji/whoops,cca58d854ee35b6bfbedc14a9155483e89500ae9,5.0.1,12.3.0,sha256(big_endian_uint32(width) || big_endian_uint32(height) || RGB_pixel_bytes_row_major),827903909da98db80a388efb31ba166e486fade33a13ca423c2312706e6425ea,working-tree:738.png,exact_decoded_match,,,,
739,data/raw_images/abnormal/739.png,8307d61d4600a9f76da3cd31f05fa4c339c2bc887e6b1d8ebf24721f0398bdc8,https://whoops-benchmark.s3.amazonaws.com/whoops_images/8307d61d4600a9f76da3cd31f05fa4c339c2bc887e6b1d8ebf24721f0398bdc8.png,1024,1024,8307d61d4600a9f76da3cd31f05fa4c339c2bc887e6b1d8ebf24721f0398bdc8,37b9eb4aacc4cd88cf1bdb798aa6a739557f25edd8434ffc59cd48d61c131ef1,CC BY 4.0 plus WHOOPS! Dataset License Agreement additional conditions,nlphuji/whoops,cca58d854ee35b6bfbedc14a9155483e89500ae9,5.0.1,12.3.0,sha256(big_endian_uint32(width) || big_endian_uint32(height) || RGB_pixel_bytes_row_major),8307d61d4600a9f76da3cd31f05fa4c339c2bc887e6b1d8ebf24721f0398bdc8,working-tree:739.png,exact_decoded_match,,,,
740,data/raw_images/abnormal/740.png,831906428b1b68b2fe97f25f60518ec916d56e139e8b6f627e984456f25f5cc2,https://whoops-benchmark.s3.amazonaws.com/whoops_images/831906428b1b68b2fe97f25f60518ec916d56e139e8b6f627e984456f25f5cc2.png,774,774,831906428b1b68b2fe97f25f60518ec916d56e139e8b6f627e984456f25f5cc2,a00247a4cfb8c87f43b60f890485da8377c2fbc1264c88640f3ceb6061341901,CC BY 4.0 plus WHOOPS! Dataset License Agreement additional conditions,nlphuji/whoops,cca58d854ee35b6bfbedc14a9155483e89500ae9,5.0.1,12.3.0,sha256(big_endian_uint32(width) || big_endian_uint32(height) || RGB_pixel_bytes_row_major),831906428b1b68b2fe97f25f60518ec916d56e139e8b6f627e984456f25f5cc2,working-tree:740.png,exact_decoded_match,,,,
741,data/raw_images/abnormal/741.png,83d28479a2a3158336fab8f1972ff1f09dbab2a31059cdb2cbc28c7500487737,https://whoops-benchmark.s3.amazonaws.com/whoops_images/83d28479a2a3158336fab8f1972ff1f09dbab2a31059cdb2cbc28c7500487737.png,1024,1024,83d28479a2a3158336fab8f1972ff1f09dbab2a31059cdb2cbc28c7500487737,fd44c871908e3fb98500712f3fd4ad4538f20288e2b9368a24a2f0e7caf03a7e,CC BY 4.0 plus WHOOPS! Dataset License Agreement additional conditions,nlphuji/whoops,cca58d854ee35b6bfbedc14a9155483e89500ae9,5.0.1,12.3.0,sha256(big_endian_uint32(width) || big_endian_uint32(height) || RGB_pixel_bytes_row_major),83d28479a2a3158336fab8f1972ff1f09dbab2a31059cdb2cbc28c7500487737,working-tree:741.png,exact_decoded_match,,,,
742,data/raw_images/abnormal/742.png,8453fac3f839befa4f8432be876fe1f89a4cccb5db1b5f334b04dbfa808bfe48,https://whoops-benchmark.s3.amazonaws.com/whoops_images/8453fac3f839befa4f8432be876fe1f89a4cccb5db1b5f334b04dbfa808bfe48.png,1024,1024,8453fac3f839befa4f8432be876fe1f89a4cccb5db1b5f334b04dbfa808bfe48,e0b4dccc317d34e7303a8d85f459fc1b8a7f7f2562a3ad62091237142f27ea03,CC BY 4.0 plus WHOOPS! Dataset License Agreement additional conditions,nlphuji/whoops,cca58d854ee35b6bfbedc14a9155483e89500ae9,5.0.1,12.3.0,sha256(big_endian_uint32(width) || big_endian_uint32(height) || RGB_pixel_bytes_row_major),8453fac3f839befa4f8432be876fe1f89a4cccb5db1b5f334b04dbfa808bfe48,working-tree:742.png,exact_decoded_match,,,,
743,data/raw_images/abnormal/743.png,856badc432a90c2761a496df2fbb05af6d3cd2102a683994f909018a8237fd80,https://whoops-benchmark.s3.amazonaws.com/whoops_images/856badc432a90c2761a496df2fbb05af6d3cd2102a683994f909018a8237fd80.png,1024,1024,856badc432a90c2761a496df2fbb05af6d3cd2102a683994f909018a8237fd80,ea81b2e0e58c6a4ec8eb8e1d9d65ca8a4a2281954e4034331c1d02935d67dfa9,CC BY 4.0 plus WHOOPS! Dataset License Agreement additional conditions,nlphuji/whoops,cca58d854ee35b6bfbedc14a9155483e89500ae9,5.0.1,12.3.0,sha256(big_endian_uint32(width) || big_endian_uint32(height) || RGB_pixel_bytes_row_major),856badc432a90c2761a496df2fbb05af6d3cd2102a683994f909018a8237fd80,working-tree:743.png,exact_decoded_match,,,,
744,data/raw_images/abnormal/744.png,867168fe17adac85294b8cea9ed54b99870a6bc352574ef9901d77a8cb9e87b2,https://whoops-benchmark.s3.amazonaws.com/whoops_images/867168fe17adac85294b8cea9ed54b99870a6bc352574ef9901d77a8cb9e87b2.png,1024,1024,867168fe17adac85294b8cea9ed54b99870a6bc352574ef9901d77a8cb9e87b2,5de67a8d86e41287a108824ac2e126d613dfd3cca4e65fcbde9b796bc3a38987,CC BY 4.0 plus WHOOPS! Dataset License Agreement additional conditions,nlphuji/whoops,cca58d854ee35b6bfbedc14a9155483e89500ae9,5.0.1,12.3.0,sha256(big_endian_uint32(width) || big_endian_uint32(height) || RGB_pixel_bytes_row_major),867168fe17adac85294b8cea9ed54b99870a6bc352574ef9901d77a8cb9e87b2,working-tree:744.png,exact_decoded_match,,,,
745,data/raw_images/abnormal/745.png,87917b89ca2f091d82a220e9ec773e70532293cc79483517fd8a42f29fc97dd0,https://whoops-benchmark.s3.amazonaws.com/whoops_images/87917b89ca2f091d82a220e9ec773e70532293cc79483517fd8a42f29fc97dd0.png,1536,1024,87917b89ca2f091d82a220e9ec773e70532293cc79483517fd8a42f29fc97dd0,82f01b02f8a5af2230cd474f72b33ef42130d8e8e05b9cb0c2662adfb4bcf17e,CC BY 4.0 plus WHOOPS! Dataset License Agreement additional conditions,nlphuji/whoops,cca58d854ee35b6bfbedc14a9155483e89500ae9,5.0.1,12.3.0,sha256(big_endian_uint32(width) || big_endian_uint32(height) || RGB_pixel_bytes_row_major),87917b89ca2f091d82a220e9ec773e70532293cc79483517fd8a42f29fc97dd0,working-tree:745.png,exact_decoded_match,,,,
746,data/raw_images/abnormal/746.png,87940653a82a4c6f42ef4763fed1dba275d67d63e2a0a0fb2116f97b774382a5,https://whoops-benchmark.s3.amazonaws.com/whoops_images/87940653a82a4c6f42ef4763fed1dba275d67d63e2a0a0fb2116f97b774382a5.png,1024,1024,87940653a82a4c6f42ef4763fed1dba275d67d63e2a0a0fb2116f97b774382a5,9e89d03be6e09e4610fe42d4ce458da44a954b4501c39cbecf16e4e39c74d85a,CC BY 4.0 plus WHOOPS! Dataset License Agreement additional conditions,nlphuji/whoops,cca58d854ee35b6bfbedc14a9155483e89500ae9,5.0.1,12.3.0,sha256(big_endian_uint32(width) || big_endian_uint32(height) || RGB_pixel_bytes_row_major),87940653a82a4c6f42ef4763fed1dba275d67d63e2a0a0fb2116f97b774382a5,working-tree:746.png,exact_decoded_match,,,,
747,data/raw_images/abnormal/747.png,87c983e5f134caca895d8e4aa8316ef75cdd81d3de1fe61c79dafa57a3943c32,https://whoops-benchmark.s3.amazonaws.com/whoops_images/87c983e5f134caca895d8e4aa8316ef75cdd81d3de1fe61c79dafa57a3943c32.png,1024,1024,87c983e5f134caca895d8e4aa8316ef75cdd81d3de1fe61c79dafa57a3943c32,e4a3e92d5de0f22dfc3158b9cca3ca3ca4238bee12bbcc99c12a98ea4aaeace7,CC BY 4.0 plus WHOOPS! Dataset License Agreement additional conditions,nlphuji/whoops,cca58d854ee35b6bfbedc14a9155483e89500ae9,5.0.1,12.3.0,sha256(big_endian_uint32(width) || big_endian_uint32(height) || RGB_pixel_bytes_row_major),87c983e5f134caca895d8e4aa8316ef75cdd81d3de1fe61c79dafa57a3943c32,working-tree:747.png,exact_decoded_match,,,,
748,data/raw_images/abnormal/748.png,882daab8b2cc96ebc916644d0bcea86d3ec2b477b4672a2e8bb6b7cc482b5b4f,https://whoops-benchmark.s3.amazonaws.com/whoops_images/882daab8b2cc96ebc916644d0bcea86d3ec2b477b4672a2e8bb6b7cc482b5b4f.png,1536,1536,882daab8b2cc96ebc916644d0bcea86d3ec2b477b4672a2e8bb6b7cc482b5b4f,c16c20553c7b0f7e15b011b0b54c1bf7c891bf8c520366a23e7ee6eac92724db,CC BY 4.0 plus WHOOPS! Dataset License Agreement additional conditions,nlphuji/whoops,cca58d854ee35b6bfbedc14a9155483e89500ae9,5.0.1,12.3.0,sha256(big_endian_uint32(width) || big_endian_uint32(height) || RGB_pixel_bytes_row_major),89d297d8bcbcba31589f707a3c51503408929e6ddc914d670480e269edd39a21,working-tree:748.png,deterministic_transform_verified,resize_max_side_1536_lanczos_floor_dimensions,official_decoded_rgb_sha256=1ab90c1d6b07131991a0397c1f697ab5ee7ea073bc8f278c829b8d4b28c91ab8; transformed_decoded_rgb_sha256=c16c20553c7b0f7e15b011b0b54c1bf7c891bf8c520366a23e7ee6eac92724db; archive_revision=0616dca,882daab8b2cc96ebc916644d0bcea86d3ec2b477b4672a2e8bb6b7cc482b5b4f,1ab90c1d6b07131991a0397c1f697ab5ee7ea073bc8f278c829b8d4b28c91ab8
749,data/raw_images/abnormal/749.png,882f3540ef2d198157c388a7bd3631c7790058b0f53de4ae354d2a189d1dd152,https://whoops-benchmark.s3.amazonaws.com/whoops_images/882f3540ef2d198157c388a7bd3631c7790058b0f53de4ae354d2a189d1dd152.png,1024,1024,882f3540ef2d198157c388a7bd3631c7790058b0f53de4ae354d2a189d1dd152,1df79a93f2a7cba8c8dbd5309e2d16de41536c28b9e1521a88c2a1013d6706cf,CC BY 4.0 plus WHOOPS! Dataset License Agreement additional conditions,nlphuji/whoops,cca58d854ee35b6bfbedc14a9155483e89500ae9,5.0.1,12.3.0,sha256(big_endian_uint32(width) || big_endian_uint32(height) || RGB_pixel_bytes_row_major),882f3540ef2d198157c388a7bd3631c7790058b0f53de4ae354d2a189d1dd152,working-tree:749.png,exact_decoded_match,,,,
750,data/raw_images/abnormal/750.png,884e9b5fda044f6ad866f62e6a018267f1bdf278709da419a10675754ece5aa2,https://whoops-benchmark.s3.amazonaws.com/whoops_images/884e9b5fda044f6ad866f62e6a018267f1bdf278709da419a10675754ece5aa2.png,1536,1536,884e9b5fda044f6ad866f62e6a018267f1bdf278709da419a10675754ece5aa2,f87fff2d5b436473fd4f62dd2d7d7f06630210d3f4c3a0a31e156190b15d6529,CC BY 4.0 plus WHOOPS! Dataset License Agreement additional conditions,nlphuji/whoops,cca58d854ee35b6bfbedc14a9155483e89500ae9,5.0.1,12.3.0,sha256(big_endian_uint32(width) || big_endian_uint32(height) || RGB_pixel_bytes_row_major),76fb85012fc3f96b9f10f80912d21c3c8f8e61475dd879435145d07277ac7bdb,working-tree:750.png,deterministic_transform_verified,resize_max_side_1536_lanczos_floor_dimensions,official_decoded_rgb_sha256=8c27f3b2a3ba8821fabffc15ab76ab35ce5cf9ab04cc595464e7e1ab74beb232; transformed_decoded_rgb_sha256=f87fff2d5b436473fd4f62dd2d7d7f06630210d3f4c3a0a31e156190b15d6529; archive_revision=0616dca,884e9b5fda044f6ad866f62e6a018267f1bdf278709da419a10675754ece5aa2,8c27f3b2a3ba8821fabffc15ab76ab35ce5cf9ab04cc595464e7e1ab74beb232
751,data/raw_images/abnormal/751.png,884fe67cd79baee8627287c0b5844ff0bc8dd3257189e64ffd84614358a3071f,https://whoops-benchmark.s3.amazonaws.com/whoops_images/884fe67cd79baee8627287c0b5844ff0bc8dd3257189e64ffd84614358a3071f.png,1024,1024,884fe67cd79baee8627287c0b5844ff0bc8dd3257189e64ffd84614358a3071f,df8ac3a51f67ed60d2ba1ad21f5f9db6c1b84573131a89017503c7ed4d82e6b3,CC BY 4.0 plus WHOOPS! Dataset License Agreement additional conditions,nlphuji/whoops,cca58d854ee35b6bfbedc14a9155483e89500ae9,5.0.1,12.3.0,sha256(big_endian_uint32(width) || big_endian_uint32(height) || RGB_pixel_bytes_row_major),884fe67cd79baee8627287c0b5844ff0bc8dd3257189e64ffd84614358a3071f,working-tree:751.png,exact_decoded_match,,,,
752,data/raw_images/abnormal/752.png,886c76a3cb1ff738ee74be41ac7305eecf15eb8f908ae0e720b36c755ed78a96,https://whoops-benchmark.s3.amazonaws.com/whoops_images/886c76a3cb1ff738ee74be41ac7305eecf15eb8f908ae0e720b36c755ed78a96.png,1024,1024,886c76a3cb1ff738ee74be41ac7305eecf15eb8f908ae0e720b36c755ed78a96,af43d7652309de3a7a5a1f23929aefafd740b59dd4d705a098d7ea49b08b2664,CC BY 4.0 plus WHOOPS! Dataset License Agreement additional conditions,nlphuji/whoops,cca58d854ee35b6bfbedc14a9155483e89500ae9,5.0.1,12.3.0,sha256(big_endian_uint32(width) || big_endian_uint32(height) || RGB_pixel_bytes_row_major),886c76a3cb1ff738ee74be41ac7305eecf15eb8f908ae0e720b36c755ed78a96,working-tree:752.png,exact_decoded_match,,,,
753,data/raw_images/abnormal/753.png,88dc19623568d780d6662fa5dcf441caa2bd5c0f2f2b822f0afdafacb4c32bbc,https://whoops-benchmark.s3.amazonaws.com/whoops_images/88dc19623568d780d6662fa5dcf441caa2bd5c0f2f2b822f0afdafacb4c32bbc.png,1024,1024,88dc19623568d780d6662fa5dcf441caa2bd5c0f2f2b822f0afdafacb4c32bbc,65429081d9befc727a6dd4ff089e287568862b4f378c00e21f7476aea702a17c,CC BY 4.0 plus WHOOPS! Dataset License Agreement additional conditions,nlphuji/whoops,cca58d854ee35b6bfbedc14a9155483e89500ae9,5.0.1,12.3.0,sha256(big_endian_uint32(width) || big_endian_uint32(height) || RGB_pixel_bytes_row_major),88dc19623568d780d6662fa5dcf441caa2bd5c0f2f2b822f0afdafacb4c32bbc,working-tree:753.png,exact_decoded_match,,,,
754,data/raw_images/abnormal/754.png,8911420ba6a43af49044a6f657f4c1039b18b464c4b72406d89982dd6a957125,https://whoops-benchmark.s3.amazonaws.com/whoops_images/8911420ba6a43af49044a6f657f4c1039b18b464c4b72406d89982dd6a957125.png,1024,1024,8911420ba6a43af49044a6f657f4c1039b18b464c4b72406d89982dd6a957125,12936117925420ebe068f76d16c7eb4d2f50a87ee5119f4a66a3253f5de88363,CC BY 4.0 plus WHOOPS! Dataset License Agreement additional conditions,nlphuji/whoops,cca58d854ee35b6bfbedc14a9155483e89500ae9,5.0.1,12.3.0,sha256(big_endian_uint32(width) || big_endian_uint32(height) || RGB_pixel_bytes_row_major),8911420ba6a43af49044a6f657f4c1039b18b464c4b72406d89982dd6a957125,working-tree:754.png,exact_decoded_match,,,,
755,data/raw_images/abnormal/755.png,8916a6bb8b1b2c2c3a40c7fb3feba5b065e52357c36d1930125e1f29e073ab52,https://whoops-benchmark.s3.amazonaws.com/whoops_images/8916a6bb8b1b2c2c3a40c7fb3feba5b065e52357c36d1930125e1f29e073ab52.png,1024,1024,8916a6bb8b1b2c2c3a40c7fb3feba5b065e52357c36d1930125e1f29e073ab52,bb78e351125d264c1d4d62e56cb8bc28ee5327ab202399b5fb7cd07b0de6b6dd,CC BY 4.0 plus WHOOPS! Dataset License Agreement additional conditions,nlphuji/whoops,cca58d854ee35b6bfbedc14a9155483e89500ae9,5.0.1,12.3.0,sha256(big_endian_uint32(width) || big_endian_uint32(height) || RGB_pixel_bytes_row_major),8916a6bb8b1b2c2c3a40c7fb3feba5b065e52357c36d1930125e1f29e073ab52,working-tree:755.png,exact_decoded_match,,,,
756,data/raw_images/abnormal/756.png,897aa6953470d71f4930840a61cba3b5d7de2fe6af09527b361b59ce26d33b81,https://whoops-benchmark.s3.amazonaws.com/whoops_images/897aa6953470d71f4930840a61cba3b5d7de2fe6af09527b361b59ce26d33b81.png,1024,1024,897aa6953470d71f4930840a61cba3b5d7de2fe6af09527b361b59ce26d33b81,396a070e28020801cfea6b0f6199da7f6357d5b55b2337b2ca587689c761cd22,CC BY 4.0 plus WHOOPS! Dataset License Agreement additional conditions,nlphuji/whoops,cca58d854ee35b6bfbedc14a9155483e89500ae9,5.0.1,12.3.0,sha256(big_endian_uint32(width) || big_endian_uint32(height) || RGB_pixel_bytes_row_major),897aa6953470d71f4930840a61cba3b5d7de2fe6af09527b361b59ce26d33b81,working-tree:756.png,exact_decoded_match,,,,
757,data/raw_images/abnormal/757.png,89fe39b5bbe019449118e847306a0241501cf6dc9ca6af79591406c48a56f158,https://whoops-benchmark.s3.amazonaws.com/whoops_images/89fe39b5bbe019449118e847306a0241501cf6dc9ca6af79591406c48a56f158.png,1024,1024,89fe39b5bbe019449118e847306a0241501cf6dc9ca6af79591406c48a56f158,07451ca661bde19d61e2c1cf8de3994b1e93aaf268d30477d5c8e45ec258633f,CC BY 4.0 plus WHOOPS! Dataset License Agreement additional conditions,nlphuji/whoops,cca58d854ee35b6bfbedc14a9155483e89500ae9,5.0.1,12.3.0,sha256(big_endian_uint32(width) || big_endian_uint32(height) || RGB_pixel_bytes_row_major),89fe39b5bbe019449118e847306a0241501cf6dc9ca6af79591406c48a56f158,working-tree:757.png,exact_decoded_match,,,,
758,data/raw_images/abnormal/758.png,8a4b73c73b2db8fdb36490e23e9ddb7de7b02e752c12310fa4ac0a8e7de81d18,https://whoops-benchmark.s3.amazonaws.com/whoops_images/8a4b73c73b2db8fdb36490e23e9ddb7de7b02e752c12310fa4ac0a8e7de81d18.png,1024,1024,8a4b73c73b2db8fdb36490e23e9ddb7de7b02e752c12310fa4ac0a8e7de81d18,6a7ad0266a1da309016883dc88971c580053ebb0dac417826107eedea058f6f6,CC BY 4.0 plus WHOOPS! Dataset License Agreement additional conditions,nlphuji/whoops,cca58d854ee35b6bfbedc14a9155483e89500ae9,5.0.1,12.3.0,sha256(big_endian_uint32(width) || big_endian_uint32(height) || RGB_pixel_bytes_row_major),8a4b73c73b2db8fdb36490e23e9ddb7de7b02e752c12310fa4ac0a8e7de81d18,working-tree:758.png,exact_decoded_match,,,,
759,data/raw_images/abnormal/759.png,8ab1c30861760dae124c4adbded673e4a26909ee5b63ffb5e72542db2309271b,https://whoops-benchmark.s3.amazonaws.com/whoops_images/8ab1c30861760dae124c4adbded673e4a26909ee5b63ffb5e72542db2309271b.png,1302,1302,8ab1c30861760dae124c4adbded673e4a26909ee5b63ffb5e72542db2309271b,2840a70bf1a705eed7021e2b5dca5d4c2829e48d15a7c56e335cca1acfc1e292,CC BY 4.0 plus WHOOPS! Dataset License Agreement additional conditions,nlphuji/whoops,cca58d854ee35b6bfbedc14a9155483e89500ae9,5.0.1,12.3.0,sha256(big_endian_uint32(width) || big_endian_uint32(height) || RGB_pixel_bytes_row_major),8ab1c30861760dae124c4adbded673e4a26909ee5b63ffb5e72542db2309271b,working-tree:759.png,exact_decoded_match,,,,
760,data/raw_images/abnormal/760.png,8b9e41e056ea51d59d8b2bde6435db5d461215d695baa65ab945bd694c74af88,https://whoops-benchmark.s3.amazonaws.com/whoops_images/8b9e41e056ea51d59d8b2bde6435db5d461215d695baa65ab945bd694c74af88.png,1536,1536,8b9e41e056ea51d59d8b2bde6435db5d461215d695baa65ab945bd694c74af88,2f54df4dccb2107d714d59860995e77337a5b5b0d91050d09ce2cb8fe481fd5a,CC BY 4.0 plus WHOOPS! Dataset License Agreement additional conditions,nlphuji/whoops,cca58d854ee35b6bfbedc14a9155483e89500ae9,5.0.1,12.3.0,sha256(big_endian_uint32(width) || big_endian_uint32(height) || RGB_pixel_bytes_row_major),8b9e41e056ea51d59d8b2bde6435db5d461215d695baa65ab945bd694c74af88,working-tree:760.png,exact_decoded_match,,,,
761,data/raw_images/abnormal/761.png,8bd07cd8c3a3ae07dd18aafa56319384ba949cc6663f9d266e0098ccd6b57323,https://whoops-benchmark.s3.amazonaws.com/whoops_images/8bd07cd8c3a3ae07dd18aafa56319384ba949cc6663f9d266e0098ccd6b57323.png,1024,1024,8bd07cd8c3a3ae07dd18aafa56319384ba949cc6663f9d266e0098ccd6b57323,2a5cacc9dc0dde4afa78f41598bf9d1e4b15a8dfb9a9e49b2e351f2b9a88b68f,CC BY 4.0 plus WHOOPS! Dataset License Agreement additional conditions,nlphuji/whoops,cca58d854ee35b6bfbedc14a9155483e89500ae9,5.0.1,12.3.0,sha256(big_endian_uint32(width) || big_endian_uint32(height) || RGB_pixel_bytes_row_major),8bd07cd8c3a3ae07dd18aafa56319384ba949cc6663f9d266e0098ccd6b57323,working-tree:761.png,exact_decoded_match,,,,
762,data/raw_images/abnormal/762.png,8bd92ba22ea75e176eb6fbfac4fad120f821c6e877a2b9beae303a4050637a72,https://whoops-benchmark.s3.amazonaws.com/whoops_images/8bd92ba22ea75e176eb6fbfac4fad120f821c6e877a2b9beae303a4050637a72.png,1024,1024,8bd92ba22ea75e176eb6fbfac4fad120f821c6e877a2b9beae303a4050637a72,1eb47e817b171f6ef4bfb3d5ebf0a7c58323f7482438677af117d66cd0cf6534,CC BY 4.0 plus WHOOPS! Dataset License Agreement additional conditions,nlphuji/whoops,cca58d854ee35b6bfbedc14a9155483e89500ae9,5.0.1,12.3.0,sha256(big_endian_uint32(width) || big_endian_uint32(height) || RGB_pixel_bytes_row_major),8bd92ba22ea75e176eb6fbfac4fad120f821c6e877a2b9beae303a4050637a72,working-tree:762.png,exact_decoded_match,,,,
763,data/raw_images/abnormal/763.png,8c7764105390be8d6fad8cd6f359408465ed3dab23165f849da88801d832bb4d,https://whoops-benchmark.s3.amazonaws.com/whoops_images/8c7764105390be8d6fad8cd6f359408465ed3dab23165f849da88801d832bb4d.png,1536,1536,8c7764105390be8d6fad8cd6f359408465ed3dab23165f849da88801d832bb4d,f49ac1b76932b69cd7c57173a50dd46109a32ee66aff5dc7df22a62063468dd6,CC BY 4.0 plus WHOOPS! Dataset License Agreement additional conditions,nlphuji/whoops,cca58d854ee35b6bfbedc14a9155483e89500ae9,5.0.1,12.3.0,sha256(big_endian_uint32(width) || big_endian_uint32(height) || RGB_pixel_bytes_row_major),edff8c78910126491a4047766367b13d641b3fec22f44323226cc4820e7dc6ec,working-tree:763.png,deterministic_transform_verified,resize_max_side_1536_lanczos_floor_dimensions,official_decoded_rgb_sha256=4cdcf782f93006f6d85a60937979a64a5e2577f8379eac3d41d2b95cd0632926; transformed_decoded_rgb_sha256=f49ac1b76932b69cd7c57173a50dd46109a32ee66aff5dc7df22a62063468dd6; archive_revision=0616dca,8c7764105390be8d6fad8cd6f359408465ed3dab23165f849da88801d832bb4d,4cdcf782f93006f6d85a60937979a64a5e2577f8379eac3d41d2b95cd0632926
764,data/raw_images/abnormal/764.png,8ca4c2bf55e6601e2996278a9eaa4af11c0277cb9e4d142cf355a23c8bf87050,https://whoops-benchmark.s3.amazonaws.com/whoops_images/8ca4c2bf55e6601e2996278a9eaa4af11c0277cb9e4d142cf355a23c8bf87050.png,1024,1024,8ca4c2bf55e6601e2996278a9eaa4af11c0277cb9e4d142cf355a23c8bf87050,d183b3c1bb0cda0a0b8e49933f69f2fd0d7853396e662a0c3828a4ea6669167d,CC BY 4.0 plus WHOOPS! Dataset License Agreement additional conditions,nlphuji/whoops,cca58d854ee35b6bfbedc14a9155483e89500ae9,5.0.1,12.3.0,sha256(big_endian_uint32(width) || big_endian_uint32(height) || RGB_pixel_bytes_row_major),8ca4c2bf55e6601e2996278a9eaa4af11c0277cb9e4d142cf355a23c8bf87050,working-tree:764.png,exact_decoded_match,,,,
765,data/raw_images/abnormal/765.png,8d9e699b0b76de77859b2859eecd563806861f467c691d5205e387fd1dba2b3e,https://whoops-benchmark.s3.amazonaws.com/whoops_images/8d9e699b0b76de77859b2859eecd563806861f467c691d5205e387fd1dba2b3e.png,1024,1024,8d9e699b0b76de77859b2859eecd563806861f467c691d5205e387fd1dba2b3e,35714555ba3ddd974014695c693346d3e2aaef4fefe4780a26d0fc9476549271,CC BY 4.0 plus WHOOPS! Dataset License Agreement additional conditions,nlphuji/whoops,cca58d854ee35b6bfbedc14a9155483e89500ae9,5.0.1,12.3.0,sha256(big_endian_uint32(width) || big_endian_uint32(height) || RGB_pixel_bytes_row_major),8d9e699b0b76de77859b2859eecd563806861f467c691d5205e387fd1dba2b3e,working-tree:765.png,exact_decoded_match,,,,
766,data/raw_images/abnormal/766.png,8e00670f9822435c79d466db0e375d9e380b6de9349dade2cc69a75235fd940d,https://whoops-benchmark.s3.amazonaws.com/whoops_images/8e00670f9822435c79d466db0e375d9e380b6de9349dade2cc69a75235fd940d.png,1024,1024,8e00670f9822435c79d466db0e375d9e380b6de9349dade2cc69a75235fd940d,972f8a84384a9f123e15b2c77f2420972c4b25de242ecf4bcfef9bb8b02d8daa,CC BY 4.0 plus WHOOPS! Dataset License Agreement additional conditions,nlphuji/whoops,cca58d854ee35b6bfbedc14a9155483e89500ae9,5.0.1,12.3.0,sha256(big_endian_uint32(width) || big_endian_uint32(height) || RGB_pixel_bytes_row_major),8e00670f9822435c79d466db0e375d9e380b6de9349dade2cc69a75235fd940d,working-tree:766.png,exact_decoded_match,,,,
767,data/raw_images/abnormal/767.png,8f2fc9a6837b739624670c9708288f71afda316cf0a4830a097116c6e66fbb6f,https://whoops-benchmark.s3.amazonaws.com/whoops_images/8f2fc9a6837b739624670c9708288f71afda316cf0a4830a097116c6e66fbb6f.png,1024,1024,8f2fc9a6837b739624670c9708288f71afda316cf0a4830a097116c6e66fbb6f,7adf5f7661796826372cc06cdcd9bc1ff6b75aa4a5d97220ad3861cf3db7a68c,CC BY 4.0 plus WHOOPS! Dataset License Agreement additional conditions,nlphuji/whoops,cca58d854ee35b6bfbedc14a9155483e89500ae9,5.0.1,12.3.0,sha256(big_endian_uint32(width) || big_endian_uint32(height) || RGB_pixel_bytes_row_major),8f2fc9a6837b739624670c9708288f71afda316cf0a4830a097116c6e66fbb6f,working-tree:767.png,exact_decoded_match,,,,
768,data/raw_images/abnormal/768.png,8f4303a3baeef1946b73bf9e7863405bfe732bf11d780ba4716a46684c8aef4f,https://whoops-benchmark.s3.amazonaws.com/whoops_images/8f4303a3baeef1946b73bf9e7863405bfe732bf11d780ba4716a46684c8aef4f.png,1024,1024,8f4303a3baeef1946b73bf9e7863405bfe732bf11d780ba4716a46684c8aef4f,69a8050ec2653927458ae1aa48e43f7e88364e3db982d814ce2d8f77c3b5246e,CC BY 4.0 plus WHOOPS! Dataset License Agreement additional conditions,nlphuji/whoops,cca58d854ee35b6bfbedc14a9155483e89500ae9,5.0.1,12.3.0,sha256(big_endian_uint32(width) || big_endian_uint32(height) || RGB_pixel_bytes_row_major),8f4303a3baeef1946b73bf9e7863405bfe732bf11d780ba4716a46684c8aef4f,working-tree:768.png,exact_decoded_match,,,,
769,data/raw_images/abnormal/769.png,8f431d3c22e090e917c4c6ba8d9d511569049e02d7210bffda82aeb438c14f92,https://whoops-benchmark.s3.amazonaws.com/whoops_images/8f431d3c22e090e917c4c6ba8d9d511569049e02d7210bffda82aeb438c14f92.png,1536,1024,8f431d3c22e090e917c4c6ba8d9d511569049e02d7210bffda82aeb438c14f92,253559fb0cfea12f64bb53b797222d57ec76897dd27ba492a69be0b1c4e86c45,CC BY 4.0 plus WHOOPS! Dataset License Agreement additional conditions,nlphuji/whoops,cca58d854ee35b6bfbedc14a9155483e89500ae9,5.0.1,12.3.0,sha256(big_endian_uint32(width) || big_endian_uint32(height) || RGB_pixel_bytes_row_major),8f431d3c22e090e917c4c6ba8d9d511569049e02d7210bffda82aeb438c14f92,working-tree:769.png,exact_decoded_match,,,,
770,data/raw_images/abnormal/770.png,8fce7ed929988c605b5938177946d7787c285ffac7656e230fce9102cbf7ea3b,https://whoops-benchmark.s3.amazonaws.com/whoops_images/8fce7ed929988c605b5938177946d7787c285ffac7656e230fce9102cbf7ea3b.png,2048,2048,8fce7ed929988c605b5938177946d7787c285ffac7656e230fce9102cbf7ea3b,6ed5de42714407bef90be818817f41f7f92d24f69926dbec0e8873a531c28b97,CC BY 4.0 plus WHOOPS! Dataset License Agreement additional conditions,nlphuji/whoops,cca58d854ee35b6bfbedc14a9155483e89500ae9,5.0.1,12.3.0,sha256(big_endian_uint32(width) || big_endian_uint32(height) || RGB_pixel_bytes_row_major),8fce7ed929988c605b5938177946d7787c285ffac7656e230fce9102cbf7ea3b,working-tree:770.png,exact_decoded_match,,,,
771,data/raw_images/abnormal/771.png,9173fd451bf236fff32d38ba511cf01c3fde0334254ccac37dec0025f8a539d6,https://whoops-benchmark.s3.amazonaws.com/whoops_images/9173fd451bf236fff32d38ba511cf01c3fde0334254ccac37dec0025f8a539d6.png,1024,1024,9173fd451bf236fff32d38ba511cf01c3fde0334254ccac37dec0025f8a539d6,b7b3fe9dbf1518e6818c43afafe1bcd3f5a267a652c801ec54c28eedf799ad69,CC BY 4.0 plus WHOOPS! Dataset License Agreement additional conditions,nlphuji/whoops,cca58d854ee35b6bfbedc14a9155483e89500ae9,5.0.1,12.3.0,sha256(big_endian_uint32(width) || big_endian_uint32(height) || RGB_pixel_bytes_row_major),9173fd451bf236fff32d38ba511cf01c3fde0334254ccac37dec0025f8a539d6,working-tree:771.png,exact_decoded_match,,,,
772,data/raw_images/abnormal/772.png,917ec99db17df2aef89a23beb9d208bd208f6af0281900b26f5b438b193e6ca3,https://whoops-benchmark.s3.amazonaws.com/whoops_images/917ec99db17df2aef89a23beb9d208bd208f6af0281900b26f5b438b193e6ca3.png,1024,1024,917ec99db17df2aef89a23beb9d208bd208f6af0281900b26f5b438b193e6ca3,1c92a926fd1518ac966500877e3ed3c54b68485901d45b8fa2812035eec16cc5,CC BY 4.0 plus WHOOPS! Dataset License Agreement additional conditions,nlphuji/whoops,cca58d854ee35b6bfbedc14a9155483e89500ae9,5.0.1,12.3.0,sha256(big_endian_uint32(width) || big_endian_uint32(height) || RGB_pixel_bytes_row_major),917ec99db17df2aef89a23beb9d208bd208f6af0281900b26f5b438b193e6ca3,working-tree:772.png,exact_decoded_match,,,,
773,data/raw_images/abnormal/773.png,937d9f37a91d1cce4c184e41ba43df8cdb3f3039b5c098805a51cf06aaa889c2,https://whoops-benchmark.s3.amazonaws.com/whoops_images/937d9f37a91d1cce4c184e41ba43df8cdb3f3039b5c098805a51cf06aaa889c2.png,1024,1024,937d9f37a91d1cce4c184e41ba43df8cdb3f3039b5c098805a51cf06aaa889c2,fc353eaff4634adff5de2c3a821ff2d8e2859f8ced839f2cb0fd03714e25ec54,CC BY 4.0 plus WHOOPS! Dataset License Agreement additional conditions,nlphuji/whoops,cca58d854ee35b6bfbedc14a9155483e89500ae9,5.0.1,12.3.0,sha256(big_endian_uint32(width) || big_endian_uint32(height) || RGB_pixel_bytes_row_major),937d9f37a91d1cce4c184e41ba43df8cdb3f3039b5c098805a51cf06aaa889c2,working-tree:773.png,exact_decoded_match,,,,
774,data/raw_images/abnormal/774.png,9398442ca4829816959f28830f288b22778b3425d47d26c7f3c9589554eafc08,https://whoops-benchmark.s3.amazonaws.com/whoops_images/9398442ca4829816959f28830f288b22778b3425d47d26c7f3c9589554eafc08.png,1024,1024,9398442ca4829816959f28830f288b22778b3425d47d26c7f3c9589554eafc08,a2ef3cf4861de92e533418fce9ca750584841dffdd0499f08323d7c1d51f4e19,CC BY 4.0 plus WHOOPS! Dataset License Agreement additional conditions,nlphuji/whoops,cca58d854ee35b6bfbedc14a9155483e89500ae9,5.0.1,12.3.0,sha256(big_endian_uint32(width) || big_endian_uint32(height) || RGB_pixel_bytes_row_major),9398442ca4829816959f28830f288b22778b3425d47d26c7f3c9589554eafc08,working-tree:774.png,exact_decoded_match,,,,
775,data/raw_images/abnormal/775.png,93aba1b36f51fad62433d195ebf5cc555e25193f638c9575dff94712b3125984,https://whoops-benchmark.s3.amazonaws.com/whoops_images/93aba1b36f51fad62433d195ebf5cc555e25193f638c9575dff94712b3125984.png,1024,1024,93aba1b36f51fad62433d195ebf5cc555e25193f638c9575dff94712b3125984,f9f8ad2da32f94782bf736bd66a1e14ec083e6b09755e655aee1f155af1293bb,CC BY 4.0 plus WHOOPS! Dataset License Agreement additional conditions,nlphuji/whoops,cca58d854ee35b6bfbedc14a9155483e89500ae9,5.0.1,12.3.0,sha256(big_endian_uint32(width) || big_endian_uint32(height) || RGB_pixel_bytes_row_major),93aba1b36f51fad62433d195ebf5cc555e25193f638c9575dff94712b3125984,working-tree:775.png,exact_decoded_match,,,,
776,data/raw_images/abnormal/776.png,93d250e147c81ba8f1b7871849c79deab68a3ed6c74fc8de7ae8cc2e8ded5d41,https://whoops-benchmark.s3.amazonaws.com/whoops_images/93d250e147c81ba8f1b7871849c79deab68a3ed6c74fc8de7ae8cc2e8ded5d41.png,1024,1024,93d250e147c81ba8f1b7871849c79deab68a3ed6c74fc8de7ae8cc2e8ded5d41,d7b51c0e11e8e56010b2e4af02b92fd2060bc1c9619ae293a68309be1f94d2dc,CC BY 4.0 plus WHOOPS! Dataset License Agreement additional conditions,nlphuji/whoops,cca58d854ee35b6bfbedc14a9155483e89500ae9,5.0.1,12.3.0,sha256(big_endian_uint32(width) || big_endian_uint32(height) || RGB_pixel_bytes_row_major),93d250e147c81ba8f1b7871849c79deab68a3ed6c74fc8de7ae8cc2e8ded5d41,working-tree:776.png,exact_decoded_match,,,,
777,data/raw_images/abnormal/777.png,93d58991bf748f8e2dc2f85870b76cd0690dfa7bb5958401aee29fb519aa7d23,https://whoops-benchmark.s3.amazonaws.com/whoops_images/93d58991bf748f8e2dc2f85870b76cd0690dfa7bb5958401aee29fb519aa7d23.png,1536,1536,93d58991bf748f8e2dc2f85870b76cd0690dfa7bb5958401aee29fb519aa7d23,83f48f42554fbda6e439110bcc91133a4588c60f2f582a4116689979d8737894,CC BY 4.0 plus WHOOPS! Dataset License Agreement additional conditions,nlphuji/whoops,cca58d854ee35b6bfbedc14a9155483e89500ae9,5.0.1,12.3.0,sha256(big_endian_uint32(width) || big_endian_uint32(height) || RGB_pixel_bytes_row_major),c28360b423213ebdbdcf05bb0dc0b3acd08a7fc3132f175678477d3bf520a9a8,working-tree:777.png,deterministic_transform_verified,resize_max_side_1536_lanczos_floor_dimensions,official_decoded_rgb_sha256=388e1a1dc8da916dab84903e9b4dd623566a2951db49ea497c14425f716b9397; transformed_decoded_rgb_sha256=83f48f42554fbda6e439110bcc91133a4588c60f2f582a4116689979d8737894; archive_revision=0616dca,93d58991bf748f8e2dc2f85870b76cd0690dfa7bb5958401aee29fb519aa7d23,388e1a1dc8da916dab84903e9b4dd623566a2951db49ea497c14425f716b9397
778,data/raw_images/abnormal/778.png,94a1aa67f86588afbeed0716cccc4827eaae8ac43d444837faf7777c9b86fcb9,https://whoops-benchmark.s3.amazonaws.com/whoops_images/94a1aa67f86588afbeed0716cccc4827eaae8ac43d444837faf7777c9b86fcb9.png,1024,1024,94a1aa67f86588afbeed0716cccc4827eaae8ac43d444837faf7777c9b86fcb9,aef2137c154977ba76fa1d1d91d9287c504809b8ba5cfb7d2b1f0f7a381e0eec,CC BY 4.0 plus WHOOPS! Dataset License Agreement additional conditions,nlphuji/whoops,cca58d854ee35b6bfbedc14a9155483e89500ae9,5.0.1,12.3.0,sha256(big_endian_uint32(width) || big_endian_uint32(height) || RGB_pixel_bytes_row_major),94a1aa67f86588afbeed0716cccc4827eaae8ac43d444837faf7777c9b86fcb9,working-tree:778.png,exact_decoded_match,,,,
779,data/raw_images/abnormal/779.png,950539add8f8fd2032d29069756243efdb7aebc6f9633903f74c9097cf6b6a1a,https://whoops-benchmark.s3.amazonaws.com/whoops_images/950539add8f8fd2032d29069756243efdb7aebc6f9633903f74c9097cf6b6a1a.png,1536,1024,950539add8f8fd2032d29069756243efdb7aebc6f9633903f74c9097cf6b6a1a,d5ba9360ada1b87450c4c891c685588e657188c54810c72199232bf16b21f29d,CC BY 4.0 plus WHOOPS! Dataset License Agreement additional conditions,nlphuji/whoops,cca58d854ee35b6bfbedc14a9155483e89500ae9,5.0.1,12.3.0,sha256(big_endian_uint32(width) || big_endian_uint32(height) || RGB_pixel_bytes_row_major),950539add8f8fd2032d29069756243efdb7aebc6f9633903f74c9097cf6b6a1a,working-tree:779.png,exact_decoded_match,,,,
780,data/raw_images/abnormal/780.png,95567877c4ec61da161ba40d8ab3bd73aa39e0a5186b789e185b07cade7dd78c,https://whoops-benchmark.s3.amazonaws.com/whoops_images/95567877c4ec61da161ba40d8ab3bd73aa39e0a5186b789e185b07cade7dd78c.png,1024,1024,95567877c4ec61da161ba40d8ab3bd73aa39e0a5186b789e185b07cade7dd78c,62a82762894dd2f7e67278b9a9a07f8bef7c47a457a190e8f1281d075ee4eff0,CC BY 4.0 plus WHOOPS! Dataset License Agreement additional conditions,nlphuji/whoops,cca58d854ee35b6bfbedc14a9155483e89500ae9,5.0.1,12.3.0,sha256(big_endian_uint32(width) || big_endian_uint32(height) || RGB_pixel_bytes_row_major),95567877c4ec61da161ba40d8ab3bd73aa39e0a5186b789e185b07cade7dd78c,working-tree:780.png,exact_decoded_match,,,,
781,data/raw_images/abnormal/781.png,958de8cb409de640220d0a0b67985e9a5c40bfa5a4a5354c8d66dbec14851ac2,https://whoops-benchmark.s3.amazonaws.com/whoops_images/958de8cb409de640220d0a0b67985e9a5c40bfa5a4a5354c8d66dbec14851ac2.png,1024,1024,958de8cb409de640220d0a0b67985e9a5c40bfa5a4a5354c8d66dbec14851ac2,990a14482b17dc9023092b63b11c3f3daf586ffd8ea0a359625f55f121f28700,CC BY 4.0 plus WHOOPS! Dataset License Agreement additional conditions,nlphuji/whoops,cca58d854ee35b6bfbedc14a9155483e89500ae9,5.0.1,12.3.0,sha256(big_endian_uint32(width) || big_endian_uint32(height) || RGB_pixel_bytes_row_major),958de8cb409de640220d0a0b67985e9a5c40bfa5a4a5354c8d66dbec14851ac2,working-tree:781.png,exact_decoded_match,,,,
782,data/raw_images/abnormal/782.png,959395aa29280a0f908349068d803dad637c631845ea13497ebd6439749021d7,https://whoops-benchmark.s3.amazonaws.com/whoops_images/959395aa29280a0f908349068d803dad637c631845ea13497ebd6439749021d7.png,1024,1024,959395aa29280a0f908349068d803dad637c631845ea13497ebd6439749021d7,cb02e9d7c036277c646b3d35964493ccd5e628c6262e9b7090a0232830d41fac,CC BY 4.0 plus WHOOPS! Dataset License Agreement additional conditions,nlphuji/whoops,cca58d854ee35b6bfbedc14a9155483e89500ae9,5.0.1,12.3.0,sha256(big_endian_uint32(width) || big_endian_uint32(height) || RGB_pixel_bytes_row_major),959395aa29280a0f908349068d803dad637c631845ea13497ebd6439749021d7,working-tree:782.png,exact_decoded_match,,,,
783,data/raw_images/abnormal/783.png,9645b77212a687509f1ae241ef0909107642d5b78dabea18d1b672c2314e281f,https://whoops-benchmark.s3.amazonaws.com/whoops_images/9645b77212a687509f1ae241ef0909107642d5b78dabea18d1b672c2314e281f.png,1024,1024,9645b77212a687509f1ae241ef0909107642d5b78dabea18d1b672c2314e281f,b77b01b7970b334ccc876f8c0a354794d0e4d91f8980b3e3c5ea89a6c7e34d7b,CC BY 4.0 plus WHOOPS! Dataset License Agreement additional conditions,nlphuji/whoops,cca58d854ee35b6bfbedc14a9155483e89500ae9,5.0.1,12.3.0,sha256(big_endian_uint32(width) || big_endian_uint32(height) || RGB_pixel_bytes_row_major),9645b77212a687509f1ae241ef0909107642d5b78dabea18d1b672c2314e281f,working-tree:783.png,exact_decoded_match,,,,
784,data/raw_images/abnormal/784.png,96d6a75d9bbdd0e2fa75ed32f207cd6d63391e3ac0b7f9402150e3ccf0d5082d,https://whoops-benchmark.s3.amazonaws.com/whoops_images/96d6a75d9bbdd0e2fa75ed32f207cd6d63391e3ac0b7f9402150e3ccf0d5082d.png,1024,1024,96d6a75d9bbdd0e2fa75ed32f207cd6d63391e3ac0b7f9402150e3ccf0d5082d,8ed628a6c02869d26832785c42a719c1f4a814c54097477e53d76116b3f7a2e0,CC BY 4.0 plus WHOOPS! Dataset License Agreement additional conditions,nlphuji/whoops,cca58d854ee35b6bfbedc14a9155483e89500ae9,5.0.1,12.3.0,sha256(big_endian_uint32(width) || big_endian_uint32(height) || RGB_pixel_bytes_row_major),96d6a75d9bbdd0e2fa75ed32f207cd6d63391e3ac0b7f9402150e3ccf0d5082d,working-tree:784.png,exact_decoded_match,,,,
785,data/raw_images/abnormal/785.png,9775ec7e42ca9caf6f576d8a7706b68046a5052ee5535607368f91552f2f7b83,https://whoops-benchmark.s3.amazonaws.com/whoops_images/9775ec7e42ca9caf6f576d8a7706b68046a5052ee5535607368f91552f2f7b83.png,1024,1024,9775ec7e42ca9caf6f576d8a7706b68046a5052ee5535607368f91552f2f7b83,48ef7a5f433a5b34f3942d10f5204fef48d4190ed4d09b1531f4917cb21f16a8,CC BY 4.0 plus WHOOPS! Dataset License Agreement additional conditions,nlphuji/whoops,cca58d854ee35b6bfbedc14a9155483e89500ae9,5.0.1,12.3.0,sha256(big_endian_uint32(width) || big_endian_uint32(height) || RGB_pixel_bytes_row_major),9775ec7e42ca9caf6f576d8a7706b68046a5052ee5535607368f91552f2f7b83,working-tree:785.png,exact_decoded_match,,,,
786,data/raw_images/abnormal/786.png,97d1e0bbfc722f683e95724fee0b3009c293ca7fb4296d525949b76cc76059ef,https://whoops-benchmark.s3.amazonaws.com/whoops_images/97d1e0bbfc722f683e95724fee0b3009c293ca7fb4296d525949b76cc76059ef.png,1024,1024,97d1e0bbfc722f683e95724fee0b3009c293ca7fb4296d525949b76cc76059ef,ebccfec6e4ef222b79efafeccf658a42365d143d60f5bc0b424e75a00e0ee13e,CC BY 4.0 plus WHOOPS! Dataset License Agreement additional conditions,nlphuji/whoops,cca58d854ee35b6bfbedc14a9155483e89500ae9,5.0.1,12.3.0,sha256(big_endian_uint32(width) || big_endian_uint32(height) || RGB_pixel_bytes_row_major),97d1e0bbfc722f683e95724fee0b3009c293ca7fb4296d525949b76cc76059ef,working-tree:786.png,exact_decoded_match,,,,
787,data/raw_images/abnormal/787.png,97dc6f02af31403f499c4d1403f5a0a941f292f1240889114451717a35caf69a,https://whoops-benchmark.s3.amazonaws.com/whoops_images/97dc6f02af31403f499c4d1403f5a0a941f292f1240889114451717a35caf69a.png,1024,1024,97dc6f02af31403f499c4d1403f5a0a941f292f1240889114451717a35caf69a,da24a2bb1c926f0d446eeac3db70d4ac28d684e20d235167a066d1e67e0645b7,CC BY 4.0 plus WHOOPS! Dataset License Agreement additional conditions,nlphuji/whoops,cca58d854ee35b6bfbedc14a9155483e89500ae9,5.0.1,12.3.0,sha256(big_endian_uint32(width) || big_endian_uint32(height) || RGB_pixel_bytes_row_major),97dc6f02af31403f499c4d1403f5a0a941f292f1240889114451717a35caf69a,working-tree:787.png,exact_decoded_match,,,,
788,data/raw_images/abnormal/788.png,97de9a18386ed5629d928682d4479c8457833bb7d68782bf4af6d9070fac06d8,https://whoops-benchmark.s3.amazonaws.com/whoops_images/97de9a18386ed5629d928682d4479c8457833bb7d68782bf4af6d9070fac06d8.png,1242,1242,97de9a18386ed5629d928682d4479c8457833bb7d68782bf4af6d9070fac06d8,1001908ed47e1ae54899f11394914dedc5e165ad458fe9ef568518b05b59447e,CC BY 4.0 plus WHOOPS! Dataset License Agreement additional conditions,nlphuji/whoops,cca58d854ee35b6bfbedc14a9155483e89500ae9,5.0.1,12.3.0,sha256(big_endian_uint32(width) || big_endian_uint32(height) || RGB_pixel_bytes_row_major),97de9a18386ed5629d928682d4479c8457833bb7d68782bf4af6d9070fac06d8,working-tree:788.png,exact_decoded_match,,,,
789,data/raw_images/abnormal/789.png,98152160807b0d036e3c813e95eae1d0000f68a5fe8a2087eda391e68c53508f,https://whoops-benchmark.s3.amazonaws.com/whoops_images/98152160807b0d036e3c813e95eae1d0000f68a5fe8a2087eda391e68c53508f.png,1024,1024,98152160807b0d036e3c813e95eae1d0000f68a5fe8a2087eda391e68c53508f,b9931f15e670e82e5390e7ad31fcb35989405b34e61c6ffd8ee36f66f0018954,CC BY 4.0 plus WHOOPS! Dataset License Agreement additional conditions,nlphuji/whoops,cca58d854ee35b6bfbedc14a9155483e89500ae9,5.0.1,12.3.0,sha256(big_endian_uint32(width) || big_endian_uint32(height) || RGB_pixel_bytes_row_major),98152160807b0d036e3c813e95eae1d0000f68a5fe8a2087eda391e68c53508f,working-tree:789.png,exact_decoded_match,,,,
790,data/raw_images/abnormal/790.png,984c03e2021fa5bb9b86f80b7acc98994fb943aa92917d3cf2d3402a0225b0db,https://whoops-benchmark.s3.amazonaws.com/whoops_images/984c03e2021fa5bb9b86f80b7acc98994fb943aa92917d3cf2d3402a0225b0db.png,1024,1024,984c03e2021fa5bb9b86f80b7acc98994fb943aa92917d3cf2d3402a0225b0db,7fcf0c5d0dc072ef48ef7fe711af0b698ff7ba78880fa628442840ec19098342,CC BY 4.0 plus WHOOPS! Dataset License Agreement additional conditions,nlphuji/whoops,cca58d854ee35b6bfbedc14a9155483e89500ae9,5.0.1,12.3.0,sha256(big_endian_uint32(width) || big_endian_uint32(height) || RGB_pixel_bytes_row_major),984c03e2021fa5bb9b86f80b7acc98994fb943aa92917d3cf2d3402a0225b0db,working-tree:790.png,exact_decoded_match,,,,
791,data/raw_images/abnormal/791.png,9862203d47166291d32e720175c78ec7d2fe6f92293150ea353b5a28c44e77a6,https://whoops-benchmark.s3.amazonaws.com/whoops_images/9862203d47166291d32e720175c78ec7d2fe6f92293150ea353b5a28c44e77a6.png,1024,1024,9862203d47166291d32e720175c78ec7d2fe6f92293150ea353b5a28c44e77a6,7ca5496a73a64a275ad753e5bdb6c1b8484d24e280d30d05af55af789437f14f,CC BY 4.0 plus WHOOPS! Dataset License Agreement additional conditions,nlphuji/whoops,cca58d854ee35b6bfbedc14a9155483e89500ae9,5.0.1,12.3.0,sha256(big_endian_uint32(width) || big_endian_uint32(height) || RGB_pixel_bytes_row_major),9862203d47166291d32e720175c78ec7d2fe6f92293150ea353b5a28c44e77a6,working-tree:791.png,exact_decoded_match,,,,
792,data/raw_images/abnormal/792.png,996df9b4812925e389688a1627436d97059391ace0ae98881132db003e0c5a3d,https://whoops-benchmark.s3.amazonaws.com/whoops_images/996df9b4812925e389688a1627436d97059391ace0ae98881132db003e0c5a3d.png,1024,1024,996df9b4812925e389688a1627436d97059391ace0ae98881132db003e0c5a3d,4bf13fcd0de5d2ac0c566255122d73cb92d706afc33fbf4b73bd0e14cc928db7,CC BY 4.0 plus WHOOPS! Dataset License Agreement additional conditions,nlphuji/whoops,cca58d854ee35b6bfbedc14a9155483e89500ae9,5.0.1,12.3.0,sha256(big_endian_uint32(width) || big_endian_uint32(height) || RGB_pixel_bytes_row_major),996df9b4812925e389688a1627436d97059391ace0ae98881132db003e0c5a3d,working-tree:792.png,exact_decoded_match,,,,
793,data/raw_images/abnormal/793.png,9a7c1eb6b403d1225776a5f16d5188bb074fdb042cd3afd7a98ca330756b00cf,https://whoops-benchmark.s3.amazonaws.com/whoops_images/9a7c1eb6b403d1225776a5f16d5188bb074fdb042cd3afd7a98ca330756b00cf.png,1024,1024,9a7c1eb6b403d1225776a5f16d5188bb074fdb042cd3afd7a98ca330756b00cf,52729a308798ca6e38a8bb34a4732afb67cbd1e648eb0af8a39421cd07dc3f15,CC BY 4.0 plus WHOOPS! Dataset License Agreement additional conditions,nlphuji/whoops,cca58d854ee35b6bfbedc14a9155483e89500ae9,5.0.1,12.3.0,sha256(big_endian_uint32(width) || big_endian_uint32(height) || RGB_pixel_bytes_row_major),9a7c1eb6b403d1225776a5f16d5188bb074fdb042cd3afd7a98ca330756b00cf,working-tree:793.png,exact_decoded_match,,,,
794,data/raw_images/abnormal/794.png,9bc84a0c552afe5c228917befde83e06184c08b9d1b69f6069dc503193dae02e,https://whoops-benchmark.s3.amazonaws.com/whoops_images/9bc84a0c552afe5c228917befde83e06184c08b9d1b69f6069dc503193dae02e.png,1024,1024,9bc84a0c552afe5c228917befde83e06184c08b9d1b69f6069dc503193dae02e,723e50dac20f1f3e0b1cb684a6012a5ac2f3c93d2bbca204703a6f9aaa0a0bca,CC BY 4.0 plus WHOOPS! Dataset License Agreement additional conditions,nlphuji/whoops,cca58d854ee35b6bfbedc14a9155483e89500ae9,5.0.1,12.3.0,sha256(big_endian_uint32(width) || big_endian_uint32(height) || RGB_pixel_bytes_row_major),9bc84a0c552afe5c228917befde83e06184c08b9d1b69f6069dc503193dae02e,working-tree:794.png,exact_decoded_match,,,,
795,data/raw_images/abnormal/795.png,9c0290315942b963678e6be6e958a719aefde867fa8372fe0a5a808d8ee2cc34,https://whoops-benchmark.s3.amazonaws.com/whoops_images/9c0290315942b963678e6be6e958a719aefde867fa8372fe0a5a808d8ee2cc34.png,1024,1024,9c0290315942b963678e6be6e958a719aefde867fa8372fe0a5a808d8ee2cc34,7ba40842006f5f719f7dc20f5c7d13a57b24529d1f5f7650c089880166151fa2,CC BY 4.0 plus WHOOPS! Dataset License Agreement additional conditions,nlphuji/whoops,cca58d854ee35b6bfbedc14a9155483e89500ae9,5.0.1,12.3.0,sha256(big_endian_uint32(width) || big_endian_uint32(height) || RGB_pixel_bytes_row_major),9c0290315942b963678e6be6e958a719aefde867fa8372fe0a5a808d8ee2cc34,working-tree:795.png,exact_decoded_match,,,,
796,data/raw_images/abnormal/796.png,9c43f902ac2be33fe4b40a4e116ac4d5ae72f6015c09ad8e0918614cde62a108,https://whoops-benchmark.s3.amazonaws.com/whoops_images/9c43f902ac2be33fe4b40a4e116ac4d5ae72f6015c09ad8e0918614cde62a108.png,1024,1024,9c43f902ac2be33fe4b40a4e116ac4d5ae72f6015c09ad8e0918614cde62a108,a44a52662053a0af0380af8f2026ad935d3d104ef1d49aa0cd0d2c0834a51560,CC BY 4.0 plus WHOOPS! Dataset License Agreement additional conditions,nlphuji/whoops,cca58d854ee35b6bfbedc14a9155483e89500ae9,5.0.1,12.3.0,sha256(big_endian_uint32(width) || big_endian_uint32(height) || RGB_pixel_bytes_row_major),9c43f902ac2be33fe4b40a4e116ac4d5ae72f6015c09ad8e0918614cde62a108,working-tree:796.png,exact_decoded_match,,,,
797,data/raw_images/abnormal/797.png,9c8838d168c6c674aaa2cf12f687764cbeac831c09c94c12275f3d0ee9733a68,https://whoops-benchmark.s3.amazonaws.com/whoops_images/9c8838d168c6c674aaa2cf12f687764cbeac831c09c94c12275f3d0ee9733a68.png,1536,1536,9c8838d168c6c674aaa2cf12f687764cbeac831c09c94c12275f3d0ee9733a68,0f8f75b10cbad4cdbe33a538467422a8c72dbccf37762545e901c8ac53aa7a18,CC BY 4.0 plus WHOOPS! Dataset License Agreement additional conditions,nlphuji/whoops,cca58d854ee35b6bfbedc14a9155483e89500ae9,5.0.1,12.3.0,sha256(big_endian_uint32(width) || big_endian_uint32(height) || RGB_pixel_bytes_row_major),f7a69d1356b4df3fa5b3b091b6e96c07de15796ab469e274cdd4c3ca53e519d7,working-tree:797.png,deterministic_transform_verified,resize_max_side_1536_lanczos_floor_dimensions,official_decoded_rgb_sha256=09a5144f088d3aa23312b332a8a353783e92d6f82ed62bf9b0497b40befd6a02; transformed_decoded_rgb_sha256=0f8f75b10cbad4cdbe33a538467422a8c72dbccf37762545e901c8ac53aa7a18; archive_revision=0616dca,9c8838d168c6c674aaa2cf12f687764cbeac831c09c94c12275f3d0ee9733a68,09a5144f088d3aa23312b332a8a353783e92d6f82ed62bf9b0497b40befd6a02
798,data/raw_images/abnormal/798.png,9cbe87a7bce33214e0b97429e7f8c8320e653082c5ec4d41a5f34a3a3157ca6d,https://whoops-benchmark.s3.amazonaws.com/whoops_images/9cbe87a7bce33214e0b97429e7f8c8320e653082c5ec4d41a5f34a3a3157ca6d.png,1242,1242,9cbe87a7bce33214e0b97429e7f8c8320e653082c5ec4d41a5f34a3a3157ca6d,758e80e243b288f85caf257e94d32a7559104a25ea2a21d1d7cf7ce442310292,CC BY 4.0 plus WHOOPS! Dataset License Agreement additional conditions,nlphuji/whoops,cca58d854ee35b6bfbedc14a9155483e89500ae9,5.0.1,12.3.0,sha256(big_endian_uint32(width) || big_endian_uint32(height) || RGB_pixel_bytes_row_major),9cbe87a7bce33214e0b97429e7f8c8320e653082c5ec4d41a5f34a3a3157ca6d,working-tree:798.png,exact_decoded_match,,,,
799,data/raw_images/abnormal/799.png,9cff30334bd76960f96f85ed0bae05d557b92f923c6a363084eb61d935fdfe14,https://whoops-benchmark.s3.amazonaws.com/whoops_images/9cff30334bd76960f96f85ed0bae05d557b92f923c6a363084eb61d935fdfe14.png,1024,1024,9cff30334bd76960f96f85ed0bae05d557b92f923c6a363084eb61d935fdfe14,11cab9439128283cc6fbfea469767f4abebf8f87b7924d08035a00383620984b,CC BY 4.0 plus WHOOPS! Dataset License Agreement additional conditions,nlphuji/whoops,cca58d854ee35b6bfbedc14a9155483e89500ae9,5.0.1,12.3.0,sha256(big_endian_uint32(width) || big_endian_uint32(height) || RGB_pixel_bytes_row_major),9cff30334bd76960f96f85ed0bae05d557b92f923c6a363084eb61d935fdfe14,working-tree:799.png,exact_decoded_match,,,,
800,data/raw_images/abnormal/800.png,9e3706445429891cf0d8111bea72e85db78c7a1381ee2a8b2ca329706d9e3d07,https://whoops-benchmark.s3.amazonaws.com/whoops_images/9e3706445429891cf0d8111bea72e85db78c7a1381ee2a8b2ca329706d9e3d07.png,1024,1024,9e3706445429891cf0d8111bea72e85db78c7a1381ee2a8b2ca329706d9e3d07,6d67fbfbabbabf8b8daa811b8cd365e5c16db0ef62582358c74067253d02b4c6,CC BY 4.0 plus WHOOPS! Dataset License Agreement additional conditions,nlphuji/whoops,cca58d854ee35b6bfbedc14a9155483e89500ae9,5.0.1,12.3.0,sha256(big_endian_uint32(width) || big_endian_uint32(height) || RGB_pixel_bytes_row_major),9e3706445429891cf0d8111bea72e85db78c7a1381ee2a8b2ca329706d9e3d07,working-tree:800.png,exact_decoded_match,,,,
801,data/raw_images/abnormal/801.png,9f728e22016772bd298c25e43f692c83d5cad653a0d8f204f139481891e061e1,https://whoops-benchmark.s3.amazonaws.com/whoops_images/9f728e22016772bd298c25e43f692c83d5cad653a0d8f204f139481891e061e1.png,512,512,9f728e22016772bd298c25e43f692c83d5cad653a0d8f204f139481891e061e1,76a12a1a4c5af779904cf6521f0172e46b77e252d91f565e13919a931fa3f99d,CC BY 4.0 plus WHOOPS! Dataset License Agreement additional conditions,nlphuji/whoops,cca58d854ee35b6bfbedc14a9155483e89500ae9,5.0.1,12.3.0,sha256(big_endian_uint32(width) || big_endian_uint32(height) || RGB_pixel_bytes_row_major),9f728e22016772bd298c25e43f692c83d5cad653a0d8f204f139481891e061e1,working-tree:801.png,exact_decoded_match,,,,
802,data/raw_images/abnormal/802.png,a04b3cf364f408e9a0b6be9a0c2edf4c49cf63bc9590f1fa8654483b88539367,https://whoops-benchmark.s3.amazonaws.com/whoops_images/a04b3cf364f408e9a0b6be9a0c2edf4c49cf63bc9590f1fa8654483b88539367.png,1024,1024,a04b3cf364f408e9a0b6be9a0c2edf4c49cf63bc9590f1fa8654483b88539367,f93d687b340f9f95513fdf7c9e7376a736b63f635bb772dd6e905b22b2c12424,CC BY 4.0 plus WHOOPS! Dataset License Agreement additional conditions,nlphuji/whoops,cca58d854ee35b6bfbedc14a9155483e89500ae9,5.0.1,12.3.0,sha256(big_endian_uint32(width) || big_endian_uint32(height) || RGB_pixel_bytes_row_major),a04b3cf364f408e9a0b6be9a0c2edf4c49cf63bc9590f1fa8654483b88539367,working-tree:802.png,exact_decoded_match,,,,
803,data/raw_images/abnormal/803.png,a0becaa9adf6e09e039e680c2aa007e8336638c726a3509575f1ce3e9e5d9804,https://whoops-benchmark.s3.amazonaws.com/whoops_images/a0becaa9adf6e09e039e680c2aa007e8336638c726a3509575f1ce3e9e5d9804.png,1024,1024,a0becaa9adf6e09e039e680c2aa007e8336638c726a3509575f1ce3e9e5d9804,b7757c7be24a72bf1efac64ea540979db055d0d99f51a3df16753f34823206ec,CC BY 4.0 plus WHOOPS! Dataset License Agreement additional conditions,nlphuji/whoops,cca58d854ee35b6bfbedc14a9155483e89500ae9,5.0.1,12.3.0,sha256(big_endian_uint32(width) || big_endian_uint32(height) || RGB_pixel_bytes_row_major),a0becaa9adf6e09e039e680c2aa007e8336638c726a3509575f1ce3e9e5d9804,working-tree:803.png,exact_decoded_match,,,,
804,data/raw_images/abnormal/804.png,a12d5a278883e1d516df2e323c699553b0b95fa4b6983fc658de4251d9b75952,https://whoops-benchmark.s3.amazonaws.com/whoops_images/a12d5a278883e1d516df2e323c699553b0b95fa4b6983fc658de4251d9b75952.png,1024,1024,a12d5a278883e1d516df2e323c699553b0b95fa4b6983fc658de4251d9b75952,273a440a0e9595afb62666cf4d3539612a91524ea7a51a6074b21c124ebabff7,CC BY 4.0 plus WHOOPS! Dataset License Agreement additional conditions,nlphuji/whoops,cca58d854ee35b6bfbedc14a9155483e89500ae9,5.0.1,12.3.0,sha256(big_endian_uint32(width) || big_endian_uint32(height) || RGB_pixel_bytes_row_major),a12d5a278883e1d516df2e323c699553b0b95fa4b6983fc658de4251d9b75952,working-tree:804.png,exact_decoded_match,,,,
805,data/raw_images/abnormal/805.png,a1bead54bdb2c1a683855047a637622284a708720c6d285791e9f7e79650a8fc,https://whoops-benchmark.s3.amazonaws.com/whoops_images/a1bead54bdb2c1a683855047a637622284a708720c6d285791e9f7e79650a8fc.png,1024,1024,a1bead54bdb2c1a683855047a637622284a708720c6d285791e9f7e79650a8fc,eba1cb835be36b9b44e4bdf841926817a0c45ad4fec6daefd932c9e08b78d28f,CC BY 4.0 plus WHOOPS! Dataset License Agreement additional conditions,nlphuji/whoops,cca58d854ee35b6bfbedc14a9155483e89500ae9,5.0.1,12.3.0,sha256(big_endian_uint32(width) || big_endian_uint32(height) || RGB_pixel_bytes_row_major),a1bead54bdb2c1a683855047a637622284a708720c6d285791e9f7e79650a8fc,working-tree:805.png,exact_decoded_match,,,,
806,data/raw_images/abnormal/806.png,a255fe6ceb040a6eb61bbf3e6d69204216f6b4acabeca27fd41f7737b4e16616,https://whoops-benchmark.s3.amazonaws.com/whoops_images/a255fe6ceb040a6eb61bbf3e6d69204216f6b4acabeca27fd41f7737b4e16616.png,1024,1024,a255fe6ceb040a6eb61bbf3e6d69204216f6b4acabeca27fd41f7737b4e16616,4e17f2bb07e9b56523cbb77003c916ae883dab5836e33c165fc4de6551c30a41,CC BY 4.0 plus WHOOPS! Dataset License Agreement additional conditions,nlphuji/whoops,cca58d854ee35b6bfbedc14a9155483e89500ae9,5.0.1,12.3.0,sha256(big_endian_uint32(width) || big_endian_uint32(height) || RGB_pixel_bytes_row_major),a255fe6ceb040a6eb61bbf3e6d69204216f6b4acabeca27fd41f7737b4e16616,working-tree:806.png,exact_decoded_match,,,,
807,data/raw_images/abnormal/807.png,a269adfdc337d61d7226dc5266d225af936e8eb30120bd4ad6522cfaa62d2d46,https://whoops-benchmark.s3.amazonaws.com/whoops_images/a269adfdc337d61d7226dc5266d225af936e8eb30120bd4ad6522cfaa62d2d46.png,774,774,a269adfdc337d61d7226dc5266d225af936e8eb30120bd4ad6522cfaa62d2d46,fdb095d50e5365b3c89a6a009b0162ee336280929c76ee0e4d656c60f8721116,CC BY 4.0 plus WHOOPS! Dataset License Agreement additional conditions,nlphuji/whoops,cca58d854ee35b6bfbedc14a9155483e89500ae9,5.0.1,12.3.0,sha256(big_endian_uint32(width) || big_endian_uint32(height) || RGB_pixel_bytes_row_major),a269adfdc337d61d7226dc5266d225af936e8eb30120bd4ad6522cfaa62d2d46,working-tree:807.png,exact_decoded_match,,,,
808,data/raw_images/abnormal/808.png,a27a5a39fca6246369cfb75591a03451522d1add29ba0c4b199634e6c5b4a42d,https://whoops-benchmark.s3.amazonaws.com/whoops_images/a27a5a39fca6246369cfb75591a03451522d1add29ba0c4b199634e6c5b4a42d.png,1242,1242,a27a5a39fca6246369cfb75591a03451522d1add29ba0c4b199634e6c5b4a42d,3f768b80c2d852f4a21dc942dadbef5e032dc7789143156230ea637cf2e5c147,CC BY 4.0 plus WHOOPS! Dataset License Agreement additional conditions,nlphuji/whoops,cca58d854ee35b6bfbedc14a9155483e89500ae9,5.0.1,12.3.0,sha256(big_endian_uint32(width) || big_endian_uint32(height) || RGB_pixel_bytes_row_major),a27a5a39fca6246369cfb75591a03451522d1add29ba0c4b199634e6c5b4a42d,working-tree:808.png,exact_decoded_match,,,,
809,data/raw_images/abnormal/809.png,a285f593fc51ce29d140f81d411eacab5f144bc765b35f3ec8a45beb3aacb7ae,https://whoops-benchmark.s3.amazonaws.com/whoops_images/a285f593fc51ce29d140f81d411eacab5f144bc765b35f3ec8a45beb3aacb7ae.png,1024,1024,a285f593fc51ce29d140f81d411eacab5f144bc765b35f3ec8a45beb3aacb7ae,180e9039a7506c2638426dc9b6f639969da1c01ef72ef59c9c19bfd55730603e,CC BY 4.0 plus WHOOPS! Dataset License Agreement additional conditions,nlphuji/whoops,cca58d854ee35b6bfbedc14a9155483e89500ae9,5.0.1,12.3.0,sha256(big_endian_uint32(width) || big_endian_uint32(height) || RGB_pixel_bytes_row_major),a285f593fc51ce29d140f81d411eacab5f144bc765b35f3ec8a45beb3aacb7ae,working-tree:809.png,exact_decoded_match,,,,
810,data/raw_images/abnormal/810.png,a2e41838d15b6bdf576f1f679c84ed7a352601e661a0871f29be159e1053dece,https://whoops-benchmark.s3.amazonaws.com/whoops_images/a2e41838d15b6bdf576f1f679c84ed7a352601e661a0871f29be159e1053dece.png,1024,1024,a2e41838d15b6bdf576f1f679c84ed7a352601e661a0871f29be159e1053dece,1e3b9fea6a48bcfda9d2185a48f09b9d9cd762871ec2cf244cfba6df3bd383c7,CC BY 4.0 plus WHOOPS! Dataset License Agreement additional conditions,nlphuji/whoops,cca58d854ee35b6bfbedc14a9155483e89500ae9,5.0.1,12.3.0,sha256(big_endian_uint32(width) || big_endian_uint32(height) || RGB_pixel_bytes_row_major),a2e41838d15b6bdf576f1f679c84ed7a352601e661a0871f29be159e1053dece,working-tree:810.png,exact_decoded_match,,,,
811,data/raw_images/abnormal/811.png,a354b6e4911c6be6c0b0a11a946a56ab560fe67ba5afc4c9d15a4013ebfaa83b,https://whoops-benchmark.s3.amazonaws.com/whoops_images/a354b6e4911c6be6c0b0a11a946a56ab560fe67ba5afc4c9d15a4013ebfaa83b.png,1024,1024,a354b6e4911c6be6c0b0a11a946a56ab560fe67ba5afc4c9d15a4013ebfaa83b,931a64f641ba1960cc54c3e302bb7afd28e89623f61e938843e21b031d6d93c3,CC BY 4.0 plus WHOOPS! Dataset License Agreement additional conditions,nlphuji/whoops,cca58d854ee35b6bfbedc14a9155483e89500ae9,5.0.1,12.3.0,sha256(big_endian_uint32(width) || big_endian_uint32(height) || RGB_pixel_bytes_row_major),a354b6e4911c6be6c0b0a11a946a56ab560fe67ba5afc4c9d15a4013ebfaa83b,working-tree:811.png,exact_decoded_match,,,,
812,data/raw_images/abnormal/812.png,a3ae1f4c52ca782bcef462f8bc9fd70a3c61d86ff512b14dab0717a863ab6a90,https://whoops-benchmark.s3.amazonaws.com/whoops_images/a3ae1f4c52ca782bcef462f8bc9fd70a3c61d86ff512b14dab0717a863ab6a90.png,580,580,a3ae1f4c52ca782bcef462f8bc9fd70a3c61d86ff512b14dab0717a863ab6a90,c89ae967908b8e215223f1f09ebfd9cf1a3b0262a0758a7f3d24c104d5415a45,CC BY 4.0 plus WHOOPS! Dataset License Agreement additional conditions,nlphuji/whoops,cca58d854ee35b6bfbedc14a9155483e89500ae9,5.0.1,12.3.0,sha256(big_endian_uint32(width) || big_endian_uint32(height) || RGB_pixel_bytes_row_major),a3ae1f4c52ca782bcef462f8bc9fd70a3c61d86ff512b14dab0717a863ab6a90,working-tree:812.png,exact_decoded_match,,,,
813,data/raw_images/abnormal/813.png,a3bf493d52adddca3a97cb1c512c48e6b58971b61dc8a291a8316a1ba484db78,https://whoops-benchmark.s3.amazonaws.com/whoops_images/a3bf493d52adddca3a97cb1c512c48e6b58971b61dc8a291a8316a1ba484db78.png,1024,1024,a3bf493d52adddca3a97cb1c512c48e6b58971b61dc8a291a8316a1ba484db78,dd0aa295f686919a1d9c0f45d0b8131d5d25fd446841d9559325a0413664c4d7,CC BY 4.0 plus WHOOPS! Dataset License Agreement additional conditions,nlphuji/whoops,cca58d854ee35b6bfbedc14a9155483e89500ae9,5.0.1,12.3.0,sha256(big_endian_uint32(width) || big_endian_uint32(height) || RGB_pixel_bytes_row_major),a3bf493d52adddca3a97cb1c512c48e6b58971b61dc8a291a8316a1ba484db78,working-tree:813.png,exact_decoded_match,,,,
814,data/raw_images/abnormal/814.png,a3c1f6448b942d55279440b4192791b13d5d04bc5a3bdbb16698104170fe005e,https://whoops-benchmark.s3.amazonaws.com/whoops_images/a3c1f6448b942d55279440b4192791b13d5d04bc5a3bdbb16698104170fe005e.png,1024,1024,a3c1f6448b942d55279440b4192791b13d5d04bc5a3bdbb16698104170fe005e,d50f76d43fd52af779f6ec2786ec2f73a0e4dd70476ab572ded4376723e096bf,CC BY 4.0 plus WHOOPS! Dataset License Agreement additional conditions,nlphuji/whoops,cca58d854ee35b6bfbedc14a9155483e89500ae9,5.0.1,12.3.0,sha256(big_endian_uint32(width) || big_endian_uint32(height) || RGB_pixel_bytes_row_major),a3c1f6448b942d55279440b4192791b13d5d04bc5a3bdbb16698104170fe005e,working-tree:814.png,exact_decoded_match,,,,
815,data/raw_images/abnormal/815.png,a3ea42bb542e4e0dd6bfb76b6f79d2274091925428505b13cfa3dc7e86f7e9f1,https://whoops-benchmark.s3.amazonaws.com/whoops_images/a3ea42bb542e4e0dd6bfb76b6f79d2274091925428505b13cfa3dc7e86f7e9f1.png,1024,1024,a3ea42bb542e4e0dd6bfb76b6f79d2274091925428505b13cfa3dc7e86f7e9f1,525def1d8c55cdee9776aebd0b9dd2abbaa791406b97c6fda93b8ae054ac9b95,CC BY 4.0 plus WHOOPS! Dataset License Agreement additional conditions,nlphuji/whoops,cca58d854ee35b6bfbedc14a9155483e89500ae9,5.0.1,12.3.0,sha256(big_endian_uint32(width) || big_endian_uint32(height) || RGB_pixel_bytes_row_major),a3ea42bb542e4e0dd6bfb76b6f79d2274091925428505b13cfa3dc7e86f7e9f1,working-tree:815.png,exact_decoded_match,,,,
816,data/raw_images/abnormal/816.png,a42d98b842a4ec57de6e873f51310e77c2b6cd08d47fa1662d446a62ff78ab39,https://whoops-benchmark.s3.amazonaws.com/whoops_images/a42d98b842a4ec57de6e873f51310e77c2b6cd08d47fa1662d446a62ff78ab39.png,1024,1024,a42d98b842a4ec57de6e873f51310e77c2b6cd08d47fa1662d446a62ff78ab39,2e2762e898de0b455ffe2285fdfd36bd2306164f640aa3c6d371efbf76761347,CC BY 4.0 plus WHOOPS! Dataset License Agreement additional conditions,nlphuji/whoops,cca58d854ee35b6bfbedc14a9155483e89500ae9,5.0.1,12.3.0,sha256(big_endian_uint32(width) || big_endian_uint32(height) || RGB_pixel_bytes_row_major),a42d98b842a4ec57de6e873f51310e77c2b6cd08d47fa1662d446a62ff78ab39,working-tree:816.png,exact_decoded_match,,,,
817,data/raw_images/abnormal/817.png,a44e48b526d196a5368435f20d274090b5065d6fd04ca68480b3951ece3bac05,https://whoops-benchmark.s3.amazonaws.com/whoops_images/a44e48b526d196a5368435f20d274090b5065d6fd04ca68480b3951ece3bac05.png,1024,1024,a44e48b526d196a5368435f20d274090b5065d6fd04ca68480b3951ece3bac05,5cc1ce1c867cf9fa783d3ae888b329c768a680def293cad7d238d42b5b4941c1,CC BY 4.0 plus WHOOPS! Dataset License Agreement additional conditions,nlphuji/whoops,cca58d854ee35b6bfbedc14a9155483e89500ae9,5.0.1,12.3.0,sha256(big_endian_uint32(width) || big_endian_uint32(height) || RGB_pixel_bytes_row_major),a44e48b526d196a5368435f20d274090b5065d6fd04ca68480b3951ece3bac05,working-tree:817.png,exact_decoded_match,,,,
818,data/raw_images/abnormal/818.png,a4b79ce79cce28b1d72df2a37c70fc84fa78d4a0442beb2032ed6479a2fc3b50,https://whoops-benchmark.s3.amazonaws.com/whoops_images/a4b79ce79cce28b1d72df2a37c70fc84fa78d4a0442beb2032ed6479a2fc3b50.png,1024,1536,a4b79ce79cce28b1d72df2a37c70fc84fa78d4a0442beb2032ed6479a2fc3b50,ac594437c8beedffd2e0e5545509cab0ceb2363e2b166fb9fa44852716ce046b,CC BY 4.0 plus WHOOPS! Dataset License Agreement additional conditions,nlphuji/whoops,cca58d854ee35b6bfbedc14a9155483e89500ae9,5.0.1,12.3.0,sha256(big_endian_uint32(width) || big_endian_uint32(height) || RGB_pixel_bytes_row_major),a4b79ce79cce28b1d72df2a37c70fc84fa78d4a0442beb2032ed6479a2fc3b50,working-tree:818.png,exact_decoded_match,,,,
819,data/raw_images/abnormal/819.png,a4faf2bb2a1d741c0566b855544c17d5a997748254211947efc6c7649b97a96c,https://whoops-benchmark.s3.amazonaws.com/whoops_images/a4faf2bb2a1d741c0566b855544c17d5a997748254211947efc6c7649b97a96c.png,1024,1024,a4faf2bb2a1d741c0566b855544c17d5a997748254211947efc6c7649b97a96c,a73847320b6792e3954201f2cd0d97721262504b4e21fd0cdc978b9bab333ae8,CC BY 4.0 plus WHOOPS! Dataset License Agreement additional conditions,nlphuji/whoops,cca58d854ee35b6bfbedc14a9155483e89500ae9,5.0.1,12.3.0,sha256(big_endian_uint32(width) || big_endian_uint32(height) || RGB_pixel_bytes_row_major),a4faf2bb2a1d741c0566b855544c17d5a997748254211947efc6c7649b97a96c,working-tree:819.png,exact_decoded_match,,,,
820,data/raw_images/abnormal/820.png,a57f31986d2e590cc1ca3524f92126b030496f97933787e15e9c7cc57aa2ee7b,https://whoops-benchmark.s3.amazonaws.com/whoops_images/a57f31986d2e590cc1ca3524f92126b030496f97933787e15e9c7cc57aa2ee7b.png,1024,1024,a57f31986d2e590cc1ca3524f92126b030496f97933787e15e9c7cc57aa2ee7b,1563025c5bb3317121ac06ce605a17bc253aa107f5bcccefe519c4159c3bab4f,CC BY 4.0 plus WHOOPS! Dataset License Agreement additional conditions,nlphuji/whoops,cca58d854ee35b6bfbedc14a9155483e89500ae9,5.0.1,12.3.0,sha256(big_endian_uint32(width) || big_endian_uint32(height) || RGB_pixel_bytes_row_major),a57f31986d2e590cc1ca3524f92126b030496f97933787e15e9c7cc57aa2ee7b,working-tree:820.png,exact_decoded_match,,,,
821,data/raw_images/abnormal/821.png,a5e28a7d57db9fb1b6db16d63c49ab2f547ebb20cdebb7cd56479578e8e09b57,https://whoops-benchmark.s3.amazonaws.com/whoops_images/a5e28a7d57db9fb1b6db16d63c49ab2f547ebb20cdebb7cd56479578e8e09b57.png,1024,1536,a5e28a7d57db9fb1b6db16d63c49ab2f547ebb20cdebb7cd56479578e8e09b57,249fe09ba139ca89bb2f7dc99cccdc088c25d4b9657454608abe602f438cd321,CC BY 4.0 plus WHOOPS! Dataset License Agreement additional conditions,nlphuji/whoops,cca58d854ee35b6bfbedc14a9155483e89500ae9,5.0.1,12.3.0,sha256(big_endian_uint32(width) || big_endian_uint32(height) || RGB_pixel_bytes_row_major),a5e28a7d57db9fb1b6db16d63c49ab2f547ebb20cdebb7cd56479578e8e09b57,working-tree:821.png,exact_decoded_match,,,,
822,data/raw_images/abnormal/822.png,a6153b974853fdfc7e56036bcfdf74c02cc745db2a2710a4be86bebbf248f4e9,https://whoops-benchmark.s3.amazonaws.com/whoops_images/a6153b974853fdfc7e56036bcfdf74c02cc745db2a2710a4be86bebbf248f4e9.png,1024,1024,a6153b974853fdfc7e56036bcfdf74c02cc745db2a2710a4be86bebbf248f4e9,4a4ac88632bf3e1bb101a73962c964b30fbeffb4771c98577ff717927f3f8ce0,CC BY 4.0 plus WHOOPS! Dataset License Agreement additional conditions,nlphuji/whoops,cca58d854ee35b6bfbedc14a9155483e89500ae9,5.0.1,12.3.0,sha256(big_endian_uint32(width) || big_endian_uint32(height) || RGB_pixel_bytes_row_major),a6153b974853fdfc7e56036bcfdf74c02cc745db2a2710a4be86bebbf248f4e9,working-tree:822.png,exact_decoded_match,,,,
823,data/raw_images/abnormal/823.png,a6768ca96f4c9a37e926a6a051437130b542a2d1506209da54f970a8f318ce5f,https://whoops-benchmark.s3.amazonaws.com/whoops_images/a6768ca96f4c9a37e926a6a051437130b542a2d1506209da54f970a8f318ce5f.png,1262,1262,a6768ca96f4c9a37e926a6a051437130b542a2d1506209da54f970a8f318ce5f,4348fecfddb05351f3f2a1024946aa89de866049b228ee6a87bd63a690e2e752,CC BY 4.0 plus WHOOPS! Dataset License Agreement additional conditions,nlphuji/whoops,cca58d854ee35b6bfbedc14a9155483e89500ae9,5.0.1,12.3.0,sha256(big_endian_uint32(width) || big_endian_uint32(height) || RGB_pixel_bytes_row_major),a6768ca96f4c9a37e926a6a051437130b542a2d1506209da54f970a8f318ce5f,working-tree:823.png,exact_decoded_match,,,,
824,data/raw_images/abnormal/824.png,a6cdbc28dbf0f3a2b9aadd181d9b42a723e3bd8c52234e85c24ee636348d019b,https://whoops-benchmark.s3.amazonaws.com/whoops_images/a6cdbc28dbf0f3a2b9aadd181d9b42a723e3bd8c52234e85c24ee636348d019b.png,1024,1024,a6cdbc28dbf0f3a2b9aadd181d9b42a723e3bd8c52234e85c24ee636348d019b,2b2c249848bc058fdc034bffdc7b9abc8fc238cececd83cc566e1e841abd9c0e,CC BY 4.0 plus WHOOPS! Dataset License Agreement additional conditions,nlphuji/whoops,cca58d854ee35b6bfbedc14a9155483e89500ae9,5.0.1,12.3.0,sha256(big_endian_uint32(width) || big_endian_uint32(height) || RGB_pixel_bytes_row_major),a6cdbc28dbf0f3a2b9aadd181d9b42a723e3bd8c52234e85c24ee636348d019b,working-tree:824.png,exact_decoded_match,,,,
825,data/raw_images/abnormal/825.png,a6f6a872e93f4a2a415d42dca72787f002267994169595967914eb395eefcc6c,https://whoops-benchmark.s3.amazonaws.com/whoops_images/a6f6a872e93f4a2a415d42dca72787f002267994169595967914eb395eefcc6c.png,1024,1024,a6f6a872e93f4a2a415d42dca72787f002267994169595967914eb395eefcc6c,f0eb9934339aa0ec2cc2d864759f2543ee3414dd08e88d0cbc11137bc5138dab,CC BY 4.0 plus WHOOPS! Dataset License Agreement additional conditions,nlphuji/whoops,cca58d854ee35b6bfbedc14a9155483e89500ae9,5.0.1,12.3.0,sha256(big_endian_uint32(width) || big_endian_uint32(height) || RGB_pixel_bytes_row_major),a6f6a872e93f4a2a415d42dca72787f002267994169595967914eb395eefcc6c,working-tree:825.png,exact_decoded_match,,,,
826,data/raw_images/abnormal/826.png,a70326dd06a3b1c338682bac6b6632109a4e57f66d4af314215871cdc3457d9c,https://whoops-benchmark.s3.amazonaws.com/whoops_images/a70326dd06a3b1c338682bac6b6632109a4e57f66d4af314215871cdc3457d9c.png,1024,1024,a70326dd06a3b1c338682bac6b6632109a4e57f66d4af314215871cdc3457d9c,1fcc3a89a7e5a474eedc0d0793e182ec7bca79a72c435d053049fc895fc4fbd9,CC BY 4.0 plus WHOOPS! Dataset License Agreement additional conditions,nlphuji/whoops,cca58d854ee35b6bfbedc14a9155483e89500ae9,5.0.1,12.3.0,sha256(big_endian_uint32(width) || big_endian_uint32(height) || RGB_pixel_bytes_row_major),a70326dd06a3b1c338682bac6b6632109a4e57f66d4af314215871cdc3457d9c,working-tree:826.png,exact_decoded_match,,,,
827,data/raw_images/abnormal/827.png,a76cfa293b2029a0807a0748b2f26003ef587f76ca8d89f7c61d2d756dc393e5,https://whoops-benchmark.s3.amazonaws.com/whoops_images/a76cfa293b2029a0807a0748b2f26003ef587f76ca8d89f7c61d2d756dc393e5.png,1536,1536,a76cfa293b2029a0807a0748b2f26003ef587f76ca8d89f7c61d2d756dc393e5,bc412fe0d0adb060e1de5ed643e94cbcfb09f543c47bd68036c6884eeb471e6a,CC BY 4.0 plus WHOOPS! Dataset License Agreement additional conditions,nlphuji/whoops,cca58d854ee35b6bfbedc14a9155483e89500ae9,5.0.1,12.3.0,sha256(big_endian_uint32(width) || big_endian_uint32(height) || RGB_pixel_bytes_row_major),8557fcc4dd735a83e963e10ebcb550ddf293f2351bb1e1279f94d25d33205870,working-tree:827.png,deterministic_transform_verified,resize_max_side_1536_lanczos_floor_dimensions,official_decoded_rgb_sha256=3679955eeb187c2150e76be042dcbd9f537960f85d9bc94c2a05fc8104c333c3; transformed_decoded_rgb_sha256=bc412fe0d0adb060e1de5ed643e94cbcfb09f543c47bd68036c6884eeb471e6a; archive_revision=0616dca,a76cfa293b2029a0807a0748b2f26003ef587f76ca8d89f7c61d2d756dc393e5,3679955eeb187c2150e76be042dcbd9f537960f85d9bc94c2a05fc8104c333c3
828,data/raw_images/abnormal/828.png,a79e9d02dc38b63c96ed6b4e63ca6852343810671bd42ab6628aa630085aa0eb,https://whoops-benchmark.s3.amazonaws.com/whoops_images/a79e9d02dc38b63c96ed6b4e63ca6852343810671bd42ab6628aa630085aa0eb.png,1024,1024,a79e9d02dc38b63c96ed6b4e63ca6852343810671bd42ab6628aa630085aa0eb,6ff0ecba0a505d57b25f9ab8bd46c0893b1d9ecaa3b4300eae4fbf8d852fc9fa,CC BY 4.0 plus WHOOPS! Dataset License Agreement additional conditions,nlphuji/whoops,cca58d854ee35b6bfbedc14a9155483e89500ae9,5.0.1,12.3.0,sha256(big_endian_uint32(width) || big_endian_uint32(height) || RGB_pixel_bytes_row_major),a79e9d02dc38b63c96ed6b4e63ca6852343810671bd42ab6628aa630085aa0eb,working-tree:828.png,exact_decoded_match,,,,
829,data/raw_images/abnormal/829.png,a7e9e75c6e15367327eb6e78a44217a2fa34a6642562c835532de1537eafd639,https://whoops-benchmark.s3.amazonaws.com/whoops_images/a7e9e75c6e15367327eb6e78a44217a2fa34a6642562c835532de1537eafd639.png,1024,1024,a7e9e75c6e15367327eb6e78a44217a2fa34a6642562c835532de1537eafd639,1cab1213b7b76e57e8baf30497aca90b4e813b36f82075afb140916dc2012f69,CC BY 4.0 plus WHOOPS! Dataset License Agreement additional conditions,nlphuji/whoops,cca58d854ee35b6bfbedc14a9155483e89500ae9,5.0.1,12.3.0,sha256(big_endian_uint32(width) || big_endian_uint32(height) || RGB_pixel_bytes_row_major),a7e9e75c6e15367327eb6e78a44217a2fa34a6642562c835532de1537eafd639,working-tree:829.png,exact_decoded_match,,,,
830,data/raw_images/abnormal/830.png,a820d99e07d3a35fe8b858e23de460aa98dceffcdf64114e4feb4199ded0cdda,https://whoops-benchmark.s3.amazonaws.com/whoops_images/a820d99e07d3a35fe8b858e23de460aa98dceffcdf64114e4feb4199ded0cdda.png,1024,1024,a820d99e07d3a35fe8b858e23de460aa98dceffcdf64114e4feb4199ded0cdda,1c6db4df0aae5275a0923d206df3216c052ff5d48f2affefaf18f942ed49df1b,CC BY 4.0 plus WHOOPS! Dataset License Agreement additional conditions,nlphuji/whoops,cca58d854ee35b6bfbedc14a9155483e89500ae9,5.0.1,12.3.0,sha256(big_endian_uint32(width) || big_endian_uint32(height) || RGB_pixel_bytes_row_major),a820d99e07d3a35fe8b858e23de460aa98dceffcdf64114e4feb4199ded0cdda,working-tree:830.png,exact_decoded_match,,,,
831,data/raw_images/abnormal/831.png,a823b528db805b74f49b1b4436eff82371a9c1e97b64aa9f9746370227133865,https://whoops-benchmark.s3.amazonaws.com/whoops_images/a823b528db805b74f49b1b4436eff82371a9c1e97b64aa9f9746370227133865.png,1536,1024,a823b528db805b74f49b1b4436eff82371a9c1e97b64aa9f9746370227133865,80bcd14b6c4e1676e51bf4124defcaa31683b97e56502c0febb071d8f2268b2c,CC BY 4.0 plus WHOOPS! Dataset License Agreement additional conditions,nlphuji/whoops,cca58d854ee35b6bfbedc14a9155483e89500ae9,5.0.1,12.3.0,sha256(big_endian_uint32(width) || big_endian_uint32(height) || RGB_pixel_bytes_row_major),a823b528db805b74f49b1b4436eff82371a9c1e97b64aa9f9746370227133865,working-tree:831.png,exact_decoded_match,,,,
832,data/raw_images/abnormal/832.png,aa62e198893f76fe4c963da6a28278fa336bc658c4f9f72159e147f362081a6e,https://whoops-benchmark.s3.amazonaws.com/whoops_images/aa62e198893f76fe4c963da6a28278fa336bc658c4f9f72159e147f362081a6e.png,1024,1024,aa62e198893f76fe4c963da6a28278fa336bc658c4f9f72159e147f362081a6e,03865ebe63bf480815c58d9ca62770d8767361d6e5c1441bd98f1c6fcb2c845b,CC BY 4.0 plus WHOOPS! Dataset License Agreement additional conditions,nlphuji/whoops,cca58d854ee35b6bfbedc14a9155483e89500ae9,5.0.1,12.3.0,sha256(big_endian_uint32(width) || big_endian_uint32(height) || RGB_pixel_bytes_row_major),aa62e198893f76fe4c963da6a28278fa336bc658c4f9f72159e147f362081a6e,working-tree:832.png,exact_decoded_match,,,,
833,data/raw_images/abnormal/833.png,aaf638cc015645201e114eafbe2eda3f174524f34297643ad3ca8db187756246,https://whoops-benchmark.s3.amazonaws.com/whoops_images/aaf638cc015645201e114eafbe2eda3f174524f34297643ad3ca8db187756246.png,1024,1024,aaf638cc015645201e114eafbe2eda3f174524f34297643ad3ca8db187756246,c1c4e31c48be64e83ccb26276be8f6a67f1022d471e4d357b31cef939d1032db,CC BY 4.0 plus WHOOPS! Dataset License Agreement additional conditions,nlphuji/whoops,cca58d854ee35b6bfbedc14a9155483e89500ae9,5.0.1,12.3.0,sha256(big_endian_uint32(width) || big_endian_uint32(height) || RGB_pixel_bytes_row_major),aaf638cc015645201e114eafbe2eda3f174524f34297643ad3ca8db187756246,working-tree:833.png,exact_decoded_match,,,,
834,data/raw_images/abnormal/834.png,ab4ba677ef0596a628a156592f5a38ee65faa25067323f6ec5047ba6228bc2e4,https://whoops-benchmark.s3.amazonaws.com/whoops_images/ab4ba677ef0596a628a156592f5a38ee65faa25067323f6ec5047ba6228bc2e4.png,1024,1024,ab4ba677ef0596a628a156592f5a38ee65faa25067323f6ec5047ba6228bc2e4,a2f4e53dee9fb06fee810070e3a9080ec2d393b603abd472fc39e96aeeba6b03,CC BY 4.0 plus WHOOPS! Dataset License Agreement additional conditions,nlphuji/whoops,cca58d854ee35b6bfbedc14a9155483e89500ae9,5.0.1,12.3.0,sha256(big_endian_uint32(width) || big_endian_uint32(height) || RGB_pixel_bytes_row_major),ab4ba677ef0596a628a156592f5a38ee65faa25067323f6ec5047ba6228bc2e4,working-tree:834.png,exact_decoded_match,,,,
835,data/raw_images/abnormal/835.png,ab66ba96ba1edae4728d365912231f360e903a73d0b1031350f4ceac86c6dce5,https://whoops-benchmark.s3.amazonaws.com/whoops_images/ab66ba96ba1edae4728d365912231f360e903a73d0b1031350f4ceac86c6dce5.png,1024,1024,ab66ba96ba1edae4728d365912231f360e903a73d0b1031350f4ceac86c6dce5,42952854dffd217ced2fea203c70ca5311f2882a220f11d5cca98a6ff81e1381,CC BY 4.0 plus WHOOPS! Dataset License Agreement additional conditions,nlphuji/whoops,cca58d854ee35b6bfbedc14a9155483e89500ae9,5.0.1,12.3.0,sha256(big_endian_uint32(width) || big_endian_uint32(height) || RGB_pixel_bytes_row_major),ab66ba96ba1edae4728d365912231f360e903a73d0b1031350f4ceac86c6dce5,working-tree:835.png,exact_decoded_match,,,,
836,data/raw_images/abnormal/836.png,ab92a5ec8e250b74cbecf9e2379fb67fce2c14ece029f84c07486e2123d4dd97,https://whoops-benchmark.s3.amazonaws.com/whoops_images/ab92a5ec8e250b74cbecf9e2379fb67fce2c14ece029f84c07486e2123d4dd97.png,1024,1024,ab92a5ec8e250b74cbecf9e2379fb67fce2c14ece029f84c07486e2123d4dd97,9c1254f06b7d5b2d5c0452c3af370a9312d4c6acc487ee655fa388780eee4df9,CC BY 4.0 plus WHOOPS! Dataset License Agreement additional conditions,nlphuji/whoops,cca58d854ee35b6bfbedc14a9155483e89500ae9,5.0.1,12.3.0,sha256(big_endian_uint32(width) || big_endian_uint32(height) || RGB_pixel_bytes_row_major),ab92a5ec8e250b74cbecf9e2379fb67fce2c14ece029f84c07486e2123d4dd97,working-tree:836.png,exact_decoded_match,,,,
837,data/raw_images/abnormal/837.png,ac05aa2e486bb52ac8a7ffa36da258c24a9d9bff1aa109e66b9b46f4174303f9,https://whoops-benchmark.s3.amazonaws.com/whoops_images/ac05aa2e486bb52ac8a7ffa36da258c24a9d9bff1aa109e66b9b46f4174303f9.png,1024,1024,ac05aa2e486bb52ac8a7ffa36da258c24a9d9bff1aa109e66b9b46f4174303f9,5a969c08a6bbdaa381f79461e03656328d22838e54d62a949f92d0abfe8b0407,CC BY 4.0 plus WHOOPS! Dataset License Agreement additional conditions,nlphuji/whoops,cca58d854ee35b6bfbedc14a9155483e89500ae9,5.0.1,12.3.0,sha256(big_endian_uint32(width) || big_endian_uint32(height) || RGB_pixel_bytes_row_major),ac05aa2e486bb52ac8a7ffa36da258c24a9d9bff1aa109e66b9b46f4174303f9,working-tree:837.png,exact_decoded_match,,,,
838,data/raw_images/abnormal/838.png,ac927d4c9d89768b049d4d0032ebcdc3dceb8574c7b8cdc0207f1bb1672fce30,https://whoops-benchmark.s3.amazonaws.com/whoops_images/ac927d4c9d89768b049d4d0032ebcdc3dceb8574c7b8cdc0207f1bb1672fce30.png,1024,1024,ac927d4c9d89768b049d4d0032ebcdc3dceb8574c7b8cdc0207f1bb1672fce30,2c21cf723e3bcc684d19a0d4aa1c6ae302de7428e2066764e347eb9e9a00778c,CC BY 4.0 plus WHOOPS! Dataset License Agreement additional conditions,nlphuji/whoops,cca58d854ee35b6bfbedc14a9155483e89500ae9,5.0.1,12.3.0,sha256(big_endian_uint32(width) || big_endian_uint32(height) || RGB_pixel_bytes_row_major),ac927d4c9d89768b049d4d0032ebcdc3dceb8574c7b8cdc0207f1bb1672fce30,working-tree:838.png,exact_decoded_match,,,,
839,data/raw_images/abnormal/839.png,ac9552c65b0c6c0d5098bc62beb9474afbb53e44318f43d8964d023d3ca3df92,https://whoops-benchmark.s3.amazonaws.com/whoops_images/ac9552c65b0c6c0d5098bc62beb9474afbb53e44318f43d8964d023d3ca3df92.png,1024,1024,ac9552c65b0c6c0d5098bc62beb9474afbb53e44318f43d8964d023d3ca3df92,083c525c7a4c3858f3405bbfc12f9c4da9d27ec87f7454cf8d5ff7ede694d303,CC BY 4.0 plus WHOOPS! Dataset License Agreement additional conditions,nlphuji/whoops,cca58d854ee35b6bfbedc14a9155483e89500ae9,5.0.1,12.3.0,sha256(big_endian_uint32(width) || big_endian_uint32(height) || RGB_pixel_bytes_row_major),ac9552c65b0c6c0d5098bc62beb9474afbb53e44318f43d8964d023d3ca3df92,working-tree:839.png,exact_decoded_match,,,,
840,data/raw_images/abnormal/840.png,ac9e3654dbc498d6732acb3b002fc8fd9ec97be84088136853e2aacbb208e9b6,https://whoops-benchmark.s3.amazonaws.com/whoops_images/ac9e3654dbc498d6732acb3b002fc8fd9ec97be84088136853e2aacbb208e9b6.png,1600,1066,ac9e3654dbc498d6732acb3b002fc8fd9ec97be84088136853e2aacbb208e9b6,87db53382d681a65bec9f5784950bbe4ee1e24eba74529e652903a424af229c9,CC BY 4.0 plus WHOOPS! Dataset License Agreement additional conditions,nlphuji/whoops,cca58d854ee35b6bfbedc14a9155483e89500ae9,5.0.1,12.3.0,sha256(big_endian_uint32(width) || big_endian_uint32(height) || RGB_pixel_bytes_row_major),ac9e3654dbc498d6732acb3b002fc8fd9ec97be84088136853e2aacbb208e9b6,working-tree:840.png,exact_decoded_match,,,,
841,data/raw_images/abnormal/841.png,ae2475ba54cc233a137937e87a0c8fb52ef51c6f12cf5f0371cc51475597639c,https://whoops-benchmark.s3.amazonaws.com/whoops_images/ae2475ba54cc233a137937e87a0c8fb52ef51c6f12cf5f0371cc51475597639c.png,1024,1024,ae2475ba54cc233a137937e87a0c8fb52ef51c6f12cf5f0371cc51475597639c,f33f4c13e169c81928dbf56e59b2d57588713a944b6e9b9dea9804b1a79a8f73,CC BY 4.0 plus WHOOPS! Dataset License Agreement additional conditions,nlphuji/whoops,cca58d854ee35b6bfbedc14a9155483e89500ae9,5.0.1,12.3.0,sha256(big_endian_uint32(width) || big_endian_uint32(height) || RGB_pixel_bytes_row_major),ae2475ba54cc233a137937e87a0c8fb52ef51c6f12cf5f0371cc51475597639c,working-tree:841.png,exact_decoded_match,,,,
842,data/raw_images/abnormal/842.png,ae5f93d83b9c8265b606f222f49cb559bf1ed95a57c752c0705d7b7e82cc3821,https://whoops-benchmark.s3.amazonaws.com/whoops_images/ae5f93d83b9c8265b606f222f49cb559bf1ed95a57c752c0705d7b7e82cc3821.png,1024,1024,ae5f93d83b9c8265b606f222f49cb559bf1ed95a57c752c0705d7b7e82cc3821,925d01c43bcdda0f55bf2c8b3b7091f55bfde62ab96715ffb4312bd85e5a0eba,CC BY 4.0 plus WHOOPS! Dataset License Agreement additional conditions,nlphuji/whoops,cca58d854ee35b6bfbedc14a9155483e89500ae9,5.0.1,12.3.0,sha256(big_endian_uint32(width) || big_endian_uint32(height) || RGB_pixel_bytes_row_major),ae5f93d83b9c8265b606f222f49cb559bf1ed95a57c752c0705d7b7e82cc3821,working-tree:842.png,exact_decoded_match,,,,
843,data/raw_images/abnormal/843.png,ae6e1f3e4170c2de25794341fa58a388e026909cbd7f2b42e3a84c041206b654,https://whoops-benchmark.s3.amazonaws.com/whoops_images/ae6e1f3e4170c2de25794341fa58a388e026909cbd7f2b42e3a84c041206b654.png,1536,1536,ae6e1f3e4170c2de25794341fa58a388e026909cbd7f2b42e3a84c041206b654,82562c362071da82f239118510a3b4543ec793cef1017138d8a0cd3810e41f3d,CC BY 4.0 plus WHOOPS! Dataset License Agreement additional conditions,nlphuji/whoops,cca58d854ee35b6bfbedc14a9155483e89500ae9,5.0.1,12.3.0,sha256(big_endian_uint32(width) || big_endian_uint32(height) || RGB_pixel_bytes_row_major),124d5f484e69f5a79d7ae6df5173df12ed5044c9fb519273f41a16e64217edf5,working-tree:843.png,deterministic_transform_verified,resize_max_side_1536_lanczos_floor_dimensions,official_decoded_rgb_sha256=c203b73eccfb4f492c9e47a9865410a620acac0d3a52590594d40cf2da45e19c; transformed_decoded_rgb_sha256=82562c362071da82f239118510a3b4543ec793cef1017138d8a0cd3810e41f3d; archive_revision=0616dca,ae6e1f3e4170c2de25794341fa58a388e026909cbd7f2b42e3a84c041206b654,c203b73eccfb4f492c9e47a9865410a620acac0d3a52590594d40cf2da45e19c
844,data/raw_images/abnormal/844.png,ae7f9cffe6c43a8e883b2b41551472c63070efbdf96370fdd4682988fdcc32df,https://whoops-benchmark.s3.amazonaws.com/whoops_images/ae7f9cffe6c43a8e883b2b41551472c63070efbdf96370fdd4682988fdcc32df.png,1560,1560,ae7f9cffe6c43a8e883b2b41551472c63070efbdf96370fdd4682988fdcc32df,d7a0f04173d882749314a9483582388bf78c88a11c189f5aacb5867f68140ffc,CC BY 4.0 plus WHOOPS! Dataset License Agreement additional conditions,nlphuji/whoops,cca58d854ee35b6bfbedc14a9155483e89500ae9,5.0.1,12.3.0,sha256(big_endian_uint32(width) || big_endian_uint32(height) || RGB_pixel_bytes_row_major),ae7f9cffe6c43a8e883b2b41551472c63070efbdf96370fdd4682988fdcc32df,working-tree:844.png,exact_decoded_match,,,,
845,data/raw_images/abnormal/845.png,ae9bc2e1d4aeb721976ffd9680fc9fe025f2c01ed2aa9547b06f27c2af40f80a,https://whoops-benchmark.s3.amazonaws.com/whoops_images/ae9bc2e1d4aeb721976ffd9680fc9fe025f2c01ed2aa9547b06f27c2af40f80a.png,1024,1024,ae9bc2e1d4aeb721976ffd9680fc9fe025f2c01ed2aa9547b06f27c2af40f80a,c7e638dacad57332cec823e2380798a082cdb8c0913a2a6131f1199227035397,CC BY 4.0 plus WHOOPS! Dataset License Agreement additional conditions,nlphuji/whoops,cca58d854ee35b6bfbedc14a9155483e89500ae9,5.0.1,12.3.0,sha256(big_endian_uint32(width) || big_endian_uint32(height) || RGB_pixel_bytes_row_major),ae9bc2e1d4aeb721976ffd9680fc9fe025f2c01ed2aa9547b06f27c2af40f80a,working-tree:845.png,exact_decoded_match,,,,
846,data/raw_images/abnormal/846.png,aee0158312364ea8910350967e4e228ba7d5d7a05ce3fb67da4c9ab0e1ee5272,https://whoops-benchmark.s3.amazonaws.com/whoops_images/aee0158312364ea8910350967e4e228ba7d5d7a05ce3fb67da4c9ab0e1ee5272.png,1536,1536,aee0158312364ea8910350967e4e228ba7d5d7a05ce3fb67da4c9ab0e1ee5272,73a29d1fed73078e19d291cefb2e2b7d0bdca67742883c506523a0aad5f6eaaa,CC BY 4.0 plus WHOOPS! Dataset License Agreement additional conditions,nlphuji/whoops,cca58d854ee35b6bfbedc14a9155483e89500ae9,5.0.1,12.3.0,sha256(big_endian_uint32(width) || big_endian_uint32(height) || RGB_pixel_bytes_row_major),94c9a9a6502bfb38cdcec94c6e70f4f174e3fb3605eb21570d72c2f5cedef6e3,working-tree:846.png,deterministic_transform_verified,resize_max_side_1536_lanczos_floor_dimensions,official_decoded_rgb_sha256=325283621854bfce5d69c76c9389e3ca5ea473560930a50dc289689cf1f36c3b; transformed_decoded_rgb_sha256=73a29d1fed73078e19d291cefb2e2b7d0bdca67742883c506523a0aad5f6eaaa; archive_revision=0616dca,aee0158312364ea8910350967e4e228ba7d5d7a05ce3fb67da4c9ab0e1ee5272,325283621854bfce5d69c76c9389e3ca5ea473560930a50dc289689cf1f36c3b
847,data/raw_images/abnormal/847.png,af5da5aff1293c9679be2ecd4faac67fa639487b25353c9859465035c6b7164e,https://whoops-benchmark.s3.amazonaws.com/whoops_images/af5da5aff1293c9679be2ecd4faac67fa639487b25353c9859465035c6b7164e.png,1536,1024,af5da5aff1293c9679be2ecd4faac67fa639487b25353c9859465035c6b7164e,234cb17b8202260d46739b438b70a8974a42fb9c4e8d37deca2ab26eabd824cf,CC BY 4.0 plus WHOOPS! Dataset License Agreement additional conditions,nlphuji/whoops,cca58d854ee35b6bfbedc14a9155483e89500ae9,5.0.1,12.3.0,sha256(big_endian_uint32(width) || big_endian_uint32(height) || RGB_pixel_bytes_row_major),af5da5aff1293c9679be2ecd4faac67fa639487b25353c9859465035c6b7164e,working-tree:847.png,exact_decoded_match,,,,
848,data/raw_images/abnormal/848.png,afc75a1b41ae83d7e128ccb3cb9bbd7b2fa427087deaaf21fa17b2f4b5e0546a,https://whoops-benchmark.s3.amazonaws.com/whoops_images/afc75a1b41ae83d7e128ccb3cb9bbd7b2fa427087deaaf21fa17b2f4b5e0546a.png,1024,1024,afc75a1b41ae83d7e128ccb3cb9bbd7b2fa427087deaaf21fa17b2f4b5e0546a,74bd6568cd4898521061d9a6e77bd132d1bf21029bd4e9b55cfa7a83463c12d9,CC BY 4.0 plus WHOOPS! Dataset License Agreement additional conditions,nlphuji/whoops,cca58d854ee35b6bfbedc14a9155483e89500ae9,5.0.1,12.3.0,sha256(big_endian_uint32(width) || big_endian_uint32(height) || RGB_pixel_bytes_row_major),afc75a1b41ae83d7e128ccb3cb9bbd7b2fa427087deaaf21fa17b2f4b5e0546a,working-tree:848.png,exact_decoded_match,,,,
849,data/raw_images/abnormal/849.png,b06bef5a72e3149ecdeece8dd18c41cdb27c21c5e748180e5155e773654c369a,https://whoops-benchmark.s3.amazonaws.com/whoops_images/b06bef5a72e3149ecdeece8dd18c41cdb27c21c5e748180e5155e773654c369a.png,1024,1024,b06bef5a72e3149ecdeece8dd18c41cdb27c21c5e748180e5155e773654c369a,8aee9d48c69ae9fb4977274d101e9af9232c28810b3aaa1144ae9e2eccadea9e,CC BY 4.0 plus WHOOPS! Dataset License Agreement additional conditions,nlphuji/whoops,cca58d854ee35b6bfbedc14a9155483e89500ae9,5.0.1,12.3.0,sha256(big_endian_uint32(width) || big_endian_uint32(height) || RGB_pixel_bytes_row_major),b06bef5a72e3149ecdeece8dd18c41cdb27c21c5e748180e5155e773654c369a,working-tree:849.png,exact_decoded_match,,,,
850,data/raw_images/abnormal/850.png,b10080034121a4adf2b4d0ff447192ae51a6e5e71c3ee65601a901930ac2a762,https://whoops-benchmark.s3.amazonaws.com/whoops_images/b10080034121a4adf2b4d0ff447192ae51a6e5e71c3ee65601a901930ac2a762.png,1024,1024,b10080034121a4adf2b4d0ff447192ae51a6e5e71c3ee65601a901930ac2a762,a59388072c102a0c4cf0cc272e9dabd7421cd7299577f24977c277443a39b40d,CC BY 4.0 plus WHOOPS! Dataset License Agreement additional conditions,nlphuji/whoops,cca58d854ee35b6bfbedc14a9155483e89500ae9,5.0.1,12.3.0,sha256(big_endian_uint32(width) || big_endian_uint32(height) || RGB_pixel_bytes_row_major),b10080034121a4adf2b4d0ff447192ae51a6e5e71c3ee65601a901930ac2a762,working-tree:850.png,exact_decoded_match,,,,
851,data/raw_images/abnormal/851.png,b103f54e7159764c2523d42f109b756b510b194976dc833922d51f466f736a71,https://whoops-benchmark.s3.amazonaws.com/whoops_images/b103f54e7159764c2523d42f109b756b510b194976dc833922d51f466f736a71.png,1024,1024,b103f54e7159764c2523d42f109b756b510b194976dc833922d51f466f736a71,61793082cf79ce2e511851653e48c97ee085936a180b25fbee0891e49410a4a2,CC BY 4.0 plus WHOOPS! Dataset License Agreement additional conditions,nlphuji/whoops,cca58d854ee35b6bfbedc14a9155483e89500ae9,5.0.1,12.3.0,sha256(big_endian_uint32(width) || big_endian_uint32(height) || RGB_pixel_bytes_row_major),b103f54e7159764c2523d42f109b756b510b194976dc833922d51f466f736a71,working-tree:851.png,exact_decoded_match,,,,
852,data/raw_images/abnormal/852.png,b131e0e42c82da580a2b80d3bf46f220e8a74f196e28ccf72cb0efbc2a8ac152,https://whoops-benchmark.s3.amazonaws.com/whoops_images/b131e0e42c82da580a2b80d3bf46f220e8a74f196e28ccf72cb0efbc2a8ac152.png,1024,1024,b131e0e42c82da580a2b80d3bf46f220e8a74f196e28ccf72cb0efbc2a8ac152,73980e609bb05ab458a8b7afdbf3c036fb4f152270464356ed27f4777dfeb1df,CC BY 4.0 plus WHOOPS! Dataset License Agreement additional conditions,nlphuji/whoops,cca58d854ee35b6bfbedc14a9155483e89500ae9,5.0.1,12.3.0,sha256(big_endian_uint32(width) || big_endian_uint32(height) || RGB_pixel_bytes_row_major),b131e0e42c82da580a2b80d3bf46f220e8a74f196e28ccf72cb0efbc2a8ac152,working-tree:852.png,exact_decoded_match,,,,
853,data/raw_images/abnormal/853.png,b32cfa209c825d8ea1219249d38dfd70ed9458e4c688988163c21ba7b4e0b8e5,https://whoops-benchmark.s3.amazonaws.com/whoops_images/b32cfa209c825d8ea1219249d38dfd70ed9458e4c688988163c21ba7b4e0b8e5.png,1024,1024,b32cfa209c825d8ea1219249d38dfd70ed9458e4c688988163c21ba7b4e0b8e5,d7aecde44bab05e1bbf20f097e4ee2b0e35c30be252436b648f100dd272046e4,CC BY 4.0 plus WHOOPS! Dataset License Agreement additional conditions,nlphuji/whoops,cca58d854ee35b6bfbedc14a9155483e89500ae9,5.0.1,12.3.0,sha256(big_endian_uint32(width) || big_endian_uint32(height) || RGB_pixel_bytes_row_major),b32cfa209c825d8ea1219249d38dfd70ed9458e4c688988163c21ba7b4e0b8e5,working-tree:853.png,exact_decoded_match,,,,
854,data/raw_images/abnormal/854.png,b53d684d7aaa31823345d7d3383ea1608010da3f837896846ff209f6e0b0ac50,https://whoops-benchmark.s3.amazonaws.com/whoops_images/b53d684d7aaa31823345d7d3383ea1608010da3f837896846ff209f6e0b0ac50.png,1536,1536,b53d684d7aaa31823345d7d3383ea1608010da3f837896846ff209f6e0b0ac50,2aca9b5a8c9accdcbc9b243014e29e9ba23ef99227fc2bca7865f813dafda87b,CC BY 4.0 plus WHOOPS! Dataset License Agreement additional conditions,nlphuji/whoops,cca58d854ee35b6bfbedc14a9155483e89500ae9,5.0.1,12.3.0,sha256(big_endian_uint32(width) || big_endian_uint32(height) || RGB_pixel_bytes_row_major),c71948c1184d90b6ab49ed53e77a9cf0cd18c6162d69e2449353d5e55a3b8b20,working-tree:854.png,deterministic_transform_verified,resize_max_side_1536_lanczos_floor_dimensions,official_decoded_rgb_sha256=30fcd051b348afd02512a5ceb1703a6964d0c04925d656fb7889a78fa34376e5; transformed_decoded_rgb_sha256=2aca9b5a8c9accdcbc9b243014e29e9ba23ef99227fc2bca7865f813dafda87b; archive_revision=0616dca,b53d684d7aaa31823345d7d3383ea1608010da3f837896846ff209f6e0b0ac50,30fcd051b348afd02512a5ceb1703a6964d0c04925d656fb7889a78fa34376e5
855,data/raw_images/abnormal/855.png,b5d4f71eb880dfa46cc0056e64e330ae03eef967c59786fab15a3a9859926a0d,https://whoops-benchmark.s3.amazonaws.com/whoops_images/b5d4f71eb880dfa46cc0056e64e330ae03eef967c59786fab15a3a9859926a0d.png,671,671,b5d4f71eb880dfa46cc0056e64e330ae03eef967c59786fab15a3a9859926a0d,5145ae0d7e4d46bbd5bcb779d2d0770abb9fd9fbf04a31d3380b75f15d74a49d,CC BY 4.0 plus WHOOPS! Dataset License Agreement additional conditions,nlphuji/whoops,cca58d854ee35b6bfbedc14a9155483e89500ae9,5.0.1,12.3.0,sha256(big_endian_uint32(width) || big_endian_uint32(height) || RGB_pixel_bytes_row_major),b5d4f71eb880dfa46cc0056e64e330ae03eef967c59786fab15a3a9859926a0d,working-tree:855.png,exact_decoded_match,,,,
856,data/raw_images/abnormal/856.png,b5f34e38ceb1cd0699358105b7aa4dc8ea71dcf026b969e0d52c0b8bae2bfe7f,https://whoops-benchmark.s3.amazonaws.com/whoops_images/b5f34e38ceb1cd0699358105b7aa4dc8ea71dcf026b969e0d52c0b8bae2bfe7f.png,1024,1024,b5f34e38ceb1cd0699358105b7aa4dc8ea71dcf026b969e0d52c0b8bae2bfe7f,da7af9f221e0411707e18dc5ef65a40a96d3e3720f698cd9ddecca73a74bab72,CC BY 4.0 plus WHOOPS! Dataset License Agreement additional conditions,nlphuji/whoops,cca58d854ee35b6bfbedc14a9155483e89500ae9,5.0.1,12.3.0,sha256(big_endian_uint32(width) || big_endian_uint32(height) || RGB_pixel_bytes_row_major),b5f34e38ceb1cd0699358105b7aa4dc8ea71dcf026b969e0d52c0b8bae2bfe7f,working-tree:856.png,exact_decoded_match,,,,
857,data/raw_images/abnormal/857.png,b6e309c8fe6b174548191a4f1b4b064f9158ed419b8ac6404d4aeebb1f89e8d1,https://whoops-benchmark.s3.amazonaws.com/whoops_images/b6e309c8fe6b174548191a4f1b4b064f9158ed419b8ac6404d4aeebb1f89e8d1.png,2048,2048,b6e309c8fe6b174548191a4f1b4b064f9158ed419b8ac6404d4aeebb1f89e8d1,9f40e87056d9cc781b7c2ceac62059f17c4795e1511172acf4b1944fcbac2f4d,CC BY 4.0 plus WHOOPS! Dataset License Agreement additional conditions,nlphuji/whoops,cca58d854ee35b6bfbedc14a9155483e89500ae9,5.0.1,12.3.0,sha256(big_endian_uint32(width) || big_endian_uint32(height) || RGB_pixel_bytes_row_major),b6e309c8fe6b174548191a4f1b4b064f9158ed419b8ac6404d4aeebb1f89e8d1,working-tree:857.png,exact_decoded_match,,,,
858,data/raw_images/abnormal/858.png,b6f4402f9ac3fe37a622c8f661b6d091c81a0f3081ca7829352361ea60de545c,https://whoops-benchmark.s3.amazonaws.com/whoops_images/b6f4402f9ac3fe37a622c8f661b6d091c81a0f3081ca7829352361ea60de545c.png,1024,1024,b6f4402f9ac3fe37a622c8f661b6d091c81a0f3081ca7829352361ea60de545c,f2678d7ef4849a5ed1f8cd20561a1d8235980f6fb63991c76d3ff18d98f4ee96,CC BY 4.0 plus WHOOPS! Dataset License Agreement additional conditions,nlphuji/whoops,cca58d854ee35b6bfbedc14a9155483e89500ae9,5.0.1,12.3.0,sha256(big_endian_uint32(width) || big_endian_uint32(height) || RGB_pixel_bytes_row_major),b6f4402f9ac3fe37a622c8f661b6d091c81a0f3081ca7829352361ea60de545c,working-tree:858.png,exact_decoded_match,,,,
859,data/raw_images/abnormal/859.png,b77f918dc667418b758724b8a5493a6fd29a5bb00a099fe2c407febdba4bb0e5,https://whoops-benchmark.s3.amazonaws.com/whoops_images/b77f918dc667418b758724b8a5493a6fd29a5bb00a099fe2c407febdba4bb0e5.png,1024,1024,b77f918dc667418b758724b8a5493a6fd29a5bb00a099fe2c407febdba4bb0e5,c50c33714e2079234df54ea5a7ce4e550581f69443545c625efdaf6c79906e8b,CC BY 4.0 plus WHOOPS! Dataset License Agreement additional conditions,nlphuji/whoops,cca58d854ee35b6bfbedc14a9155483e89500ae9,5.0.1,12.3.0,sha256(big_endian_uint32(width) || big_endian_uint32(height) || RGB_pixel_bytes_row_major),b77f918dc667418b758724b8a5493a6fd29a5bb00a099fe2c407febdba4bb0e5,working-tree:859.png,exact_decoded_match,,,,
860,data/raw_images/abnormal/860.png,b7b531c8e30e2f7e88e286cafb969c5d50bd6dab45f09206dbfb85f102596b57,https://whoops-benchmark.s3.amazonaws.com/whoops_images/b7b531c8e30e2f7e88e286cafb969c5d50bd6dab45f09206dbfb85f102596b57.png,1024,1024,b7b531c8e30e2f7e88e286cafb969c5d50bd6dab45f09206dbfb85f102596b57,5f5a7fcfe0e4d0f22592822c0f161a4d849615986a8f72f0d063a7bae0c31f86,CC BY 4.0 plus WHOOPS! Dataset License Agreement additional conditions,nlphuji/whoops,cca58d854ee35b6bfbedc14a9155483e89500ae9,5.0.1,12.3.0,sha256(big_endian_uint32(width) || big_endian_uint32(height) || RGB_pixel_bytes_row_major),b7b531c8e30e2f7e88e286cafb969c5d50bd6dab45f09206dbfb85f102596b57,working-tree:860.png,exact_decoded_match,,,,
861,data/raw_images/abnormal/861.png,b7e6cadac03aaf24a27902841d50bda7379c7dbd9515cbf70805cd5c1ee2dd5f,https://whoops-benchmark.s3.amazonaws.com/whoops_images/b7e6cadac03aaf24a27902841d50bda7379c7dbd9515cbf70805cd5c1ee2dd5f.png,1568,896,b7e6cadac03aaf24a27902841d50bda7379c7dbd9515cbf70805cd5c1ee2dd5f,32d81aec9865daa543f7d6d5c5cdc1eb9eddcb8d040454fcf3cc407cc583fd6e,CC BY 4.0 plus WHOOPS! Dataset License Agreement additional conditions,nlphuji/whoops,cca58d854ee35b6bfbedc14a9155483e89500ae9,5.0.1,12.3.0,sha256(big_endian_uint32(width) || big_endian_uint32(height) || RGB_pixel_bytes_row_major),b7e6cadac03aaf24a27902841d50bda7379c7dbd9515cbf70805cd5c1ee2dd5f,working-tree:861.png,exact_decoded_match,,,,
862,data/raw_images/abnormal/862.png,b81b0fa048e0b4b1cb1d7cd873fb400251e03dad5c9659560e57fbdfd0630c30,https://whoops-benchmark.s3.amazonaws.com/whoops_images/b81b0fa048e0b4b1cb1d7cd873fb400251e03dad5c9659560e57fbdfd0630c30.png,1024,1024,b81b0fa048e0b4b1cb1d7cd873fb400251e03dad5c9659560e57fbdfd0630c30,4a37d5dbd0c6cdbd8a225a451e9cd9403b0001b852145d6345a3d8b65cccf42e,CC BY 4.0 plus WHOOPS! Dataset License Agreement additional conditions,nlphuji/whoops,cca58d854ee35b6bfbedc14a9155483e89500ae9,5.0.1,12.3.0,sha256(big_endian_uint32(width) || big_endian_uint32(height) || RGB_pixel_bytes_row_major),b81b0fa048e0b4b1cb1d7cd873fb400251e03dad5c9659560e57fbdfd0630c30,working-tree:862.png,exact_decoded_match,,,,
863,data/raw_images/abnormal/863.png,b8a03d5004c17cabf6bc3e3869f8fc025127b961fe88175af400fe8c8591ae9e,https://whoops-benchmark.s3.amazonaws.com/whoops_images/b8a03d5004c17cabf6bc3e3869f8fc025127b961fe88175af400fe8c8591ae9e.png,1024,1024,b8a03d5004c17cabf6bc3e3869f8fc025127b961fe88175af400fe8c8591ae9e,562695d41ff148259ed3ca06903912af89c0af118d0cc1b03715e3d56353f557,CC BY 4.0 plus WHOOPS! Dataset License Agreement additional conditions,nlphuji/whoops,cca58d854ee35b6bfbedc14a9155483e89500ae9,5.0.1,12.3.0,sha256(big_endian_uint32(width) || big_endian_uint32(height) || RGB_pixel_bytes_row_major),b8a03d5004c17cabf6bc3e3869f8fc025127b961fe88175af400fe8c8591ae9e,working-tree:863.png,exact_decoded_match,,,,
864,data/raw_images/abnormal/864.png,b931942a67269ef57dc27740fd0da057f28094a5bd5a40283674e7124f89e7c9,https://whoops-benchmark.s3.amazonaws.com/whoops_images/b931942a67269ef57dc27740fd0da057f28094a5bd5a40283674e7124f89e7c9.png,1024,1024,b931942a67269ef57dc27740fd0da057f28094a5bd5a40283674e7124f89e7c9,508b43cca82cb5c22bf01ae0f9548e3ab7132e69619c68c8cef9b3b3f627dcee,CC BY 4.0 plus WHOOPS! Dataset License Agreement additional conditions,nlphuji/whoops,cca58d854ee35b6bfbedc14a9155483e89500ae9,5.0.1,12.3.0,sha256(big_endian_uint32(width) || big_endian_uint32(height) || RGB_pixel_bytes_row_major),b931942a67269ef57dc27740fd0da057f28094a5bd5a40283674e7124f89e7c9,working-tree:864.png,exact_decoded_match,,,,
865,data/raw_images/abnormal/865.png,b9584a50ac3513f83fecef412753f21ecd3a2c42e6a6fb55e10b1b379d40160a,https://whoops-benchmark.s3.amazonaws.com/whoops_images/b9584a50ac3513f83fecef412753f21ecd3a2c42e6a6fb55e10b1b379d40160a.png,580,580,b9584a50ac3513f83fecef412753f21ecd3a2c42e6a6fb55e10b1b379d40160a,bb29be1b43bceeca194fe38c6980950cef4879194d5afc64aadd8687c427a751,CC BY 4.0 plus WHOOPS! Dataset License Agreement additional conditions,nlphuji/whoops,cca58d854ee35b6bfbedc14a9155483e89500ae9,5.0.1,12.3.0,sha256(big_endian_uint32(width) || big_endian_uint32(height) || RGB_pixel_bytes_row_major),b9584a50ac3513f83fecef412753f21ecd3a2c42e6a6fb55e10b1b379d40160a,working-tree:865.png,exact_decoded_match,,,,
866,data/raw_images/abnormal/866.png,b97825997df04bd823207fd145331ffc3c3b62ec4e3a3adaac83c93debe87bdf,https://whoops-benchmark.s3.amazonaws.com/whoops_images/b97825997df04bd823207fd145331ffc3c3b62ec4e3a3adaac83c93debe87bdf.png,1024,1024,b97825997df04bd823207fd145331ffc3c3b62ec4e3a3adaac83c93debe87bdf,5d855dc4e464b676205d5fb2d3f292165a7bea002720d115add1ee7a23f9a6b4,CC BY 4.0 plus WHOOPS! Dataset License Agreement additional conditions,nlphuji/whoops,cca58d854ee35b6bfbedc14a9155483e89500ae9,5.0.1,12.3.0,sha256(big_endian_uint32(width) || big_endian_uint32(height) || RGB_pixel_bytes_row_major),b97825997df04bd823207fd145331ffc3c3b62ec4e3a3adaac83c93debe87bdf,working-tree:866.png,exact_decoded_match,,,,
867,data/raw_images/abnormal/867.png,b997f574bedc8cbb5e655105d47e657fe27df6adf0ea16df2581dbfe8875d275,https://whoops-benchmark.s3.amazonaws.com/whoops_images/b997f574bedc8cbb5e655105d47e657fe27df6adf0ea16df2581dbfe8875d275.png,1536,1536,b997f574bedc8cbb5e655105d47e657fe27df6adf0ea16df2581dbfe8875d275,ed5c687626363f79a6d0ee4ae38be787439a7404c41d12d76c8a2949b21555bb,CC BY 4.0 plus WHOOPS! Dataset License Agreement additional conditions,nlphuji/whoops,cca58d854ee35b6bfbedc14a9155483e89500ae9,5.0.1,12.3.0,sha256(big_endian_uint32(width) || big_endian_uint32(height) || RGB_pixel_bytes_row_major),0094a8d3b2b91fda4ea21d872b987070b065767d116d070f34498dea80e9dbcc,working-tree:867.png,deterministic_transform_verified,resize_max_side_1536_lanczos_floor_dimensions,official_decoded_rgb_sha256=bbdfc3485460651f02de8475ef1751c4bd1cff81562432903cda1bf13260da77; transformed_decoded_rgb_sha256=ed5c687626363f79a6d0ee4ae38be787439a7404c41d12d76c8a2949b21555bb; archive_revision=0616dca,b997f574bedc8cbb5e655105d47e657fe27df6adf0ea16df2581dbfe8875d275,bbdfc3485460651f02de8475ef1751c4bd1cff81562432903cda1bf13260da77
868,data/raw_images/abnormal/868.png,b9b799ead278a9197b164470120c20e88bcb5011da480d9e71a6b41004770759,https://whoops-benchmark.s3.amazonaws.com/whoops_images/b9b799ead278a9197b164470120c20e88bcb5011da480d9e71a6b41004770759.png,1024,1024,b9b799ead278a9197b164470120c20e88bcb5011da480d9e71a6b41004770759,ba0990e3b57dda387220ac348ab82950e5767d1de421dc53165854a3ea205c42,CC BY 4.0 plus WHOOPS! Dataset License Agreement additional conditions,nlphuji/whoops,cca58d854ee35b6bfbedc14a9155483e89500ae9,5.0.1,12.3.0,sha256(big_endian_uint32(width) || big_endian_uint32(height) || RGB_pixel_bytes_row_major),b9b799ead278a9197b164470120c20e88bcb5011da480d9e71a6b41004770759,working-tree:868.png,exact_decoded_match,,,,
869,data/raw_images/abnormal/869.png,b9fde2768068a9d9de2fda3b9661a4c87213a9cfd09e493f18024c29fcca46ee,https://whoops-benchmark.s3.amazonaws.com/whoops_images/b9fde2768068a9d9de2fda3b9661a4c87213a9cfd09e493f18024c29fcca46ee.png,1024,1024,b9fde2768068a9d9de2fda3b9661a4c87213a9cfd09e493f18024c29fcca46ee,1337b0475d2a18c420eee21f3f7468db8ac32c932b4da58642ec3612f5cd94fc,CC BY 4.0 plus WHOOPS! Dataset License Agreement additional conditions,nlphuji/whoops,cca58d854ee35b6bfbedc14a9155483e89500ae9,5.0.1,12.3.0,sha256(big_endian_uint32(width) || big_endian_uint32(height) || RGB_pixel_bytes_row_major),b9fde2768068a9d9de2fda3b9661a4c87213a9cfd09e493f18024c29fcca46ee,working-tree:869.png,exact_decoded_match,,,,
870,data/raw_images/abnormal/870.png,bb09d789a4d23416f0cc650e466ddfa49cd3c12abec7e65591f28543af95eb50,https://whoops-benchmark.s3.amazonaws.com/whoops_images/bb09d789a4d23416f0cc650e466ddfa49cd3c12abec7e65591f28543af95eb50.png,1024,1024,bb09d789a4d23416f0cc650e466ddfa49cd3c12abec7e65591f28543af95eb50,5e9cc872a75ae26f1372f97abcf58af107712646dfb657a9710b73ba42db4a4d,CC BY 4.0 plus WHOOPS! Dataset License Agreement additional conditions,nlphuji/whoops,cca58d854ee35b6bfbedc14a9155483e89500ae9,5.0.1,12.3.0,sha256(big_endian_uint32(width) || big_endian_uint32(height) || RGB_pixel_bytes_row_major),bb09d789a4d23416f0cc650e466ddfa49cd3c12abec7e65591f28543af95eb50,working-tree:870.png,exact_decoded_match,,,,
871,data/raw_images/abnormal/871.png,bb335561eb5bc5477b0cd9efe87ecc3525c7bcda07d2919c2822a10bb4c96839,https://whoops-benchmark.s3.amazonaws.com/whoops_images/bb335561eb5bc5477b0cd9efe87ecc3525c7bcda07d2919c2822a10bb4c96839.png,1242,1242,bb335561eb5bc5477b0cd9efe87ecc3525c7bcda07d2919c2822a10bb4c96839,3fb82e4fc3b435586b0115b3a5e6864ca0db67882dcb7f66046eeebaa2d2c20b,CC BY 4.0 plus WHOOPS! Dataset License Agreement additional conditions,nlphuji/whoops,cca58d854ee35b6bfbedc14a9155483e89500ae9,5.0.1,12.3.0,sha256(big_endian_uint32(width) || big_endian_uint32(height) || RGB_pixel_bytes_row_major),bb335561eb5bc5477b0cd9efe87ecc3525c7bcda07d2919c2822a10bb4c96839,working-tree:871.png,exact_decoded_match,,,,
872,data/raw_images/abnormal/872.png,bb87253d43476eacf1f74f60519ca25ab482e4f628acf76f5508315213b1ed8a,https://whoops-benchmark.s3.amazonaws.com/whoops_images/bb87253d43476eacf1f74f60519ca25ab482e4f628acf76f5508315213b1ed8a.png,1024,1024,bb87253d43476eacf1f74f60519ca25ab482e4f628acf76f5508315213b1ed8a,074c951b2b5e3ed97a4f51c3106ba3ca23a4482b9a3bb6eaa7485acbe96b1baa,CC BY 4.0 plus WHOOPS! Dataset License Agreement additional conditions,nlphuji/whoops,cca58d854ee35b6bfbedc14a9155483e89500ae9,5.0.1,12.3.0,sha256(big_endian_uint32(width) || big_endian_uint32(height) || RGB_pixel_bytes_row_major),bb87253d43476eacf1f74f60519ca25ab482e4f628acf76f5508315213b1ed8a,working-tree:872.png,exact_decoded_match,,,,
873,data/raw_images/abnormal/873.png,bd94713350151d181e220589d648f4af39c354df227453d3e2dccaa434683c6d,https://whoops-benchmark.s3.amazonaws.com/whoops_images/bd94713350151d181e220589d648f4af39c354df227453d3e2dccaa434683c6d.png,1024,1024,bd94713350151d181e220589d648f4af39c354df227453d3e2dccaa434683c6d,855b169c2f373d7d4c7b42ce4ae82ef7f22fa64b37d97be2723783a07b31bca8,CC BY 4.0 plus WHOOPS! Dataset License Agreement additional conditions,nlphuji/whoops,cca58d854ee35b6bfbedc14a9155483e89500ae9,5.0.1,12.3.0,sha256(big_endian_uint32(width) || big_endian_uint32(height) || RGB_pixel_bytes_row_major),bd94713350151d181e220589d648f4af39c354df227453d3e2dccaa434683c6d,working-tree:873.png,exact_decoded_match,,,,
874,data/raw_images/abnormal/874.png,bdbad25812601e5082e0e5d25eabd976d12c6e9a8773b81bc3b807fc57cdd61c,https://whoops-benchmark.s3.amazonaws.com/whoops_images/bdbad25812601e5082e0e5d25eabd976d12c6e9a8773b81bc3b807fc57cdd61c.png,1024,1024,bdbad25812601e5082e0e5d25eabd976d12c6e9a8773b81bc3b807fc57cdd61c,8c661e596a8eb73322833877028a16236af4c6e961b2a2ab65cdbd387c669e5b,CC BY 4.0 plus WHOOPS! Dataset License Agreement additional conditions,nlphuji/whoops,cca58d854ee35b6bfbedc14a9155483e89500ae9,5.0.1,12.3.0,sha256(big_endian_uint32(width) || big_endian_uint32(height) || RGB_pixel_bytes_row_major),bdbad25812601e5082e0e5d25eabd976d12c6e9a8773b81bc3b807fc57cdd61c,working-tree:874.png,exact_decoded_match,,,,
875,data/raw_images/abnormal/875.png,bed7669068f6501c7d0876c69fdc42aa9651df2471b48007d6e6403712e0d3af,https://whoops-benchmark.s3.amazonaws.com/whoops_images/bed7669068f6501c7d0876c69fdc42aa9651df2471b48007d6e6403712e0d3af.png,1024,1024,bed7669068f6501c7d0876c69fdc42aa9651df2471b48007d6e6403712e0d3af,ae489fbe5f776f4b037e078495b63ea8f657eff8acf046cc33232279bdf4d8c1,CC BY 4.0 plus WHOOPS! Dataset License Agreement additional conditions,nlphuji/whoops,cca58d854ee35b6bfbedc14a9155483e89500ae9,5.0.1,12.3.0,sha256(big_endian_uint32(width) || big_endian_uint32(height) || RGB_pixel_bytes_row_major),bed7669068f6501c7d0876c69fdc42aa9651df2471b48007d6e6403712e0d3af,working-tree:875.png,exact_decoded_match,,,,
876,data/raw_images/abnormal/876.png,bee49ad33d984783f77d39b52edbee1a1a61f99bb8b79cf8ad4ae7c021d5163b,https://whoops-benchmark.s3.amazonaws.com/whoops_images/bee49ad33d984783f77d39b52edbee1a1a61f99bb8b79cf8ad4ae7c021d5163b.png,1024,1024,bee49ad33d984783f77d39b52edbee1a1a61f99bb8b79cf8ad4ae7c021d5163b,c6155a178b8b764bbd0a2faf73c9c3adfbe2dbeede61157afa15996d3b36f48d,CC BY 4.0 plus WHOOPS! Dataset License Agreement additional conditions,nlphuji/whoops,cca58d854ee35b6bfbedc14a9155483e89500ae9,5.0.1,12.3.0,sha256(big_endian_uint32(width) || big_endian_uint32(height) || RGB_pixel_bytes_row_major),bee49ad33d984783f77d39b52edbee1a1a61f99bb8b79cf8ad4ae7c021d5163b,working-tree:876.png,exact_decoded_match,,,,
877,data/raw_images/abnormal/877.png,bef11cb8bab957436b4740bc349ea847ce801526068420bdb89085002cd116f1,https://whoops-benchmark.s3.amazonaws.com/whoops_images/bef11cb8bab957436b4740bc349ea847ce801526068420bdb89085002cd116f1.png,1024,1024,bef11cb8bab957436b4740bc349ea847ce801526068420bdb89085002cd116f1,f50f4ecd220b412a7b3f5e0199aa996a9a36e0152ed54cc4d86c96b79af7fbd8,CC BY 4.0 plus WHOOPS! Dataset License Agreement additional conditions,nlphuji/whoops,cca58d854ee35b6bfbedc14a9155483e89500ae9,5.0.1,12.3.0,sha256(big_endian_uint32(width) || big_endian_uint32(height) || RGB_pixel_bytes_row_major),bef11cb8bab957436b4740bc349ea847ce801526068420bdb89085002cd116f1,working-tree:877.png,exact_decoded_match,,,,
878,data/raw_images/abnormal/878.png,bf954ca58c44a83f07f0daa33f3c2371f16b7ae191a2b18a1ce5f4df8136e6cb,https://whoops-benchmark.s3.amazonaws.com/whoops_images/bf954ca58c44a83f07f0daa33f3c2371f16b7ae191a2b18a1ce5f4df8136e6cb.png,1024,1024,bf954ca58c44a83f07f0daa33f3c2371f16b7ae191a2b18a1ce5f4df8136e6cb,01d9b4d90866cfbd0a49eed2e00e942569ab4f235143a88cb8be914a20e89c03,CC BY 4.0 plus WHOOPS! Dataset License Agreement additional conditions,nlphuji/whoops,cca58d854ee35b6bfbedc14a9155483e89500ae9,5.0.1,12.3.0,sha256(big_endian_uint32(width) || big_endian_uint32(height) || RGB_pixel_bytes_row_major),bf954ca58c44a83f07f0daa33f3c2371f16b7ae191a2b18a1ce5f4df8136e6cb,working-tree:878.png,exact_decoded_match,,,,
879,data/raw_images/abnormal/879.png,c013d30700572cf16c6ea700a4ffd244dce97b92a0e82427bfaff894fb739898,https://whoops-benchmark.s3.amazonaws.com/whoops_images/c013d30700572cf16c6ea700a4ffd244dce97b92a0e82427bfaff894fb739898.png,1024,1024,c013d30700572cf16c6ea700a4ffd244dce97b92a0e82427bfaff894fb739898,f1812c10cee98439bdf786f94c0cda00a76192d2b2408810c0277b3fd91c2a20,CC BY 4.0 plus WHOOPS! Dataset License Agreement additional conditions,nlphuji/whoops,cca58d854ee35b6bfbedc14a9155483e89500ae9,5.0.1,12.3.0,sha256(big_endian_uint32(width) || big_endian_uint32(height) || RGB_pixel_bytes_row_major),c013d30700572cf16c6ea700a4ffd244dce97b92a0e82427bfaff894fb739898,working-tree:879.png,exact_decoded_match,,,,
880,data/raw_images/abnormal/880.png,c01cd297194ebd7ed8ddd1fc70f20a118cfc3729c23dfdada73581bb95f80ce4,https://whoops-benchmark.s3.amazonaws.com/whoops_images/c01cd297194ebd7ed8ddd1fc70f20a118cfc3729c23dfdada73581bb95f80ce4.png,1024,1024,c01cd297194ebd7ed8ddd1fc70f20a118cfc3729c23dfdada73581bb95f80ce4,728173406d205cd763bda3896bf5d34ccf91edd76c02d7d4ac54de2615392f6b,CC BY 4.0 plus WHOOPS! Dataset License Agreement additional conditions,nlphuji/whoops,cca58d854ee35b6bfbedc14a9155483e89500ae9,5.0.1,12.3.0,sha256(big_endian_uint32(width) || big_endian_uint32(height) || RGB_pixel_bytes_row_major),c01cd297194ebd7ed8ddd1fc70f20a118cfc3729c23dfdada73581bb95f80ce4,working-tree:880.png,exact_decoded_match,,,,
881,data/raw_images/abnormal/881.png,c0690b3e336f9377adc1544a0add149a53fc28e2cf0dc1b0297bbf55844ee270,https://whoops-benchmark.s3.amazonaws.com/whoops_images/c0690b3e336f9377adc1544a0add149a53fc28e2cf0dc1b0297bbf55844ee270.png,1024,1024,c0690b3e336f9377adc1544a0add149a53fc28e2cf0dc1b0297bbf55844ee270,6cdb8b30f05f6c8fa71f13d2c18bd648a9f010f92173403bb9112f5ec76e2637,CC BY 4.0 plus WHOOPS! Dataset License Agreement additional conditions,nlphuji/whoops,cca58d854ee35b6bfbedc14a9155483e89500ae9,5.0.1,12.3.0,sha256(big_endian_uint32(width) || big_endian_uint32(height) || RGB_pixel_bytes_row_major),c0690b3e336f9377adc1544a0add149a53fc28e2cf0dc1b0297bbf55844ee270,working-tree:881.png,exact_decoded_match,,,,
882,data/raw_images/abnormal/882.png,c10cd7183c57e4e2faaa009fef8cc01fe0c1713d3c69879fca4c7c66ff6da513,https://whoops-benchmark.s3.amazonaws.com/whoops_images/c10cd7183c57e4e2faaa009fef8cc01fe0c1713d3c69879fca4c7c66ff6da513.png,1024,1024,c10cd7183c57e4e2faaa009fef8cc01fe0c1713d3c69879fca4c7c66ff6da513,aabb3a13e184f720ee27e1c3d215aa9c54e09f8414f46be2c31ec3053120b850,CC BY 4.0 plus WHOOPS! Dataset License Agreement additional conditions,nlphuji/whoops,cca58d854ee35b6bfbedc14a9155483e89500ae9,5.0.1,12.3.0,sha256(big_endian_uint32(width) || big_endian_uint32(height) || RGB_pixel_bytes_row_major),c10cd7183c57e4e2faaa009fef8cc01fe0c1713d3c69879fca4c7c66ff6da513,working-tree:882.png,exact_decoded_match,,,,
883,data/raw_images/abnormal/883.png,c165c2abe67f8280d0dc44d60b5270c694fb1d27e77c7e007a91a2930349862f,https://whoops-benchmark.s3.amazonaws.com/whoops_images/c165c2abe67f8280d0dc44d60b5270c694fb1d27e77c7e007a91a2930349862f.png,1560,1560,c165c2abe67f8280d0dc44d60b5270c694fb1d27e77c7e007a91a2930349862f,f70c51ce301a0691269f79a9e07497d79c24d85c2207feef869255d92af677cb,CC BY 4.0 plus WHOOPS! Dataset License Agreement additional conditions,nlphuji/whoops,cca58d854ee35b6bfbedc14a9155483e89500ae9,5.0.1,12.3.0,sha256(big_endian_uint32(width) || big_endian_uint32(height) || RGB_pixel_bytes_row_major),c165c2abe67f8280d0dc44d60b5270c694fb1d27e77c7e007a91a2930349862f,working-tree:883.png,exact_decoded_match,,,,
884,data/raw_images/abnormal/884.png,c1ce801de289b0a39f8cdc2ed55b5becf01cdacf65e33ebfbcd10aa51a4e06c8,https://whoops-benchmark.s3.amazonaws.com/whoops_images/c1ce801de289b0a39f8cdc2ed55b5becf01cdacf65e33ebfbcd10aa51a4e06c8.png,1024,1022,c1ce801de289b0a39f8cdc2ed55b5becf01cdacf65e33ebfbcd10aa51a4e06c8,f7dfc09a2f8e81e2ab7befdd1e24bbe0964f836443335e843bcdc5837b9ef777,CC BY 4.0 plus WHOOPS! Dataset License Agreement additional conditions,nlphuji/whoops,cca58d854ee35b6bfbedc14a9155483e89500ae9,5.0.1,12.3.0,sha256(big_endian_uint32(width) || big_endian_uint32(height) || RGB_pixel_bytes_row_major),c1ce801de289b0a39f8cdc2ed55b5becf01cdacf65e33ebfbcd10aa51a4e06c8,working-tree:884.png,exact_decoded_match,,,,
885,data/raw_images/abnormal/885.png,c25571af142fee95185cd8fe8a3e6f7175a38338eb6d26b5d1369dca7e2f0484,https://whoops-benchmark.s3.amazonaws.com/whoops_images/c25571af142fee95185cd8fe8a3e6f7175a38338eb6d26b5d1369dca7e2f0484.png,1024,1024,c25571af142fee95185cd8fe8a3e6f7175a38338eb6d26b5d1369dca7e2f0484,7515cfd6b5233981ab5bccc9fe13a084a4ca0b7276409455465f2097cc71a4c4,CC BY 4.0 plus WHOOPS! Dataset License Agreement additional conditions,nlphuji/whoops,cca58d854ee35b6bfbedc14a9155483e89500ae9,5.0.1,12.3.0,sha256(big_endian_uint32(width) || big_endian_uint32(height) || RGB_pixel_bytes_row_major),c25571af142fee95185cd8fe8a3e6f7175a38338eb6d26b5d1369dca7e2f0484,working-tree:885.png,exact_decoded_match,,,,
886,data/raw_images/abnormal/886.png,c2b807969885bf1ab19ddcc8eeaeb7db31c7bb2662dac86c0a2d84b351e8b442,https://whoops-benchmark.s3.amazonaws.com/whoops_images/c2b807969885bf1ab19ddcc8eeaeb7db31c7bb2662dac86c0a2d84b351e8b442.png,1024,1024,c2b807969885bf1ab19ddcc8eeaeb7db31c7bb2662dac86c0a2d84b351e8b442,9599492c2c6d42a9cdb412b27e01e004ac596af4b74aabdb67e0eba0051d958f,CC BY 4.0 plus WHOOPS! Dataset License Agreement additional conditions,nlphuji/whoops,cca58d854ee35b6bfbedc14a9155483e89500ae9,5.0.1,12.3.0,sha256(big_endian_uint32(width) || big_endian_uint32(height) || RGB_pixel_bytes_row_major),c2b807969885bf1ab19ddcc8eeaeb7db31c7bb2662dac86c0a2d84b351e8b442,working-tree:886.png,exact_decoded_match,,,,
887,data/raw_images/abnormal/887.png,c2d1231e0773659a67673c40e44f80880540526e1acca351f635fd28b1700435,https://whoops-benchmark.s3.amazonaws.com/whoops_images/c2d1231e0773659a67673c40e44f80880540526e1acca351f635fd28b1700435.png,1024,1024,c2d1231e0773659a67673c40e44f80880540526e1acca351f635fd28b1700435,fc40f83aed43e1d8b6ddb5322c69d9a043a619cdd81eb2f1e673850b5f549c94,CC BY 4.0 plus WHOOPS! Dataset License Agreement additional conditions,nlphuji/whoops,cca58d854ee35b6bfbedc14a9155483e89500ae9,5.0.1,12.3.0,sha256(big_endian_uint32(width) || big_endian_uint32(height) || RGB_pixel_bytes_row_major),c2d1231e0773659a67673c40e44f80880540526e1acca351f635fd28b1700435,working-tree:887.png,exact_decoded_match,,,,
888,data/raw_images/abnormal/888.png,c3338ce79d53c5cd243971fd43d34201e8e1fd09eba594abc5eb1437256da655,https://whoops-benchmark.s3.amazonaws.com/whoops_images/c3338ce79d53c5cd243971fd43d34201e8e1fd09eba594abc5eb1437256da655.png,1536,1536,c3338ce79d53c5cd243971fd43d34201e8e1fd09eba594abc5eb1437256da655,5e191852570bbfff2c91dbb89a7c2cb8bc06915e346499d8d5be688efb2ab5d6,CC BY 4.0 plus WHOOPS! Dataset License Agreement additional conditions,nlphuji/whoops,cca58d854ee35b6bfbedc14a9155483e89500ae9,5.0.1,12.3.0,sha256(big_endian_uint32(width) || big_endian_uint32(height) || RGB_pixel_bytes_row_major),ab6a6cc15c46e2ac3f92bc113bb772e853ee0ab086923d2d3ac9845eb66080a7,working-tree:888.png,deterministic_transform_verified,resize_max_side_1536_lanczos_floor_dimensions,official_decoded_rgb_sha256=904fe638c930069933fb70eef71d78725ad1d28424d8eafd3317fb7361a65eef; transformed_decoded_rgb_sha256=5e191852570bbfff2c91dbb89a7c2cb8bc06915e346499d8d5be688efb2ab5d6; archive_revision=0616dca,c3338ce79d53c5cd243971fd43d34201e8e1fd09eba594abc5eb1437256da655,904fe638c930069933fb70eef71d78725ad1d28424d8eafd3317fb7361a65eef
889,data/raw_images/abnormal/889.png,c3b32f65f08f0c05c28c101640bb1afe44a028c74a40cd1ada876b7467f07bef,https://whoops-benchmark.s3.amazonaws.com/whoops_images/c3b32f65f08f0c05c28c101640bb1afe44a028c74a40cd1ada876b7467f07bef.png,1024,1024,c3b32f65f08f0c05c28c101640bb1afe44a028c74a40cd1ada876b7467f07bef,c52c106bb900e33e0a1a358764194267b297338db75aa94a33137743a0b8f281,CC BY 4.0 plus WHOOPS! Dataset License Agreement additional conditions,nlphuji/whoops,cca58d854ee35b6bfbedc14a9155483e89500ae9,5.0.1,12.3.0,sha256(big_endian_uint32(width) || big_endian_uint32(height) || RGB_pixel_bytes_row_major),c3b32f65f08f0c05c28c101640bb1afe44a028c74a40cd1ada876b7467f07bef,working-tree:889.png,exact_decoded_match,,,,
890,data/raw_images/abnormal/890.png,c41f07125752437fd7fc148ae97dbca3951da393808080e8de0edc17fec22601,https://whoops-benchmark.s3.amazonaws.com/whoops_images/c41f07125752437fd7fc148ae97dbca3951da393808080e8de0edc17fec22601.png,1024,1024,c41f07125752437fd7fc148ae97dbca3951da393808080e8de0edc17fec22601,81c610aaf044e5eb63b0005326d025c5e92bc1c8928ae4656d0b041da0a25aae,CC BY 4.0 plus WHOOPS! Dataset License Agreement additional conditions,nlphuji/whoops,cca58d854ee35b6bfbedc14a9155483e89500ae9,5.0.1,12.3.0,sha256(big_endian_uint32(width) || big_endian_uint32(height) || RGB_pixel_bytes_row_major),c41f07125752437fd7fc148ae97dbca3951da393808080e8de0edc17fec22601,working-tree:890.png,exact_decoded_match,,,,
891,data/raw_images/abnormal/891.png,c4226fdf609603eb6017e20df652f4e808fdd5315e28b62a2368864527833d68,https://whoops-benchmark.s3.amazonaws.com/whoops_images/c4226fdf609603eb6017e20df652f4e808fdd5315e28b62a2368864527833d68.png,1024,1024,c4226fdf609603eb6017e20df652f4e808fdd5315e28b62a2368864527833d68,0517df07316897899ff73ebcb3d55d0d2ae629c83752f914040adfe974749b0b,CC BY 4.0 plus WHOOPS! Dataset License Agreement additional conditions,nlphuji/whoops,cca58d854ee35b6bfbedc14a9155483e89500ae9,5.0.1,12.3.0,sha256(big_endian_uint32(width) || big_endian_uint32(height) || RGB_pixel_bytes_row_major),c4226fdf609603eb6017e20df652f4e808fdd5315e28b62a2368864527833d68,working-tree:891.png,exact_decoded_match,,,,
892,data/raw_images/abnormal/892.png,c467a36d48208e01e9bbd3240b5dea423766b6ef8a771bc6f2d87e138a9a2dc7,https://whoops-benchmark.s3.amazonaws.com/whoops_images/c467a36d48208e01e9bbd3240b5dea423766b6ef8a771bc6f2d87e138a9a2dc7.png,1024,1024,c467a36d48208e01e9bbd3240b5dea423766b6ef8a771bc6f2d87e138a9a2dc7,73947215a7f64ee985b263698448931dcce073f0fda6afa8f1804256861eceaa,CC BY 4.0 plus WHOOPS! Dataset License Agreement additional conditions,nlphuji/whoops,cca58d854ee35b6bfbedc14a9155483e89500ae9,5.0.1,12.3.0,sha256(big_endian_uint32(width) || big_endian_uint32(height) || RGB_pixel_bytes_row_major),c467a36d48208e01e9bbd3240b5dea423766b6ef8a771bc6f2d87e138a9a2dc7,working-tree:892.png,exact_decoded_match,,,,
893,data/raw_images/abnormal/893.png,c5156951e9a85dc907406913036d102015f343b1dbed57939ee1a1daee17d64c,https://whoops-benchmark.s3.amazonaws.com/whoops_images/c5156951e9a85dc907406913036d102015f343b1dbed57939ee1a1daee17d64c.png,1024,1024,c5156951e9a85dc907406913036d102015f343b1dbed57939ee1a1daee17d64c,76b81ccd5f285dd08b31a7940db72ee165556bbbd5bb38a29191d14d25c12802,CC BY 4.0 plus WHOOPS! Dataset License Agreement additional conditions,nlphuji/whoops,cca58d854ee35b6bfbedc14a9155483e89500ae9,5.0.1,12.3.0,sha256(big_endian_uint32(width) || big_endian_uint32(height) || RGB_pixel_bytes_row_major),c5156951e9a85dc907406913036d102015f343b1dbed57939ee1a1daee17d64c,working-tree:893.png,exact_decoded_match,,,,
894,data/raw_images/abnormal/894.png,c5a4a7673214a40d02a61e6e798b69891c965d4ed8caa561a2cdbaca102c89f5,https://whoops-benchmark.s3.amazonaws.com/whoops_images/c5a4a7673214a40d02a61e6e798b69891c965d4ed8caa561a2cdbaca102c89f5.png,1024,1024,c5a4a7673214a40d02a61e6e798b69891c965d4ed8caa561a2cdbaca102c89f5,0466b744118da886f1de8c9e02d0aec9e9cb7ced833b21a28bf3cfaa43590bcd,CC BY 4.0 plus WHOOPS! Dataset License Agreement additional conditions,nlphuji/whoops,cca58d854ee35b6bfbedc14a9155483e89500ae9,5.0.1,12.3.0,sha256(big_endian_uint32(width) || big_endian_uint32(height) || RGB_pixel_bytes_row_major),c5a4a7673214a40d02a61e6e798b69891c965d4ed8caa561a2cdbaca102c89f5,working-tree:894.png,exact_decoded_match,,,,
895,data/raw_images/abnormal/895.png,c5c56c4e3a7f747415a8ad9bac218d983b82889c409a5872421deeb2ef7ec131,https://whoops-benchmark.s3.amazonaws.com/whoops_images/c5c56c4e3a7f747415a8ad9bac218d983b82889c409a5872421deeb2ef7ec131.png,1024,1024,c5c56c4e3a7f747415a8ad9bac218d983b82889c409a5872421deeb2ef7ec131,b7120a938665e65f0009ac6855f8f975b9761c2aef12cd8edb5739e9c2f0a0ac,CC BY 4.0 plus WHOOPS! Dataset License Agreement additional conditions,nlphuji/whoops,cca58d854ee35b6bfbedc14a9155483e89500ae9,5.0.1,12.3.0,sha256(big_endian_uint32(width) || big_endian_uint32(height) || RGB_pixel_bytes_row_major),c5c56c4e3a7f747415a8ad9bac218d983b82889c409a5872421deeb2ef7ec131,working-tree:895.png,exact_decoded_match,,,,
896,data/raw_images/abnormal/896.png,c5ef9846bb41a5ec727986575bcd6591698f9e70b3be1f8de51f92deefa00df6,https://whoops-benchmark.s3.amazonaws.com/whoops_images/c5ef9846bb41a5ec727986575bcd6591698f9e70b3be1f8de51f92deefa00df6.png,1024,1024,c5ef9846bb41a5ec727986575bcd6591698f9e70b3be1f8de51f92deefa00df6,442cccba0a5e30c96f776ffe261f550dcf3325a24271679319f13bb0425e81d4,CC BY 4.0 plus WHOOPS! Dataset License Agreement additional conditions,nlphuji/whoops,cca58d854ee35b6bfbedc14a9155483e89500ae9,5.0.1,12.3.0,sha256(big_endian_uint32(width) || big_endian_uint32(height) || RGB_pixel_bytes_row_major),c5ef9846bb41a5ec727986575bcd6591698f9e70b3be1f8de51f92deefa00df6,working-tree:896.png,exact_decoded_match,,,,
897,data/raw_images/abnormal/897.png,c635886a9dbaacc6ad26f5175e770879bcb2247e984b964ffc8b76645142c5ea,https://whoops-benchmark.s3.amazonaws.com/whoops_images/c635886a9dbaacc6ad26f5175e770879bcb2247e984b964ffc8b76645142c5ea.png,1024,1024,c635886a9dbaacc6ad26f5175e770879bcb2247e984b964ffc8b76645142c5ea,4fcc13ba82687a02b0761cd9fd0f0966a43ed5379f0aa2ca2047a65b96e5e585,CC BY 4.0 plus WHOOPS! Dataset License Agreement additional conditions,nlphuji/whoops,cca58d854ee35b6bfbedc14a9155483e89500ae9,5.0.1,12.3.0,sha256(big_endian_uint32(width) || big_endian_uint32(height) || RGB_pixel_bytes_row_major),c635886a9dbaacc6ad26f5175e770879bcb2247e984b964ffc8b76645142c5ea,working-tree:897.png,exact_decoded_match,,,,
898,data/raw_images/abnormal/898.png,c66105596372fbca606367741cb84ffe4c741917ab9fed813b72bd727b857c12,https://whoops-benchmark.s3.amazonaws.com/whoops_images/c66105596372fbca606367741cb84ffe4c741917ab9fed813b72bd727b857c12.png,1024,1024,c66105596372fbca606367741cb84ffe4c741917ab9fed813b72bd727b857c12,ed4f464b80e80d493a136684da428fecceb8f7cf29ec8d23642aa682b0b4433a,CC BY 4.0 plus WHOOPS! Dataset License Agreement additional conditions,nlphuji/whoops,cca58d854ee35b6bfbedc14a9155483e89500ae9,5.0.1,12.3.0,sha256(big_endian_uint32(width) || big_endian_uint32(height) || RGB_pixel_bytes_row_major),c66105596372fbca606367741cb84ffe4c741917ab9fed813b72bd727b857c12,working-tree:898.png,exact_decoded_match,,,,
899,data/raw_images/abnormal/899.png,c6785816dbf1349d1986438e2342f727ee3e2b41d97dca30fc2f2c3b7d76a5ae,https://whoops-benchmark.s3.amazonaws.com/whoops_images/c6785816dbf1349d1986438e2342f727ee3e2b41d97dca30fc2f2c3b7d76a5ae.png,1228,1228,c6785816dbf1349d1986438e2342f727ee3e2b41d97dca30fc2f2c3b7d76a5ae,c60b23484d7460861789d9e9a4d6974689439321f2bc3812fed4fc48bad0ef26,CC BY 4.0 plus WHOOPS! Dataset License Agreement additional conditions,nlphuji/whoops,cca58d854ee35b6bfbedc14a9155483e89500ae9,5.0.1,12.3.0,sha256(big_endian_uint32(width) || big_endian_uint32(height) || RGB_pixel_bytes_row_major),c6785816dbf1349d1986438e2342f727ee3e2b41d97dca30fc2f2c3b7d76a5ae,working-tree:899.png,exact_decoded_match,,,,
900,data/raw_images/abnormal/900.png,c7c5a262fb044a4fb7875563ea593c33f4c779442fb3f3eb7f54a49bd269e575,https://whoops-benchmark.s3.amazonaws.com/whoops_images/c7c5a262fb044a4fb7875563ea593c33f4c779442fb3f3eb7f54a49bd269e575.png,1024,1024,c7c5a262fb044a4fb7875563ea593c33f4c779442fb3f3eb7f54a49bd269e575,8d96c8e37dc20fcfb19c671e41e495d74bc1afb8393c7bc1f15d1933d249474b,CC BY 4.0 plus WHOOPS! Dataset License Agreement additional conditions,nlphuji/whoops,cca58d854ee35b6bfbedc14a9155483e89500ae9,5.0.1,12.3.0,sha256(big_endian_uint32(width) || big_endian_uint32(height) || RGB_pixel_bytes_row_major),c7c5a262fb044a4fb7875563ea593c33f4c779442fb3f3eb7f54a49bd269e575,working-tree:900.png,exact_decoded_match,,,,
901,data/raw_images/abnormal/901.png,c8369b64c67fb5e10743a41ec396d4784ac9695bdda2830ebe653de9b7bcd83d,https://whoops-benchmark.s3.amazonaws.com/whoops_images/c8369b64c67fb5e10743a41ec396d4784ac9695bdda2830ebe653de9b7bcd83d.png,1228,1228,c8369b64c67fb5e10743a41ec396d4784ac9695bdda2830ebe653de9b7bcd83d,cbddee2f651d8e7f935954518b8b73aac880b04a5c1525acfa73a2c84bcf322c,CC BY 4.0 plus WHOOPS! Dataset License Agreement additional conditions,nlphuji/whoops,cca58d854ee35b6bfbedc14a9155483e89500ae9,5.0.1,12.3.0,sha256(big_endian_uint32(width) || big_endian_uint32(height) || RGB_pixel_bytes_row_major),c8369b64c67fb5e10743a41ec396d4784ac9695bdda2830ebe653de9b7bcd83d,working-tree:901.png,exact_decoded_match,,,,
902,data/raw_images/abnormal/902.png,c9d1b8834b9a9905ab1d1c15dc130e3d9717b4e0dcc5df7def23a794447a4ed9,https://whoops-benchmark.s3.amazonaws.com/whoops_images/c9d1b8834b9a9905ab1d1c15dc130e3d9717b4e0dcc5df7def23a794447a4ed9.png,1024,1024,c9d1b8834b9a9905ab1d1c15dc130e3d9717b4e0dcc5df7def23a794447a4ed9,a4264d4115e14d494e30f4a26273227d75c8e6d07b08b3b58af39173cbad7492,CC BY 4.0 plus WHOOPS! Dataset License Agreement additional conditions,nlphuji/whoops,cca58d854ee35b6bfbedc14a9155483e89500ae9,5.0.1,12.3.0,sha256(big_endian_uint32(width) || big_endian_uint32(height) || RGB_pixel_bytes_row_major),c9d1b8834b9a9905ab1d1c15dc130e3d9717b4e0dcc5df7def23a794447a4ed9,working-tree:902.png,exact_decoded_match,,,,
903,data/raw_images/abnormal/903.png,ca5a30e1a475b15ff63284064f29eaaa37094c7100f0ce088124f1e226509980,https://whoops-benchmark.s3.amazonaws.com/whoops_images/ca5a30e1a475b15ff63284064f29eaaa37094c7100f0ce088124f1e226509980.png,1024,1024,ca5a30e1a475b15ff63284064f29eaaa37094c7100f0ce088124f1e226509980,581e9d347d3abd35a57704ce22f1dfa6cfd7362ded85365e9eef5fdc22d759dc,CC BY 4.0 plus WHOOPS! Dataset License Agreement additional conditions,nlphuji/whoops,cca58d854ee35b6bfbedc14a9155483e89500ae9,5.0.1,12.3.0,sha256(big_endian_uint32(width) || big_endian_uint32(height) || RGB_pixel_bytes_row_major),ca5a30e1a475b15ff63284064f29eaaa37094c7100f0ce088124f1e226509980,working-tree:903.png,exact_decoded_match,,,,
904,data/raw_images/abnormal/904.png,ca89bcc4fdabaedd1a87aa240aa196491c001672398c6e38d3419be6c726f203,https://whoops-benchmark.s3.amazonaws.com/whoops_images/ca89bcc4fdabaedd1a87aa240aa196491c001672398c6e38d3419be6c726f203.png,1536,1536,ca89bcc4fdabaedd1a87aa240aa196491c001672398c6e38d3419be6c726f203,c41231c1f3ad0fda5b6c3de4f2bc45d705b5f11fdf88bc5af8f290abb56e63ef,CC BY 4.0 plus WHOOPS! Dataset License Agreement additional conditions,nlphuji/whoops,cca58d854ee35b6bfbedc14a9155483e89500ae9,5.0.1,12.3.0,sha256(big_endian_uint32(width) || big_endian_uint32(height) || RGB_pixel_bytes_row_major),245a5fa5310b17d0ec6f73dfe610056b2f246dbe7214116950d652e677b1f637,working-tree:904.png,deterministic_transform_verified,resize_max_side_1536_lanczos_floor_dimensions,official_decoded_rgb_sha256=3e83d1d69a2c2f57331ab47ae8d23c7947e46b7620e2fbe94c571f284e60b231; transformed_decoded_rgb_sha256=c41231c1f3ad0fda5b6c3de4f2bc45d705b5f11fdf88bc5af8f290abb56e63ef; archive_revision=0616dca,ca89bcc4fdabaedd1a87aa240aa196491c001672398c6e38d3419be6c726f203,3e83d1d69a2c2f57331ab47ae8d23c7947e46b7620e2fbe94c571f284e60b231
905,data/raw_images/abnormal/905.png,caf20c478401e1381ec787bbadbf0d0bc10532d038ca93e38eea59fa089e6db6,https://whoops-benchmark.s3.amazonaws.com/whoops_images/caf20c478401e1381ec787bbadbf0d0bc10532d038ca93e38eea59fa089e6db6.png,1242,1242,caf20c478401e1381ec787bbadbf0d0bc10532d038ca93e38eea59fa089e6db6,bc49b5bab3d7ff9b9e7f8d03f11024972140798b7e5cf346ff7a998d207db59d,CC BY 4.0 plus WHOOPS! Dataset License Agreement additional conditions,nlphuji/whoops,cca58d854ee35b6bfbedc14a9155483e89500ae9,5.0.1,12.3.0,sha256(big_endian_uint32(width) || big_endian_uint32(height) || RGB_pixel_bytes_row_major),caf20c478401e1381ec787bbadbf0d0bc10532d038ca93e38eea59fa089e6db6,working-tree:905.png,exact_decoded_match,,,,
906,data/raw_images/abnormal/906.png,cba4acfa0a71ccdf62d01a819ac5e8a9d83c8b186dc7c68244a85604eff89a6a,https://whoops-benchmark.s3.amazonaws.com/whoops_images/cba4acfa0a71ccdf62d01a819ac5e8a9d83c8b186dc7c68244a85604eff89a6a.png,1024,1024,cba4acfa0a71ccdf62d01a819ac5e8a9d83c8b186dc7c68244a85604eff89a6a,da6b2282d35ae07cce7f79e166418522a482869d77c22f7d94fa522d25bfb50b,CC BY 4.0 plus WHOOPS! Dataset License Agreement additional conditions,nlphuji/whoops,cca58d854ee35b6bfbedc14a9155483e89500ae9,5.0.1,12.3.0,sha256(big_endian_uint32(width) || big_endian_uint32(height) || RGB_pixel_bytes_row_major),cba4acfa0a71ccdf62d01a819ac5e8a9d83c8b186dc7c68244a85604eff89a6a,working-tree:906.png,exact_decoded_match,,,,
907,data/raw_images/abnormal/907.png,ce58edfa9010b2c6a3499af8297c3300451fcab3b582a2d5c56cac850666f0d9,https://whoops-benchmark.s3.amazonaws.com/whoops_images/ce58edfa9010b2c6a3499af8297c3300451fcab3b582a2d5c56cac850666f0d9.png,1024,1024,ce58edfa9010b2c6a3499af8297c3300451fcab3b582a2d5c56cac850666f0d9,967d50b1af31ce3e5dee482f7412a9cff629a78d0ed83ba2e5a33ca2b47c5ef2,CC BY 4.0 plus WHOOPS! Dataset License Agreement additional conditions,nlphuji/whoops,cca58d854ee35b6bfbedc14a9155483e89500ae9,5.0.1,12.3.0,sha256(big_endian_uint32(width) || big_endian_uint32(height) || RGB_pixel_bytes_row_major),ce58edfa9010b2c6a3499af8297c3300451fcab3b582a2d5c56cac850666f0d9,working-tree:907.png,exact_decoded_match,,,,
908,data/raw_images/abnormal/908.png,cefa4f7015a4fad20a1bf1bf77cda07a85d3e9d130326b91295a34d985e0027d,https://whoops-benchmark.s3.amazonaws.com/whoops_images/cefa4f7015a4fad20a1bf1bf77cda07a85d3e9d130326b91295a34d985e0027d.png,1024,1024,cefa4f7015a4fad20a1bf1bf77cda07a85d3e9d130326b91295a34d985e0027d,6fa6d50f67bdbf02529f2546e404686fda47457e321e0958dc7364e6622c04a5,CC BY 4.0 plus WHOOPS! Dataset License Agreement additional conditions,nlphuji/whoops,cca58d854ee35b6bfbedc14a9155483e89500ae9,5.0.1,12.3.0,sha256(big_endian_uint32(width) || big_endian_uint32(height) || RGB_pixel_bytes_row_major),cefa4f7015a4fad20a1bf1bf77cda07a85d3e9d130326b91295a34d985e0027d,working-tree:908.png,exact_decoded_match,,,,
909,data/raw_images/abnormal/909.png,cf242a5077a0f4e7f80a20b8e9ecdcb00cb21cc46ebc505cd22e62bda23b6ecd,https://whoops-benchmark.s3.amazonaws.com/whoops_images/cf242a5077a0f4e7f80a20b8e9ecdcb00cb21cc46ebc505cd22e62bda23b6ecd.png,1024,1024,cf242a5077a0f4e7f80a20b8e9ecdcb00cb21cc46ebc505cd22e62bda23b6ecd,679bb85d64e18e14474e1aec425f19b902e33bc9fcc66fc8c6b080e315c105e5,CC BY 4.0 plus WHOOPS! Dataset License Agreement additional conditions,nlphuji/whoops,cca58d854ee35b6bfbedc14a9155483e89500ae9,5.0.1,12.3.0,sha256(big_endian_uint32(width) || big_endian_uint32(height) || RGB_pixel_bytes_row_major),cf242a5077a0f4e7f80a20b8e9ecdcb00cb21cc46ebc505cd22e62bda23b6ecd,working-tree:909.png,exact_decoded_match,,,,
910,data/raw_images/abnormal/910.png,cfc3c499e3879fe76eeee33a994a568933d8d37142b8f9fbeee9e75ef7715746,https://whoops-benchmark.s3.amazonaws.com/whoops_images/cfc3c499e3879fe76eeee33a994a568933d8d37142b8f9fbeee9e75ef7715746.png,1024,1024,cfc3c499e3879fe76eeee33a994a568933d8d37142b8f9fbeee9e75ef7715746,73fb375a29bcaa3affd67fb9c43810cc77a4279a1fb890a356fc1575d1274718,CC BY 4.0 plus WHOOPS! Dataset License Agreement additional conditions,nlphuji/whoops,cca58d854ee35b6bfbedc14a9155483e89500ae9,5.0.1,12.3.0,sha256(big_endian_uint32(width) || big_endian_uint32(height) || RGB_pixel_bytes_row_major),cfc3c499e3879fe76eeee33a994a568933d8d37142b8f9fbeee9e75ef7715746,working-tree:910.png,exact_decoded_match,,,,
911,data/raw_images/abnormal/911.png,d0c945983054cbe7b43428b466f63358d9bcb0208f9de9eddfd3aacdaae0839d,https://whoops-benchmark.s3.amazonaws.com/whoops_images/d0c945983054cbe7b43428b466f63358d9bcb0208f9de9eddfd3aacdaae0839d.png,1024,1024,d0c945983054cbe7b43428b466f63358d9bcb0208f9de9eddfd3aacdaae0839d,83f1e95ae7a94f5d3babe55ed4fbbe6e8aa55e713000338fb9169bae81002a6e,CC BY 4.0 plus WHOOPS! Dataset License Agreement additional conditions,nlphuji/whoops,cca58d854ee35b6bfbedc14a9155483e89500ae9,5.0.1,12.3.0,sha256(big_endian_uint32(width) || big_endian_uint32(height) || RGB_pixel_bytes_row_major),d0c945983054cbe7b43428b466f63358d9bcb0208f9de9eddfd3aacdaae0839d,working-tree:911.png,exact_decoded_match,,,,
912,data/raw_images/abnormal/912.png,d1fc03a6309227f73d30d188e0eb8ba585d2f9f997943d0a839403bb28b49173,https://whoops-benchmark.s3.amazonaws.com/whoops_images/d1fc03a6309227f73d30d188e0eb8ba585d2f9f997943d0a839403bb28b49173.png,1024,1024,d1fc03a6309227f73d30d188e0eb8ba585d2f9f997943d0a839403bb28b49173,7a6ab72612763ee7426d12db361fa8cbda6c8b0a7c0b8b34ade74df82a43b91d,CC BY 4.0 plus WHOOPS! Dataset License Agreement additional conditions,nlphuji/whoops,cca58d854ee35b6bfbedc14a9155483e89500ae9,5.0.1,12.3.0,sha256(big_endian_uint32(width) || big_endian_uint32(height) || RGB_pixel_bytes_row_major),d1fc03a6309227f73d30d188e0eb8ba585d2f9f997943d0a839403bb28b49173,working-tree:912.png,exact_decoded_match,,,,
913,data/raw_images/abnormal/913.png,d24e57954fd8f2987c7a615a050db2461f53a280892d11101c558b8650577429,https://whoops-benchmark.s3.amazonaws.com/whoops_images/d24e57954fd8f2987c7a615a050db2461f53a280892d11101c558b8650577429.png,1024,1024,d24e57954fd8f2987c7a615a050db2461f53a280892d11101c558b8650577429,97e7b6bd3bf50d4c59614c17be3fe1574c98f54a7d535f7ffc37aef2379a0399,CC BY 4.0 plus WHOOPS! Dataset License Agreement additional conditions,nlphuji/whoops,cca58d854ee35b6bfbedc14a9155483e89500ae9,5.0.1,12.3.0,sha256(big_endian_uint32(width) || big_endian_uint32(height) || RGB_pixel_bytes_row_major),d24e57954fd8f2987c7a615a050db2461f53a280892d11101c558b8650577429,working-tree:913.png,exact_decoded_match,,,,
914,data/raw_images/abnormal/914.png,d26235e6b6c21983611d660bbb7b27588f40fe246bfd7f2e75f362a4d2479169,https://whoops-benchmark.s3.amazonaws.com/whoops_images/d26235e6b6c21983611d660bbb7b27588f40fe246bfd7f2e75f362a4d2479169.png,1536,1024,d26235e6b6c21983611d660bbb7b27588f40fe246bfd7f2e75f362a4d2479169,ebb260c45ed8a4d8c1b4a06c16fc3da98a1747b22023048a3d53b6ac236e3c91,CC BY 4.0 plus WHOOPS! Dataset License Agreement additional conditions,nlphuji/whoops,cca58d854ee35b6bfbedc14a9155483e89500ae9,5.0.1,12.3.0,sha256(big_endian_uint32(width) || big_endian_uint32(height) || RGB_pixel_bytes_row_major),d26235e6b6c21983611d660bbb7b27588f40fe246bfd7f2e75f362a4d2479169,working-tree:914.png,exact_decoded_match,,,,
915,data/raw_images/abnormal/915.png,d28c682ecdfc63f1ed4011bf673b4f91f1499ba0e85ac76d82cfd27ac662a37f,https://whoops-benchmark.s3.amazonaws.com/whoops_images/d28c682ecdfc63f1ed4011bf673b4f91f1499ba0e85ac76d82cfd27ac662a37f.png,1024,1024,d28c682ecdfc63f1ed4011bf673b4f91f1499ba0e85ac76d82cfd27ac662a37f,b94c1a9b342698a3b868aa02fc47c886d01f444286f2a451cabc573a680727ee,CC BY 4.0 plus WHOOPS! Dataset License Agreement additional conditions,nlphuji/whoops,cca58d854ee35b6bfbedc14a9155483e89500ae9,5.0.1,12.3.0,sha256(big_endian_uint32(width) || big_endian_uint32(height) || RGB_pixel_bytes_row_major),d28c682ecdfc63f1ed4011bf673b4f91f1499ba0e85ac76d82cfd27ac662a37f,working-tree:915.png,exact_decoded_match,,,,
916,data/raw_images/abnormal/916.png,d2b4617bfdd96b9e7d5913599d3d17892f16f2ff7845d5daf1ab4b662d46b2a5,https://whoops-benchmark.s3.amazonaws.com/whoops_images/d2b4617bfdd96b9e7d5913599d3d17892f16f2ff7845d5daf1ab4b662d46b2a5.png,1024,1024,d2b4617bfdd96b9e7d5913599d3d17892f16f2ff7845d5daf1ab4b662d46b2a5,cf8ea698cb98268bbdb199f97bf74d67ab76ef07a50958192cdb490d5a332f1e,CC BY 4.0 plus WHOOPS! Dataset License Agreement additional conditions,nlphuji/whoops,cca58d854ee35b6bfbedc14a9155483e89500ae9,5.0.1,12.3.0,sha256(big_endian_uint32(width) || big_endian_uint32(height) || RGB_pixel_bytes_row_major),d2b4617bfdd96b9e7d5913599d3d17892f16f2ff7845d5daf1ab4b662d46b2a5,working-tree:916.png,exact_decoded_match,,,,
917,data/raw_images/abnormal/917.png,d2f4380333eeb95c375b515710eb16818dc7e2743b43dfe1a3101f78c8517973,https://whoops-benchmark.s3.amazonaws.com/whoops_images/d2f4380333eeb95c375b515710eb16818dc7e2743b43dfe1a3101f78c8517973.png,1024,1024,d2f4380333eeb95c375b515710eb16818dc7e2743b43dfe1a3101f78c8517973,8472b55df9645d845c3736fcc689ea82b0431b021d9039c81336a68d05ea7311,CC BY 4.0 plus WHOOPS! Dataset License Agreement additional conditions,nlphuji/whoops,cca58d854ee35b6bfbedc14a9155483e89500ae9,5.0.1,12.3.0,sha256(big_endian_uint32(width) || big_endian_uint32(height) || RGB_pixel_bytes_row_major),d2f4380333eeb95c375b515710eb16818dc7e2743b43dfe1a3101f78c8517973,working-tree:917.png,exact_decoded_match,,,,
918,data/raw_images/abnormal/918.png,d31ea4b1d0e4a0b8a7987d550af252aff983a414db9ad0b7d6a6f6eb81183a2e,https://whoops-benchmark.s3.amazonaws.com/whoops_images/d31ea4b1d0e4a0b8a7987d550af252aff983a414db9ad0b7d6a6f6eb81183a2e.png,774,774,d31ea4b1d0e4a0b8a7987d550af252aff983a414db9ad0b7d6a6f6eb81183a2e,a7ba6c33ed677bfe6a872484d04aaecdb2d73b42dd01eddc0e06c78024ffa071,CC BY 4.0 plus WHOOPS! Dataset License Agreement additional conditions,nlphuji/whoops,cca58d854ee35b6bfbedc14a9155483e89500ae9,5.0.1,12.3.0,sha256(big_endian_uint32(width) || big_endian_uint32(height) || RGB_pixel_bytes_row_major),d31ea4b1d0e4a0b8a7987d550af252aff983a414db9ad0b7d6a6f6eb81183a2e,working-tree:918.png,exact_decoded_match,,,,
919,data/raw_images/abnormal/919.png,d465af67d6b6d0308267994c6b4d36ad38e12660b82fda1a2406a6519f30422d,https://whoops-benchmark.s3.amazonaws.com/whoops_images/d465af67d6b6d0308267994c6b4d36ad38e12660b82fda1a2406a6519f30422d.png,1024,1024,d465af67d6b6d0308267994c6b4d36ad38e12660b82fda1a2406a6519f30422d,eae3d9b831648202945a35ed037a1751c70ce9db420266d5e40081e4b520aada,CC BY 4.0 plus WHOOPS! Dataset License Agreement additional conditions,nlphuji/whoops,cca58d854ee35b6bfbedc14a9155483e89500ae9,5.0.1,12.3.0,sha256(big_endian_uint32(width) || big_endian_uint32(height) || RGB_pixel_bytes_row_major),d465af67d6b6d0308267994c6b4d36ad38e12660b82fda1a2406a6519f30422d,working-tree:919.png,exact_decoded_match,,,,
920,data/raw_images/abnormal/920.png,d541ed51863933e631f60fdadd6cd1eb563c19f823ae8cf83ea8714d4dd70c21,https://whoops-benchmark.s3.amazonaws.com/whoops_images/d541ed51863933e631f60fdadd6cd1eb563c19f823ae8cf83ea8714d4dd70c21.png,1536,1536,d541ed51863933e631f60fdadd6cd1eb563c19f823ae8cf83ea8714d4dd70c21,1040ae68ef73b34a1afaa0b9ae0e586e8d42da8f77ea7df4fa1699c9feb53b47,CC BY 4.0 plus WHOOPS! Dataset License Agreement additional conditions,nlphuji/whoops,cca58d854ee35b6bfbedc14a9155483e89500ae9,5.0.1,12.3.0,sha256(big_endian_uint32(width) || big_endian_uint32(height) || RGB_pixel_bytes_row_major),02c13b604707637f0f2a24727dfb25d2b8d955f0cd67e8853518e4faae8d771d,working-tree:920.png,deterministic_transform_verified,resize_max_side_1536_lanczos_floor_dimensions,official_decoded_rgb_sha256=1ddcb7b2723809193d8360b433da020da6790765fdc8040fbbfa3346ee8aa4fb; transformed_decoded_rgb_sha256=1040ae68ef73b34a1afaa0b9ae0e586e8d42da8f77ea7df4fa1699c9feb53b47; archive_revision=0616dca,d541ed51863933e631f60fdadd6cd1eb563c19f823ae8cf83ea8714d4dd70c21,1ddcb7b2723809193d8360b433da020da6790765fdc8040fbbfa3346ee8aa4fb
921,data/raw_images/abnormal/921.png,d6308aa59505d031be0ad108570a980e810cba609403c9ded638024f4a2ab8fd,https://whoops-benchmark.s3.amazonaws.com/whoops_images/d6308aa59505d031be0ad108570a980e810cba609403c9ded638024f4a2ab8fd.png,1536,1536,d6308aa59505d031be0ad108570a980e810cba609403c9ded638024f4a2ab8fd,24038c0b0a874c6bec4050e06d935e79bfa9b18343478f8f22d54afe4a2da892,CC BY 4.0 plus WHOOPS! Dataset License Agreement additional conditions,nlphuji/whoops,cca58d854ee35b6bfbedc14a9155483e89500ae9,5.0.1,12.3.0,sha256(big_endian_uint32(width) || big_endian_uint32(height) || RGB_pixel_bytes_row_major),17c1bb39fca98078140cda2779bf5bbeb7a9cbd91053bfb5caac5113898fdcc1,working-tree:921.png,deterministic_transform_verified,resize_max_side_1536_lanczos_floor_dimensions,official_decoded_rgb_sha256=829ef59510d063b553fcf8098b6f7f1fa1e1a75dd1e2c60b60126330985c3260; transformed_decoded_rgb_sha256=24038c0b0a874c6bec4050e06d935e79bfa9b18343478f8f22d54afe4a2da892; archive_revision=0616dca,d6308aa59505d031be0ad108570a980e810cba609403c9ded638024f4a2ab8fd,829ef59510d063b553fcf8098b6f7f1fa1e1a75dd1e2c60b60126330985c3260
922,data/raw_images/abnormal/922.png,d6781975c00845e7f9465b419c89c51590d3a9c23a2b9d579a438f758b2fe879,https://whoops-benchmark.s3.amazonaws.com/whoops_images/d6781975c00845e7f9465b419c89c51590d3a9c23a2b9d579a438f758b2fe879.png,1024,1024,d6781975c00845e7f9465b419c89c51590d3a9c23a2b9d579a438f758b2fe879,5db9c128545893f5eabe849725e954059c14a58398dd3f7a6dfb292127cf1db4,CC BY 4.0 plus WHOOPS! Dataset License Agreement additional conditions,nlphuji/whoops,cca58d854ee35b6bfbedc14a9155483e89500ae9,5.0.1,12.3.0,sha256(big_endian_uint32(width) || big_endian_uint32(height) || RGB_pixel_bytes_row_major),d6781975c00845e7f9465b419c89c51590d3a9c23a2b9d579a438f758b2fe879,working-tree:922.png,exact_decoded_match,,,,
923,data/raw_images/abnormal/923.png,d75e6f29cff73f38961c6e6ce0b5077c322a72ed95bed13acb6d9133b1f61cba,https://whoops-benchmark.s3.amazonaws.com/whoops_images/d75e6f29cff73f38961c6e6ce0b5077c322a72ed95bed13acb6d9133b1f61cba.png,1024,1024,d75e6f29cff73f38961c6e6ce0b5077c322a72ed95bed13acb6d9133b1f61cba,6d89a6e8436c038be78c9966ce7a0c3de52d61cdeb64473da3a9486d2d1e78bd,CC BY 4.0 plus WHOOPS! Dataset License Agreement additional conditions,nlphuji/whoops,cca58d854ee35b6bfbedc14a9155483e89500ae9,5.0.1,12.3.0,sha256(big_endian_uint32(width) || big_endian_uint32(height) || RGB_pixel_bytes_row_major),d75e6f29cff73f38961c6e6ce0b5077c322a72ed95bed13acb6d9133b1f61cba,working-tree:923.png,exact_decoded_match,,,,
924,data/raw_images/abnormal/924.png,d7a6df81e09498a272ffc881f219a5343c14b845f2326d1e12daed6c8a9b8fe3,https://whoops-benchmark.s3.amazonaws.com/whoops_images/d7a6df81e09498a272ffc881f219a5343c14b845f2326d1e12daed6c8a9b8fe3.png,2048,2048,d7a6df81e09498a272ffc881f219a5343c14b845f2326d1e12daed6c8a9b8fe3,91f45616972989e6e6d7351ddb162081b2c8fd1f731220ec5663bf7c23677d21,CC BY 4.0 plus WHOOPS! Dataset License Agreement additional conditions,nlphuji/whoops,cca58d854ee35b6bfbedc14a9155483e89500ae9,5.0.1,12.3.0,sha256(big_endian_uint32(width) || big_endian_uint32(height) || RGB_pixel_bytes_row_major),d7a6df81e09498a272ffc881f219a5343c14b845f2326d1e12daed6c8a9b8fe3,working-tree:924.png,exact_decoded_match,,,,
925,data/raw_images/abnormal/925.png,d7b30a0306f68cc6ae284c61206aa33bc4e2d593e8d8b6c68a045487545d7277,https://whoops-benchmark.s3.amazonaws.com/whoops_images/d7b30a0306f68cc6ae284c61206aa33bc4e2d593e8d8b6c68a045487545d7277.png,1024,1024,d7b30a0306f68cc6ae284c61206aa33bc4e2d593e8d8b6c68a045487545d7277,660935f46592955d020e0d1fb5d5b354296ae33ceeaff3ddcc69c38da175fde3,CC BY 4.0 plus WHOOPS! Dataset License Agreement additional conditions,nlphuji/whoops,cca58d854ee35b6bfbedc14a9155483e89500ae9,5.0.1,12.3.0,sha256(big_endian_uint32(width) || big_endian_uint32(height) || RGB_pixel_bytes_row_major),d7b30a0306f68cc6ae284c61206aa33bc4e2d593e8d8b6c68a045487545d7277,working-tree:925.png,exact_decoded_match,,,,
926,data/raw_images/abnormal/926.png,d7fdddc5ed9e42c2088815843c7c9b1d5f79754fed89f2a8941f839f12b8df00,https://whoops-benchmark.s3.amazonaws.com/whoops_images/d7fdddc5ed9e42c2088815843c7c9b1d5f79754fed89f2a8941f839f12b8df00.png,1024,1024,d7fdddc5ed9e42c2088815843c7c9b1d5f79754fed89f2a8941f839f12b8df00,7b2bd9c36142ffd66cf5406e96241f6249364feb857c3541be12ed36f4d63fb7,CC BY 4.0 plus WHOOPS! Dataset License Agreement additional conditions,nlphuji/whoops,cca58d854ee35b6bfbedc14a9155483e89500ae9,5.0.1,12.3.0,sha256(big_endian_uint32(width) || big_endian_uint32(height) || RGB_pixel_bytes_row_major),d7fdddc5ed9e42c2088815843c7c9b1d5f79754fed89f2a8941f839f12b8df00,working-tree:926.png,exact_decoded_match,,,,
927,data/raw_images/abnormal/927.png,d8e409f2ef48060335992d9483af1b35f94ed1ae93aae776476b3ad3541182c3,https://whoops-benchmark.s3.amazonaws.com/whoops_images/d8e409f2ef48060335992d9483af1b35f94ed1ae93aae776476b3ad3541182c3.png,1024,1024,d8e409f2ef48060335992d9483af1b35f94ed1ae93aae776476b3ad3541182c3,378f937c2bff29e302a3177d4db5a62528e7fc577cd367dc91824d890aad1fb3,CC BY 4.0 plus WHOOPS! Dataset License Agreement additional conditions,nlphuji/whoops,cca58d854ee35b6bfbedc14a9155483e89500ae9,5.0.1,12.3.0,sha256(big_endian_uint32(width) || big_endian_uint32(height) || RGB_pixel_bytes_row_major),d8e409f2ef48060335992d9483af1b35f94ed1ae93aae776476b3ad3541182c3,working-tree:927.png,exact_decoded_match,,,,
928,data/raw_images/abnormal/928.png,d907dbfb4c3a8e698622fa7634d70ae0628d7590387ec9f5fee074e0ae946f5e,https://whoops-benchmark.s3.amazonaws.com/whoops_images/d907dbfb4c3a8e698622fa7634d70ae0628d7590387ec9f5fee074e0ae946f5e.png,1024,1024,d907dbfb4c3a8e698622fa7634d70ae0628d7590387ec9f5fee074e0ae946f5e,fd1a41ac82e1f7a9403aa555f27414a40f40d0fab88524c28a97ee3fb640a3df,CC BY 4.0 plus WHOOPS! Dataset License Agreement additional conditions,nlphuji/whoops,cca58d854ee35b6bfbedc14a9155483e89500ae9,5.0.1,12.3.0,sha256(big_endian_uint32(width) || big_endian_uint32(height) || RGB_pixel_bytes_row_major),d907dbfb4c3a8e698622fa7634d70ae0628d7590387ec9f5fee074e0ae946f5e,working-tree:928.png,exact_decoded_match,,,,
929,data/raw_images/abnormal/929.png,d9413934ee9e5244d1a346e6edd542910f5021b81b43f8799c40a4906882c41c,https://whoops-benchmark.s3.amazonaws.com/whoops_images/d9413934ee9e5244d1a346e6edd542910f5021b81b43f8799c40a4906882c41c.png,1536,1536,d9413934ee9e5244d1a346e6edd542910f5021b81b43f8799c40a4906882c41c,b50bdf15422b9fd9e3987b84bf4feff77ab6760653bfa9f4c6310b1d723aa6ac,CC BY 4.0 plus WHOOPS! Dataset License Agreement additional conditions,nlphuji/whoops,cca58d854ee35b6bfbedc14a9155483e89500ae9,5.0.1,12.3.0,sha256(big_endian_uint32(width) || big_endian_uint32(height) || RGB_pixel_bytes_row_major),92cfaa1686411bc0394ec0ee59cb54c0711c4a6cc3cb4ee2d4e5b70efecbbb86,working-tree:929.png,deterministic_transform_verified,resize_max_side_1536_lanczos_floor_dimensions,official_decoded_rgb_sha256=b197495c216a93ef1dec5bdce288a09a990df2549694aa8bc5af053fe9f882b3; transformed_decoded_rgb_sha256=b50bdf15422b9fd9e3987b84bf4feff77ab6760653bfa9f4c6310b1d723aa6ac; archive_revision=0616dca,d9413934ee9e5244d1a346e6edd542910f5021b81b43f8799c40a4906882c41c,b197495c216a93ef1dec5bdce288a09a990df2549694aa8bc5af053fe9f882b3
930,data/raw_images/abnormal/930.png,d983c41a1b557b949c041f14a5ab2196c45ad7c1939c6dc6236d4ae15f12e997,https://whoops-benchmark.s3.amazonaws.com/whoops_images/d983c41a1b557b949c041f14a5ab2196c45ad7c1939c6dc6236d4ae15f12e997.png,1024,1024,d983c41a1b557b949c041f14a5ab2196c45ad7c1939c6dc6236d4ae15f12e997,99ffd7698b087e13f76f618ebc3b8593d333e276914a1e8d787baf06be98a747,CC BY 4.0 plus WHOOPS! Dataset License Agreement additional conditions,nlphuji/whoops,cca58d854ee35b6bfbedc14a9155483e89500ae9,5.0.1,12.3.0,sha256(big_endian_uint32(width) || big_endian_uint32(height) || RGB_pixel_bytes_row_major),d983c41a1b557b949c041f14a5ab2196c45ad7c1939c6dc6236d4ae15f12e997,working-tree:930.png,exact_decoded_match,,,,
931,data/raw_images/abnormal/931.png,db2df60ab50b4fed7db588b5e1d1ea9717b5ef05d1b8cbd2e632d50c9f029a48,https://whoops-benchmark.s3.amazonaws.com/whoops_images/db2df60ab50b4fed7db588b5e1d1ea9717b5ef05d1b8cbd2e632d50c9f029a48.png,1024,1024,db2df60ab50b4fed7db588b5e1d1ea9717b5ef05d1b8cbd2e632d50c9f029a48,d544c8a49e2de6f8962964fcb325484da678f5c9b4b392bc72df320c4a6822e6,CC BY 4.0 plus WHOOPS! Dataset License Agreement additional conditions,nlphuji/whoops,cca58d854ee35b6bfbedc14a9155483e89500ae9,5.0.1,12.3.0,sha256(big_endian_uint32(width) || big_endian_uint32(height) || RGB_pixel_bytes_row_major),db2df60ab50b4fed7db588b5e1d1ea9717b5ef05d1b8cbd2e632d50c9f029a48,working-tree:931.png,exact_decoded_match,,,,
932,data/raw_images/abnormal/932.png,dc17f49150d6d09f6414ba45977a19c223eec47dfc73d202c83bb9acae18e74e,https://whoops-benchmark.s3.amazonaws.com/whoops_images/dc17f49150d6d09f6414ba45977a19c223eec47dfc73d202c83bb9acae18e74e.png,774,774,dc17f49150d6d09f6414ba45977a19c223eec47dfc73d202c83bb9acae18e74e,ad8ec1f826ebb516f12e190e078165e6f7f0709c40455d7f22c0ee546513c977,CC BY 4.0 plus WHOOPS! Dataset License Agreement additional conditions,nlphuji/whoops,cca58d854ee35b6bfbedc14a9155483e89500ae9,5.0.1,12.3.0,sha256(big_endian_uint32(width) || big_endian_uint32(height) || RGB_pixel_bytes_row_major),dc17f49150d6d09f6414ba45977a19c223eec47dfc73d202c83bb9acae18e74e,working-tree:932.png,exact_decoded_match,,,,
933,data/raw_images/abnormal/933.png,dcf57084c4ec642dc37169ba3dc9834441f260f7cd3ca060635b4c9e8800854e,https://whoops-benchmark.s3.amazonaws.com/whoops_images/dcf57084c4ec642dc37169ba3dc9834441f260f7cd3ca060635b4c9e8800854e.png,1536,1536,dcf57084c4ec642dc37169ba3dc9834441f260f7cd3ca060635b4c9e8800854e,589d27bb7067a3b18696d500586abdc8a31bbf5a9aa0891ebae8bf34add93847,CC BY 4.0 plus WHOOPS! Dataset License Agreement additional conditions,nlphuji/whoops,cca58d854ee35b6bfbedc14a9155483e89500ae9,5.0.1,12.3.0,sha256(big_endian_uint32(width) || big_endian_uint32(height) || RGB_pixel_bytes_row_major),ea34a8aec0c285615780ad07f01961a3bf992731b14d5b34d35decc80d8d0d02,working-tree:933.png,deterministic_transform_verified,resize_max_side_1536_lanczos_floor_dimensions,official_decoded_rgb_sha256=3be15032ae30d54fe8e90e4a57d766c56c65e8497bec3ccb0ff8702d6ceb348a; transformed_decoded_rgb_sha256=589d27bb7067a3b18696d500586abdc8a31bbf5a9aa0891ebae8bf34add93847; archive_revision=0616dca,dcf57084c4ec642dc37169ba3dc9834441f260f7cd3ca060635b4c9e8800854e,3be15032ae30d54fe8e90e4a57d766c56c65e8497bec3ccb0ff8702d6ceb348a
934,data/raw_images/abnormal/934.png,def0fe2c78e75a7affb21205f7ef74849e09d2dda1d1dcf1a52b7ee7381ce79d,https://whoops-benchmark.s3.amazonaws.com/whoops_images/def0fe2c78e75a7affb21205f7ef74849e09d2dda1d1dcf1a52b7ee7381ce79d.png,1024,1024,def0fe2c78e75a7affb21205f7ef74849e09d2dda1d1dcf1a52b7ee7381ce79d,95d1145abe58629c89008b59515cb2ae754c9a381bef85b7e5ec6977680d213f,CC BY 4.0 plus WHOOPS! Dataset License Agreement additional conditions,nlphuji/whoops,cca58d854ee35b6bfbedc14a9155483e89500ae9,5.0.1,12.3.0,sha256(big_endian_uint32(width) || big_endian_uint32(height) || RGB_pixel_bytes_row_major),def0fe2c78e75a7affb21205f7ef74849e09d2dda1d1dcf1a52b7ee7381ce79d,working-tree:934.png,exact_decoded_match,,,,
935,data/raw_images/abnormal/935.png,e17f12c9740a08c1382dd593632429180285966a57e18015da0d0c257a47e300,https://whoops-benchmark.s3.amazonaws.com/whoops_images/e17f12c9740a08c1382dd593632429180285966a57e18015da0d0c257a47e300.png,1024,1024,e17f12c9740a08c1382dd593632429180285966a57e18015da0d0c257a47e300,b802c9e38a5b72e76a3a3eeddb595db972c547515cc5c28247e6ffc0c52d0203,CC BY 4.0 plus WHOOPS! Dataset License Agreement additional conditions,nlphuji/whoops,cca58d854ee35b6bfbedc14a9155483e89500ae9,5.0.1,12.3.0,sha256(big_endian_uint32(width) || big_endian_uint32(height) || RGB_pixel_bytes_row_major),e17f12c9740a08c1382dd593632429180285966a57e18015da0d0c257a47e300,working-tree:935.png,exact_decoded_match,,,,
936,data/raw_images/abnormal/936.png,e18cbee447026e1fd773ce10744711e3683ee8ca585a8900966f25e20cc1502c,https://whoops-benchmark.s3.amazonaws.com/whoops_images/e18cbee447026e1fd773ce10744711e3683ee8ca585a8900966f25e20cc1502c.png,2048,2048,e18cbee447026e1fd773ce10744711e3683ee8ca585a8900966f25e20cc1502c,62b9ec1957d0919387b605c5040d22d454ab8e05f153ba243cfdb944d691bb67,CC BY 4.0 plus WHOOPS! Dataset License Agreement additional conditions,nlphuji/whoops,cca58d854ee35b6bfbedc14a9155483e89500ae9,5.0.1,12.3.0,sha256(big_endian_uint32(width) || big_endian_uint32(height) || RGB_pixel_bytes_row_major),e18cbee447026e1fd773ce10744711e3683ee8ca585a8900966f25e20cc1502c,working-tree:936.png,exact_decoded_match,,,,
937,data/raw_images/abnormal/937.png,e1ca034e2101cd55dad4b0424ad48f0195c987f098fe4b4a0471caa8a005d95f,https://whoops-benchmark.s3.amazonaws.com/whoops_images/e1ca034e2101cd55dad4b0424ad48f0195c987f098fe4b4a0471caa8a005d95f.png,1024,1024,e1ca034e2101cd55dad4b0424ad48f0195c987f098fe4b4a0471caa8a005d95f,323777a28840b2c6dbbfefa5e0782b75e175a4c3d963d76582938308b7f6f466,CC BY 4.0 plus WHOOPS! Dataset License Agreement additional conditions,nlphuji/whoops,cca58d854ee35b6bfbedc14a9155483e89500ae9,5.0.1,12.3.0,sha256(big_endian_uint32(width) || big_endian_uint32(height) || RGB_pixel_bytes_row_major),e1ca034e2101cd55dad4b0424ad48f0195c987f098fe4b4a0471caa8a005d95f,working-tree:937.png,exact_decoded_match,,,,
938,data/raw_images/abnormal/938.png,e2803b8dbf3f520e8828bdd418a0fabf6838b01458b8b16e84b25ad770739969,https://whoops-benchmark.s3.amazonaws.com/whoops_images/e2803b8dbf3f520e8828bdd418a0fabf6838b01458b8b16e84b25ad770739969.png,1024,1024,e2803b8dbf3f520e8828bdd418a0fabf6838b01458b8b16e84b25ad770739969,ac747dac1a9385f7c67808cef7a432c968190fce203aed620bbbe2414ab7cb42,CC BY 4.0 plus WHOOPS! Dataset License Agreement additional conditions,nlphuji/whoops,cca58d854ee35b6bfbedc14a9155483e89500ae9,5.0.1,12.3.0,sha256(big_endian_uint32(width) || big_endian_uint32(height) || RGB_pixel_bytes_row_major),e2803b8dbf3f520e8828bdd418a0fabf6838b01458b8b16e84b25ad770739969,working-tree:938.png,exact_decoded_match,,,,
939,data/raw_images/abnormal/939.png,e46cabf83d42af554fd0ad6aeee4ae19a8a6f62c98b5a2eb40499307660c6466,https://whoops-benchmark.s3.amazonaws.com/whoops_images/e46cabf83d42af554fd0ad6aeee4ae19a8a6f62c98b5a2eb40499307660c6466.png,1024,1024,e46cabf83d42af554fd0ad6aeee4ae19a8a6f62c98b5a2eb40499307660c6466,e538368b8a2de67aeb92f989660a627ac26ea4879d8effd3c6f3dc91db0acefe,CC BY 4.0 plus WHOOPS! Dataset License Agreement additional conditions,nlphuji/whoops,cca58d854ee35b6bfbedc14a9155483e89500ae9,5.0.1,12.3.0,sha256(big_endian_uint32(width) || big_endian_uint32(height) || RGB_pixel_bytes_row_major),e46cabf83d42af554fd0ad6aeee4ae19a8a6f62c98b5a2eb40499307660c6466,working-tree:939.png,exact_decoded_match,,,,
940,data/raw_images/abnormal/940.png,e5d26516f0ed8357439e911a7056b0f506e23c871363441422f38790d59b1d30,https://whoops-benchmark.s3.amazonaws.com/whoops_images/e5d26516f0ed8357439e911a7056b0f506e23c871363441422f38790d59b1d30.png,1024,1024,e5d26516f0ed8357439e911a7056b0f506e23c871363441422f38790d59b1d30,ec6c439ec33160e52e5f82ee44ffa9445e58fd54f60ca9399478cfb3edfbb92f,CC BY 4.0 plus WHOOPS! Dataset License Agreement additional conditions,nlphuji/whoops,cca58d854ee35b6bfbedc14a9155483e89500ae9,5.0.1,12.3.0,sha256(big_endian_uint32(width) || big_endian_uint32(height) || RGB_pixel_bytes_row_major),e5d26516f0ed8357439e911a7056b0f506e23c871363441422f38790d59b1d30,working-tree:940.png,exact_decoded_match,,,,
941,data/raw_images/abnormal/941.png,e671f6409ab6e09b54313957a8666a39f2e34c3c5c7e8a106a3035f1ee49c3da,https://whoops-benchmark.s3.amazonaws.com/whoops_images/e671f6409ab6e09b54313957a8666a39f2e34c3c5c7e8a106a3035f1ee49c3da.png,1024,1024,e671f6409ab6e09b54313957a8666a39f2e34c3c5c7e8a106a3035f1ee49c3da,ae92b3436386e2bcd2501bd7c0db5157cc610c355966b7bb8ae8d74bbdab4ebc,CC BY 4.0 plus WHOOPS! Dataset License Agreement additional conditions,nlphuji/whoops,cca58d854ee35b6bfbedc14a9155483e89500ae9,5.0.1,12.3.0,sha256(big_endian_uint32(width) || big_endian_uint32(height) || RGB_pixel_bytes_row_major),e671f6409ab6e09b54313957a8666a39f2e34c3c5c7e8a106a3035f1ee49c3da,working-tree:941.png,exact_decoded_match,,,,
942,data/raw_images/abnormal/942.png,e6a8cbdcbe81791217001610cb753855bb18a988ae9cfeeb9871b1ebfaf1ebc0,https://whoops-benchmark.s3.amazonaws.com/whoops_images/e6a8cbdcbe81791217001610cb753855bb18a988ae9cfeeb9871b1ebfaf1ebc0.png,1024,1024,e6a8cbdcbe81791217001610cb753855bb18a988ae9cfeeb9871b1ebfaf1ebc0,baeda70abaa81bce96fafa817e2c46c249201a435c4e76311f736e9c31deaf16,CC BY 4.0 plus WHOOPS! Dataset License Agreement additional conditions,nlphuji/whoops,cca58d854ee35b6bfbedc14a9155483e89500ae9,5.0.1,12.3.0,sha256(big_endian_uint32(width) || big_endian_uint32(height) || RGB_pixel_bytes_row_major),e6a8cbdcbe81791217001610cb753855bb18a988ae9cfeeb9871b1ebfaf1ebc0,working-tree:942.png,exact_decoded_match,,,,
943,data/raw_images/abnormal/943.png,e6ae96eab46b86192e12a529541d05b88c015ff57ce408d66a8efd6792ed0bd8,https://whoops-benchmark.s3.amazonaws.com/whoops_images/e6ae96eab46b86192e12a529541d05b88c015ff57ce408d66a8efd6792ed0bd8.png,1024,1024,e6ae96eab46b86192e12a529541d05b88c015ff57ce408d66a8efd6792ed0bd8,e75c341e315c2decc058b400a8b6c23dd9874c3d1cba558315108618c6ffa4cd,CC BY 4.0 plus WHOOPS! Dataset License Agreement additional conditions,nlphuji/whoops,cca58d854ee35b6bfbedc14a9155483e89500ae9,5.0.1,12.3.0,sha256(big_endian_uint32(width) || big_endian_uint32(height) || RGB_pixel_bytes_row_major),e6ae96eab46b86192e12a529541d05b88c015ff57ce408d66a8efd6792ed0bd8,working-tree:943.png,exact_decoded_match,,,,
944,data/raw_images/abnormal/944.png,e77b26ea05172d68c206eb2fdac05d6609fdfce07880c5f155b8d977338de096,https://whoops-benchmark.s3.amazonaws.com/whoops_images/e77b26ea05172d68c206eb2fdac05d6609fdfce07880c5f155b8d977338de096.png,1536,1536,e77b26ea05172d68c206eb2fdac05d6609fdfce07880c5f155b8d977338de096,d7cca5a422b2982ae6531f4298f6e785e66599026c526ff475505fe3f22d82c1,CC BY 4.0 plus WHOOPS! Dataset License Agreement additional conditions,nlphuji/whoops,cca58d854ee35b6bfbedc14a9155483e89500ae9,5.0.1,12.3.0,sha256(big_endian_uint32(width) || big_endian_uint32(height) || RGB_pixel_bytes_row_major),e05001fa303c1ff0daf8848ca53588614d1c78a8351b0b2ac83aa1d568df989b,working-tree:944.png,deterministic_transform_verified,resize_max_side_1536_lanczos_floor_dimensions,official_decoded_rgb_sha256=835681006b082c586589757f64edc509abae842409551870faa1fc9f32b77a8b; transformed_decoded_rgb_sha256=d7cca5a422b2982ae6531f4298f6e785e66599026c526ff475505fe3f22d82c1; archive_revision=0616dca,e77b26ea05172d68c206eb2fdac05d6609fdfce07880c5f155b8d977338de096,835681006b082c586589757f64edc509abae842409551870faa1fc9f32b77a8b
945,data/raw_images/abnormal/945.png,e7e81fd71ac95bbeac67a47f4f8d889d74d0b0e7cc69166986b2308b1aeb4442,https://whoops-benchmark.s3.amazonaws.com/whoops_images/e7e81fd71ac95bbeac67a47f4f8d889d74d0b0e7cc69166986b2308b1aeb4442.png,1024,1024,e7e81fd71ac95bbeac67a47f4f8d889d74d0b0e7cc69166986b2308b1aeb4442,71437bf3c3a203029135bcf966c7129842a69f707e5ab8c6a3e9381a406ff4ca,CC BY 4.0 plus WHOOPS! Dataset License Agreement additional conditions,nlphuji/whoops,cca58d854ee35b6bfbedc14a9155483e89500ae9,5.0.1,12.3.0,sha256(big_endian_uint32(width) || big_endian_uint32(height) || RGB_pixel_bytes_row_major),e7e81fd71ac95bbeac67a47f4f8d889d74d0b0e7cc69166986b2308b1aeb4442,working-tree:945.png,exact_decoded_match,,,,
946,data/raw_images/abnormal/946.png,e88369edf03d4f06331ae6434259bdb47ec4c4250049cf6d5a848f49b8619a16,https://whoops-benchmark.s3.amazonaws.com/whoops_images/e88369edf03d4f06331ae6434259bdb47ec4c4250049cf6d5a848f49b8619a16.png,1024,1024,e88369edf03d4f06331ae6434259bdb47ec4c4250049cf6d5a848f49b8619a16,8f9320c47454bca22d9008d0ac7de17a995199bce77fab4d1917fcdb701a01ab,CC BY 4.0 plus WHOOPS! Dataset License Agreement additional conditions,nlphuji/whoops,cca58d854ee35b6bfbedc14a9155483e89500ae9,5.0.1,12.3.0,sha256(big_endian_uint32(width) || big_endian_uint32(height) || RGB_pixel_bytes_row_major),e88369edf03d4f06331ae6434259bdb47ec4c4250049cf6d5a848f49b8619a16,working-tree:946.png,exact_decoded_match,,,,
947,data/raw_images/abnormal/947.png,e888d9a2489347e5d6e116fe7883862f914693b62732c3b6e9db38d3a95b75e8,https://whoops-benchmark.s3.amazonaws.com/whoops_images/e888d9a2489347e5d6e116fe7883862f914693b62732c3b6e9db38d3a95b75e8.png,1024,1024,e888d9a2489347e5d6e116fe7883862f914693b62732c3b6e9db38d3a95b75e8,0a82e6cf59bc8515f677a1a43bcc901d697526495be9d84660409aa6c6928fd8,CC BY 4.0 plus WHOOPS! Dataset License Agreement additional conditions,nlphuji/whoops,cca58d854ee35b6bfbedc14a9155483e89500ae9,5.0.1,12.3.0,sha256(big_endian_uint32(width) || big_endian_uint32(height) || RGB_pixel_bytes_row_major),e888d9a2489347e5d6e116fe7883862f914693b62732c3b6e9db38d3a95b75e8,working-tree:947.png,exact_decoded_match,,,,
948,data/raw_images/abnormal/948.png,e89d4c6e2759f6b33f9f0d4068e1a42a111e0d385ed6bf6df6624ee893bdf6fd,https://whoops-benchmark.s3.amazonaws.com/whoops_images/e89d4c6e2759f6b33f9f0d4068e1a42a111e0d385ed6bf6df6624ee893bdf6fd.png,1242,1242,e89d4c6e2759f6b33f9f0d4068e1a42a111e0d385ed6bf6df6624ee893bdf6fd,8229f32d30fe9cd9b4d3d090e4af8991eb82e701dca9d6da0e4dc2d3b2abe87c,CC BY 4.0 plus WHOOPS! Dataset License Agreement additional conditions,nlphuji/whoops,cca58d854ee35b6bfbedc14a9155483e89500ae9,5.0.1,12.3.0,sha256(big_endian_uint32(width) || big_endian_uint32(height) || RGB_pixel_bytes_row_major),e89d4c6e2759f6b33f9f0d4068e1a42a111e0d385ed6bf6df6624ee893bdf6fd,working-tree:948.png,exact_decoded_match,,,,
949,data/raw_images/abnormal/949.png,e8bcda923da9ad375d2456eba15ab5cf21ade419b521f6a1f8a4e159254c0847,https://whoops-benchmark.s3.amazonaws.com/whoops_images/e8bcda923da9ad375d2456eba15ab5cf21ade419b521f6a1f8a4e159254c0847.png,1024,1024,e8bcda923da9ad375d2456eba15ab5cf21ade419b521f6a1f8a4e159254c0847,068d10a91010c4c1337a6f153815421f7143dae437ce0e743acb2ab64cad9e89,CC BY 4.0 plus WHOOPS! Dataset License Agreement additional conditions,nlphuji/whoops,cca58d854ee35b6bfbedc14a9155483e89500ae9,5.0.1,12.3.0,sha256(big_endian_uint32(width) || big_endian_uint32(height) || RGB_pixel_bytes_row_major),e8bcda923da9ad375d2456eba15ab5cf21ade419b521f6a1f8a4e159254c0847,working-tree:949.png,exact_decoded_match,,,,
950,data/raw_images/abnormal/950.png,e91412ca52f4d37ff05b11f81a14e8cf49d2d6686adce054149d8981463ef8e9,https://whoops-benchmark.s3.amazonaws.com/whoops_images/e91412ca52f4d37ff05b11f81a14e8cf49d2d6686adce054149d8981463ef8e9.png,1024,1024,e91412ca52f4d37ff05b11f81a14e8cf49d2d6686adce054149d8981463ef8e9,ec154aa1b37d2dc87d952c50dd8ed100e3a8d0b78c455551727c1e365cbc4fb2,CC BY 4.0 plus WHOOPS! Dataset License Agreement additional conditions,nlphuji/whoops,cca58d854ee35b6bfbedc14a9155483e89500ae9,5.0.1,12.3.0,sha256(big_endian_uint32(width) || big_endian_uint32(height) || RGB_pixel_bytes_row_major),e91412ca52f4d37ff05b11f81a14e8cf49d2d6686adce054149d8981463ef8e9,working-tree:950.png,exact_decoded_match,,,,
951,data/raw_images/abnormal/951.png,e957ccc767c171fcc37c0f21d484409ed501f254a17b24327d25e87ae953f04a,https://whoops-benchmark.s3.amazonaws.com/whoops_images/e957ccc767c171fcc37c0f21d484409ed501f254a17b24327d25e87ae953f04a.png,1024,1024,e957ccc767c171fcc37c0f21d484409ed501f254a17b24327d25e87ae953f04a,6e477b0684c9cb1a98e842fb3165c697c9565235e39533fb63f6412f9f71ceab,CC BY 4.0 plus WHOOPS! Dataset License Agreement additional conditions,nlphuji/whoops,cca58d854ee35b6bfbedc14a9155483e89500ae9,5.0.1,12.3.0,sha256(big_endian_uint32(width) || big_endian_uint32(height) || RGB_pixel_bytes_row_major),e957ccc767c171fcc37c0f21d484409ed501f254a17b24327d25e87ae953f04a,working-tree:951.png,exact_decoded_match,,,,
952,data/raw_images/abnormal/952.png,ea38dd61f0ca8130366e5793b4dfa8601b80e748435d5e3b12ea9bbae49d2384,https://whoops-benchmark.s3.amazonaws.com/whoops_images/ea38dd61f0ca8130366e5793b4dfa8601b80e748435d5e3b12ea9bbae49d2384.png,1024,1024,ea38dd61f0ca8130366e5793b4dfa8601b80e748435d5e3b12ea9bbae49d2384,92fc715b300ded171151e854427eb52a5eb8da768680f92c7570abcfe73575c6,CC BY 4.0 plus WHOOPS! Dataset License Agreement additional conditions,nlphuji/whoops,cca58d854ee35b6bfbedc14a9155483e89500ae9,5.0.1,12.3.0,sha256(big_endian_uint32(width) || big_endian_uint32(height) || RGB_pixel_bytes_row_major),ea38dd61f0ca8130366e5793b4dfa8601b80e748435d5e3b12ea9bbae49d2384,working-tree:952.png,exact_decoded_match,,,,
953,data/raw_images/abnormal/953.png,eb4d0c1cc13abd335bb54699a0fea070084f21644b8210da25c614e1f9c6231d,https://whoops-benchmark.s3.amazonaws.com/whoops_images/eb4d0c1cc13abd335bb54699a0fea070084f21644b8210da25c614e1f9c6231d.png,1024,1024,eb4d0c1cc13abd335bb54699a0fea070084f21644b8210da25c614e1f9c6231d,974e12944beb4e62c4fd1ff5bd7648c4e34ca62eddbbbb750640919702cdf82d,CC BY 4.0 plus WHOOPS! Dataset License Agreement additional conditions,nlphuji/whoops,cca58d854ee35b6bfbedc14a9155483e89500ae9,5.0.1,12.3.0,sha256(big_endian_uint32(width) || big_endian_uint32(height) || RGB_pixel_bytes_row_major),eb4d0c1cc13abd335bb54699a0fea070084f21644b8210da25c614e1f9c6231d,working-tree:953.png,exact_decoded_match,,,,
954,data/raw_images/abnormal/954.png,eb8a111842a4bcd07808dfe3fe78c566c5cf3116e55be0bd0da56a2e77bfd9b9,https://whoops-benchmark.s3.amazonaws.com/whoops_images/eb8a111842a4bcd07808dfe3fe78c566c5cf3116e55be0bd0da56a2e77bfd9b9.png,1024,1024,eb8a111842a4bcd07808dfe3fe78c566c5cf3116e55be0bd0da56a2e77bfd9b9,609d61b7b276a0a84558dbc4b0a59b895ea81661eb3d72db4f9033ade70cc7b7,CC BY 4.0 plus WHOOPS! Dataset License Agreement additional conditions,nlphuji/whoops,cca58d854ee35b6bfbedc14a9155483e89500ae9,5.0.1,12.3.0,sha256(big_endian_uint32(width) || big_endian_uint32(height) || RGB_pixel_bytes_row_major),eb8a111842a4bcd07808dfe3fe78c566c5cf3116e55be0bd0da56a2e77bfd9b9,working-tree:954.png,exact_decoded_match,,,,
955,data/raw_images/abnormal/955.png,ec651e98429fd77c7b0c379f7e7ad5220911ee35e74fb851632ec447447ca81b,https://whoops-benchmark.s3.amazonaws.com/whoops_images/ec651e98429fd77c7b0c379f7e7ad5220911ee35e74fb851632ec447447ca81b.png,1536,1536,ec651e98429fd77c7b0c379f7e7ad5220911ee35e74fb851632ec447447ca81b,5af3ceebd0a75f1b54768f4bc5fcfc77744e3c75cc12dc7a939d097fa7c74a9f,CC BY 4.0 plus WHOOPS! Dataset License Agreement additional conditions,nlphuji/whoops,cca58d854ee35b6bfbedc14a9155483e89500ae9,5.0.1,12.3.0,sha256(big_endian_uint32(width) || big_endian_uint32(height) || RGB_pixel_bytes_row_major),8be5c1fc502dbafbfeb643fc282779e710f27ccddeca9db95f816d786d35de94,working-tree:955.png,deterministic_transform_verified,resize_max_side_1536_lanczos_floor_dimensions,official_decoded_rgb_sha256=e296147e3f35e0e1405eb9968172771619878df0f574959a1235ec2c2ff69be5; transformed_decoded_rgb_sha256=5af3ceebd0a75f1b54768f4bc5fcfc77744e3c75cc12dc7a939d097fa7c74a9f; archive_revision=0616dca,ec651e98429fd77c7b0c379f7e7ad5220911ee35e74fb851632ec447447ca81b,e296147e3f35e0e1405eb9968172771619878df0f574959a1235ec2c2ff69be5
956,data/raw_images/abnormal/956.png,eca25d88e188d36b8e2e8a037081633a3ae92a43386df8c65a0b65ec2c7f6914,https://whoops-benchmark.s3.amazonaws.com/whoops_images/eca25d88e188d36b8e2e8a037081633a3ae92a43386df8c65a0b65ec2c7f6914.png,1024,1024,eca25d88e188d36b8e2e8a037081633a3ae92a43386df8c65a0b65ec2c7f6914,18c3a6e7c04d82223290a1859cb5428337c83d188ccf449c54f1d58b9ca43c56,CC BY 4.0 plus WHOOPS! Dataset License Agreement additional conditions,nlphuji/whoops,cca58d854ee35b6bfbedc14a9155483e89500ae9,5.0.1,12.3.0,sha256(big_endian_uint32(width) || big_endian_uint32(height) || RGB_pixel_bytes_row_major),eca25d88e188d36b8e2e8a037081633a3ae92a43386df8c65a0b65ec2c7f6914,working-tree:956.png,exact_decoded_match,,,,
957,data/raw_images/abnormal/957.png,ed36d8749b186918b84be70cb83acce8ee09a4fa3099db2e4d99bebe7b925746,https://whoops-benchmark.s3.amazonaws.com/whoops_images/ed36d8749b186918b84be70cb83acce8ee09a4fa3099db2e4d99bebe7b925746.png,1024,1024,ed36d8749b186918b84be70cb83acce8ee09a4fa3099db2e4d99bebe7b925746,c5bf2dc1c38ccb51f6dfa7af3629fa99e42da4b79be8729cee243739a0f22f97,CC BY 4.0 plus WHOOPS! Dataset License Agreement additional conditions,nlphuji/whoops,cca58d854ee35b6bfbedc14a9155483e89500ae9,5.0.1,12.3.0,sha256(big_endian_uint32(width) || big_endian_uint32(height) || RGB_pixel_bytes_row_major),ed36d8749b186918b84be70cb83acce8ee09a4fa3099db2e4d99bebe7b925746,working-tree:957.png,exact_decoded_match,,,,
958,data/raw_images/abnormal/958.png,ed3fbde9058997224517293e6820bbfe5fc770d979fee40d387e71a57a580976,https://whoops-benchmark.s3.amazonaws.com/whoops_images/ed3fbde9058997224517293e6820bbfe5fc770d979fee40d387e71a57a580976.png,1024,1024,ed3fbde9058997224517293e6820bbfe5fc770d979fee40d387e71a57a580976,b0bfd5a1137b0dcb8f42d4db69b4d15522ae6dff454e382e7a2e2e58e85e4181,CC BY 4.0 plus WHOOPS! Dataset License Agreement additional conditions,nlphuji/whoops,cca58d854ee35b6bfbedc14a9155483e89500ae9,5.0.1,12.3.0,sha256(big_endian_uint32(width) || big_endian_uint32(height) || RGB_pixel_bytes_row_major),ed3fbde9058997224517293e6820bbfe5fc770d979fee40d387e71a57a580976,working-tree:958.png,exact_decoded_match,,,,
959,data/raw_images/abnormal/959.png,ee2e4f83e946073f532b3f9f1ea04cf2d2aebcb507901623a3b6d297cf2aaff1,https://whoops-benchmark.s3.amazonaws.com/whoops_images/ee2e4f83e946073f532b3f9f1ea04cf2d2aebcb507901623a3b6d297cf2aaff1.png,1024,1024,ee2e4f83e946073f532b3f9f1ea04cf2d2aebcb507901623a3b6d297cf2aaff1,dfe2537353d92940ee3cb053f7a4f62de9fd5515a0c3fdbf57622f98c7769782,CC BY 4.0 plus WHOOPS! Dataset License Agreement additional conditions,nlphuji/whoops,cca58d854ee35b6bfbedc14a9155483e89500ae9,5.0.1,12.3.0,sha256(big_endian_uint32(width) || big_endian_uint32(height) || RGB_pixel_bytes_row_major),ee2e4f83e946073f532b3f9f1ea04cf2d2aebcb507901623a3b6d297cf2aaff1,working-tree:959.png,exact_decoded_match,,,,
960,data/raw_images/abnormal/960.png,ef446afa687ffcdf7b1349e855175057eed4964f46c3f6df4b156570ce33fa55,https://whoops-benchmark.s3.amazonaws.com/whoops_images/ef446afa687ffcdf7b1349e855175057eed4964f46c3f6df4b156570ce33fa55.png,1024,1024,ef446afa687ffcdf7b1349e855175057eed4964f46c3f6df4b156570ce33fa55,226c360eef67884b3386cd1f8e8067ab901973e84ebdfd9d7edb7e960183ab7b,CC BY 4.0 plus WHOOPS! Dataset License Agreement additional conditions,nlphuji/whoops,cca58d854ee35b6bfbedc14a9155483e89500ae9,5.0.1,12.3.0,sha256(big_endian_uint32(width) || big_endian_uint32(height) || RGB_pixel_bytes_row_major),ef446afa687ffcdf7b1349e855175057eed4964f46c3f6df4b156570ce33fa55,working-tree:960.png,exact_decoded_match,,,,
961,data/raw_images/abnormal/961.png,f08f8f6ca45fd7d4b531229f669d63876e75a4242264e04850b2ae05cf2581ed,https://whoops-benchmark.s3.amazonaws.com/whoops_images/f08f8f6ca45fd7d4b531229f669d63876e75a4242264e04850b2ae05cf2581ed.png,1024,1024,f08f8f6ca45fd7d4b531229f669d63876e75a4242264e04850b2ae05cf2581ed,6b815772361322ed93e82a26d70d83b041e66fbf5106c457ca5066c57215fe24,CC BY 4.0 plus WHOOPS! Dataset License Agreement additional conditions,nlphuji/whoops,cca58d854ee35b6bfbedc14a9155483e89500ae9,5.0.1,12.3.0,sha256(big_endian_uint32(width) || big_endian_uint32(height) || RGB_pixel_bytes_row_major),f08f8f6ca45fd7d4b531229f669d63876e75a4242264e04850b2ae05cf2581ed,working-tree:961.png,exact_decoded_match,,,,
962,data/raw_images/abnormal/962.png,f0fdd25ce935a2af4829c0cdc0d59c92aa0f293c39a0a993a4dbb9c6d8f9dc8c,https://whoops-benchmark.s3.amazonaws.com/whoops_images/f0fdd25ce935a2af4829c0cdc0d59c92aa0f293c39a0a993a4dbb9c6d8f9dc8c.png,774,774,f0fdd25ce935a2af4829c0cdc0d59c92aa0f293c39a0a993a4dbb9c6d8f9dc8c,6836a9c5af9900ef262e0cd2ad5a988a5200df07ac84f03bca6b58e40b0cd698,CC BY 4.0 plus WHOOPS! Dataset License Agreement additional conditions,nlphuji/whoops,cca58d854ee35b6bfbedc14a9155483e89500ae9,5.0.1,12.3.0,sha256(big_endian_uint32(width) || big_endian_uint32(height) || RGB_pixel_bytes_row_major),f0fdd25ce935a2af4829c0cdc0d59c92aa0f293c39a0a993a4dbb9c6d8f9dc8c,working-tree:962.png,exact_decoded_match,,,,
963,data/raw_images/abnormal/963.png,f1166d85877296060be53ac3ef834f867d52b7e2ba14facc0852cd196dc21485,https://whoops-benchmark.s3.amazonaws.com/whoops_images/f1166d85877296060be53ac3ef834f867d52b7e2ba14facc0852cd196dc21485.png,1024,1022,f1166d85877296060be53ac3ef834f867d52b7e2ba14facc0852cd196dc21485,79709c74ea80dffe546f475a630f7adb0baa4ed42e2b96f3985612046f687694,CC BY 4.0 plus WHOOPS! Dataset License Agreement additional conditions,nlphuji/whoops,cca58d854ee35b6bfbedc14a9155483e89500ae9,5.0.1,12.3.0,sha256(big_endian_uint32(width) || big_endian_uint32(height) || RGB_pixel_bytes_row_major),f1166d85877296060be53ac3ef834f867d52b7e2ba14facc0852cd196dc21485,working-tree:963.png,exact_decoded_match,,,,
964,data/raw_images/abnormal/964.png,f18abbd1a33cd06c419cb232eb294e0148d69067caf3e2705a95e6372d126e08,https://whoops-benchmark.s3.amazonaws.com/whoops_images/f18abbd1a33cd06c419cb232eb294e0148d69067caf3e2705a95e6372d126e08.png,1024,1024,f18abbd1a33cd06c419cb232eb294e0148d69067caf3e2705a95e6372d126e08,79d1b0da4ae8afd0d13da376e0496b136d956253b26a5d4843a5e63309fe15ce,CC BY 4.0 plus WHOOPS! Dataset License Agreement additional conditions,nlphuji/whoops,cca58d854ee35b6bfbedc14a9155483e89500ae9,5.0.1,12.3.0,sha256(big_endian_uint32(width) || big_endian_uint32(height) || RGB_pixel_bytes_row_major),f18abbd1a33cd06c419cb232eb294e0148d69067caf3e2705a95e6372d126e08,working-tree:964.png,exact_decoded_match,,,,
965,data/raw_images/abnormal/965.png,f1ab0fe7d6a48fe63bf7ccaf849a9fdb186dc8c53b7a1e1dfbc1d3a9ba9d194a,https://whoops-benchmark.s3.amazonaws.com/whoops_images/f1ab0fe7d6a48fe63bf7ccaf849a9fdb186dc8c53b7a1e1dfbc1d3a9ba9d194a.png,1024,1024,f1ab0fe7d6a48fe63bf7ccaf849a9fdb186dc8c53b7a1e1dfbc1d3a9ba9d194a,7fab0bc1f99cea1b15a6d010bfbc36a2478736bc2f3cd74f4211291f7bc1ecfb,CC BY 4.0 plus WHOOPS! Dataset License Agreement additional conditions,nlphuji/whoops,cca58d854ee35b6bfbedc14a9155483e89500ae9,5.0.1,12.3.0,sha256(big_endian_uint32(width) || big_endian_uint32(height) || RGB_pixel_bytes_row_major),f1ab0fe7d6a48fe63bf7ccaf849a9fdb186dc8c53b7a1e1dfbc1d3a9ba9d194a,working-tree:965.png,exact_decoded_match,,,,
966,data/raw_images/abnormal/966.png,f2553295db094057291255764d018b9383730893bb18eb9670e629efc2cc4e07,https://whoops-benchmark.s3.amazonaws.com/whoops_images/f2553295db094057291255764d018b9383730893bb18eb9670e629efc2cc4e07.png,1024,1024,f2553295db094057291255764d018b9383730893bb18eb9670e629efc2cc4e07,3b75be8f5d2c5cf7c9f0be42abfe5fe79f946fc5ee0f38d043dc5ef236e6f744,CC BY 4.0 plus WHOOPS! Dataset License Agreement additional conditions,nlphuji/whoops,cca58d854ee35b6bfbedc14a9155483e89500ae9,5.0.1,12.3.0,sha256(big_endian_uint32(width) || big_endian_uint32(height) || RGB_pixel_bytes_row_major),f2553295db094057291255764d018b9383730893bb18eb9670e629efc2cc4e07,working-tree:966.png,exact_decoded_match,,,,
967,data/raw_images/abnormal/967.png,f2c2e18da724b900be95ded979da6f214370c020b7ba2534694acde3c1b27f8b,https://whoops-benchmark.s3.amazonaws.com/whoops_images/f2c2e18da724b900be95ded979da6f214370c020b7ba2534694acde3c1b27f8b.png,533,533,f2c2e18da724b900be95ded979da6f214370c020b7ba2534694acde3c1b27f8b,4a13fcedb94bd9fec13a85edb28edfa6b96e954c6ca12af3a13fd2a9bdd58968,CC BY 4.0 plus WHOOPS! Dataset License Agreement additional conditions,nlphuji/whoops,cca58d854ee35b6bfbedc14a9155483e89500ae9,5.0.1,12.3.0,sha256(big_endian_uint32(width) || big_endian_uint32(height) || RGB_pixel_bytes_row_major),f2c2e18da724b900be95ded979da6f214370c020b7ba2534694acde3c1b27f8b,working-tree:967.png,exact_decoded_match,,,,
968,data/raw_images/abnormal/968.png,f2caace94865f6d9b42a5a7986ef74b7b4cceb324d92e2f76ea90f0e023128a8,https://whoops-benchmark.s3.amazonaws.com/whoops_images/f2caace94865f6d9b42a5a7986ef74b7b4cceb324d92e2f76ea90f0e023128a8.png,1024,1024,f2caace94865f6d9b42a5a7986ef74b7b4cceb324d92e2f76ea90f0e023128a8,01929437cf3e3616472d818a3c96f24a2c337d08fce1c466efdaf2a0c50c96db,CC BY 4.0 plus WHOOPS! Dataset License Agreement additional conditions,nlphuji/whoops,cca58d854ee35b6bfbedc14a9155483e89500ae9,5.0.1,12.3.0,sha256(big_endian_uint32(width) || big_endian_uint32(height) || RGB_pixel_bytes_row_major),f2caace94865f6d9b42a5a7986ef74b7b4cceb324d92e2f76ea90f0e023128a8,working-tree:968.png,exact_decoded_match,,,,
969,data/raw_images/abnormal/969.png,f2d83dd40b94df36078dac75c2736fb2a5e024c211f34a3c0f3299bd7e64fde8,https://whoops-benchmark.s3.amazonaws.com/whoops_images/f2d83dd40b94df36078dac75c2736fb2a5e024c211f34a3c0f3299bd7e64fde8.png,1024,1024,f2d83dd40b94df36078dac75c2736fb2a5e024c211f34a3c0f3299bd7e64fde8,d1ae982cad2c37936b2b9ac2069a3d56298d3e8f003b2f95d53b91b620ff1b0b,CC BY 4.0 plus WHOOPS! Dataset License Agreement additional conditions,nlphuji/whoops,cca58d854ee35b6bfbedc14a9155483e89500ae9,5.0.1,12.3.0,sha256(big_endian_uint32(width) || big_endian_uint32(height) || RGB_pixel_bytes_row_major),f2d83dd40b94df36078dac75c2736fb2a5e024c211f34a3c0f3299bd7e64fde8,working-tree:969.png,exact_decoded_match,,,,
970,data/raw_images/abnormal/970.png,f39f8a83f788f04876d874c3f17ee09b25c472d0cf5e98be102f52e15471b9e2,https://whoops-benchmark.s3.amazonaws.com/whoops_images/f39f8a83f788f04876d874c3f17ee09b25c472d0cf5e98be102f52e15471b9e2.png,1024,1024,f39f8a83f788f04876d874c3f17ee09b25c472d0cf5e98be102f52e15471b9e2,c8f7bed5994aba9eb62263455bb04a1a569d9e2d185e2c1a7a194643fcaf45dd,CC BY 4.0 plus WHOOPS! Dataset License Agreement additional conditions,nlphuji/whoops,cca58d854ee35b6bfbedc14a9155483e89500ae9,5.0.1,12.3.0,sha256(big_endian_uint32(width) || big_endian_uint32(height) || RGB_pixel_bytes_row_major),f39f8a83f788f04876d874c3f17ee09b25c472d0cf5e98be102f52e15471b9e2,working-tree:970.png,exact_decoded_match,,,,
971,data/raw_images/abnormal/971.png,f3bd8310bbaabff288a8e2eae26b7615be5b193325d16d58ddc0699293a86dc7,https://whoops-benchmark.s3.amazonaws.com/whoops_images/f3bd8310bbaabff288a8e2eae26b7615be5b193325d16d58ddc0699293a86dc7.png,1024,1024,f3bd8310bbaabff288a8e2eae26b7615be5b193325d16d58ddc0699293a86dc7,1b8facf6f32c0d1ea2f5ef8fe21ebd3060548a02d74bdb9a254f0f75376ebfc4,CC BY 4.0 plus WHOOPS! Dataset License Agreement additional conditions,nlphuji/whoops,cca58d854ee35b6bfbedc14a9155483e89500ae9,5.0.1,12.3.0,sha256(big_endian_uint32(width) || big_endian_uint32(height) || RGB_pixel_bytes_row_major),f3bd8310bbaabff288a8e2eae26b7615be5b193325d16d58ddc0699293a86dc7,working-tree:971.png,exact_decoded_match,,,,
972,data/raw_images/abnormal/972.png,f4ad454e4a606030dcdbf8d20cfe1c8253c0614bc57f1ddcd392e8bcd367479e,https://whoops-benchmark.s3.amazonaws.com/whoops_images/f4ad454e4a606030dcdbf8d20cfe1c8253c0614bc57f1ddcd392e8bcd367479e.png,1024,1024,f4ad454e4a606030dcdbf8d20cfe1c8253c0614bc57f1ddcd392e8bcd367479e,9eaaf1e74f0aba83807f705cbe78a9cf7fd67c7a3c2e969f0a2779ea8fcba094,CC BY 4.0 plus WHOOPS! Dataset License Agreement additional conditions,nlphuji/whoops,cca58d854ee35b6bfbedc14a9155483e89500ae9,5.0.1,12.3.0,sha256(big_endian_uint32(width) || big_endian_uint32(height) || RGB_pixel_bytes_row_major),f4ad454e4a606030dcdbf8d20cfe1c8253c0614bc57f1ddcd392e8bcd367479e,working-tree:972.png,exact_decoded_match,,,,
973,data/raw_images/abnormal/973.png,f4b70d752ee5bd97c39c673664d6d363b47719d72c8bf5753650f19be5351d91,https://whoops-benchmark.s3.amazonaws.com/whoops_images/f4b70d752ee5bd97c39c673664d6d363b47719d72c8bf5753650f19be5351d91.png,1024,1024,f4b70d752ee5bd97c39c673664d6d363b47719d72c8bf5753650f19be5351d91,0856223e82c649e368977bed42a18fd018f4cc6050bba814fb2ea046b69a7685,CC BY 4.0 plus WHOOPS! Dataset License Agreement additional conditions,nlphuji/whoops,cca58d854ee35b6bfbedc14a9155483e89500ae9,5.0.1,12.3.0,sha256(big_endian_uint32(width) || big_endian_uint32(height) || RGB_pixel_bytes_row_major),f4b70d752ee5bd97c39c673664d6d363b47719d72c8bf5753650f19be5351d91,working-tree:973.png,exact_decoded_match,,,,
974,data/raw_images/abnormal/974.png,f6063c7d4f9d3c657f7c5b5d73bab79a20b12ea56fed2328cd091fe3933f7f13,https://whoops-benchmark.s3.amazonaws.com/whoops_images/f6063c7d4f9d3c657f7c5b5d73bab79a20b12ea56fed2328cd091fe3933f7f13.png,1024,1024,f6063c7d4f9d3c657f7c5b5d73bab79a20b12ea56fed2328cd091fe3933f7f13,ffe0fa4d4db0c391002016d306712845c6dc2bbaab46f84f58fb1a53a2895afc,CC BY 4.0 plus WHOOPS! Dataset License Agreement additional conditions,nlphuji/whoops,cca58d854ee35b6bfbedc14a9155483e89500ae9,5.0.1,12.3.0,sha256(big_endian_uint32(width) || big_endian_uint32(height) || RGB_pixel_bytes_row_major),f6063c7d4f9d3c657f7c5b5d73bab79a20b12ea56fed2328cd091fe3933f7f13,working-tree:974.png,exact_decoded_match,,,,
975,data/raw_images/abnormal/975.png,f6a8c38c675172a035d80d29703b30cf8b4a30da48d277e5de10e978a5946101,https://whoops-benchmark.s3.amazonaws.com/whoops_images/f6a8c38c675172a035d80d29703b30cf8b4a30da48d277e5de10e978a5946101.png,1242,1242,f6a8c38c675172a035d80d29703b30cf8b4a30da48d277e5de10e978a5946101,575662df7cdf851e31f41e4af0b12d426eb2c67b5ae6e504272a2d88a71a487c,CC BY 4.0 plus WHOOPS! Dataset License Agreement additional conditions,nlphuji/whoops,cca58d854ee35b6bfbedc14a9155483e89500ae9,5.0.1,12.3.0,sha256(big_endian_uint32(width) || big_endian_uint32(height) || RGB_pixel_bytes_row_major),f6a8c38c675172a035d80d29703b30cf8b4a30da48d277e5de10e978a5946101,working-tree:975.png,exact_decoded_match,,,,
976,data/raw_images/abnormal/976.png,f6d18e38eb67877e26da1050e10cc2b1c15a8a1f5b44a929bafecf44f5aa7a72,https://whoops-benchmark.s3.amazonaws.com/whoops_images/f6d18e38eb67877e26da1050e10cc2b1c15a8a1f5b44a929bafecf44f5aa7a72.png,1024,1024,f6d18e38eb67877e26da1050e10cc2b1c15a8a1f5b44a929bafecf44f5aa7a72,6b4d49c940cda045e1b58c059d40ab0c19ea343dc6c9450ce30a94647e0a013a,CC BY 4.0 plus WHOOPS! Dataset License Agreement additional conditions,nlphuji/whoops,cca58d854ee35b6bfbedc14a9155483e89500ae9,5.0.1,12.3.0,sha256(big_endian_uint32(width) || big_endian_uint32(height) || RGB_pixel_bytes_row_major),f6d18e38eb67877e26da1050e10cc2b1c15a8a1f5b44a929bafecf44f5aa7a72,working-tree:976.png,exact_decoded_match,,,,
977,data/raw_images/abnormal/977.png,f6db6afb07f57df7349632044805c65dbb8d2c4514054be45a1244ccc0fbc518,https://whoops-benchmark.s3.amazonaws.com/whoops_images/f6db6afb07f57df7349632044805c65dbb8d2c4514054be45a1244ccc0fbc518.png,1024,1024,f6db6afb07f57df7349632044805c65dbb8d2c4514054be45a1244ccc0fbc518,4f0209be7953728b1d9456f59119fad75bb067d4fee977083a83343c533c9a11,CC BY 4.0 plus WHOOPS! Dataset License Agreement additional conditions,nlphuji/whoops,cca58d854ee35b6bfbedc14a9155483e89500ae9,5.0.1,12.3.0,sha256(big_endian_uint32(width) || big_endian_uint32(height) || RGB_pixel_bytes_row_major),f6db6afb07f57df7349632044805c65dbb8d2c4514054be45a1244ccc0fbc518,working-tree:977.png,exact_decoded_match,,,,
978,data/raw_images/abnormal/978.png,f7139dba8091564751ebd1902d1b6f71600a6c2bcf3bc7d8c125d8ec5bad27c0,https://whoops-benchmark.s3.amazonaws.com/whoops_images/f7139dba8091564751ebd1902d1b6f71600a6c2bcf3bc7d8c125d8ec5bad27c0.png,1024,1024,f7139dba8091564751ebd1902d1b6f71600a6c2bcf3bc7d8c125d8ec5bad27c0,63d5e9edb4bc33d5466f2079a4387c84b0c16d70f37fe302623fc0be13995e92,CC BY 4.0 plus WHOOPS! Dataset License Agreement additional conditions,nlphuji/whoops,cca58d854ee35b6bfbedc14a9155483e89500ae9,5.0.1,12.3.0,sha256(big_endian_uint32(width) || big_endian_uint32(height) || RGB_pixel_bytes_row_major),f7139dba8091564751ebd1902d1b6f71600a6c2bcf3bc7d8c125d8ec5bad27c0,working-tree:978.png,exact_decoded_match,,,,
979,data/raw_images/abnormal/979.png,f741d2e44a8dcf91b6f72265f5a7c7e8e13995eaaa61bfd721b184994fff5213,https://whoops-benchmark.s3.amazonaws.com/whoops_images/f741d2e44a8dcf91b6f72265f5a7c7e8e13995eaaa61bfd721b184994fff5213.png,1024,1024,f741d2e44a8dcf91b6f72265f5a7c7e8e13995eaaa61bfd721b184994fff5213,accf286ff722a3f99a60e2ce85c9f9b3cc64ab484b22ed92ad40d6a4d4c45c3d,CC BY 4.0 plus WHOOPS! Dataset License Agreement additional conditions,nlphuji/whoops,cca58d854ee35b6bfbedc14a9155483e89500ae9,5.0.1,12.3.0,sha256(big_endian_uint32(width) || big_endian_uint32(height) || RGB_pixel_bytes_row_major),f741d2e44a8dcf91b6f72265f5a7c7e8e13995eaaa61bfd721b184994fff5213,working-tree:979.png,exact_decoded_match,,,,
980,data/raw_images/abnormal/980.png,f80bd8b2cee0cb0163ecf0f8b832d559e9f667c2d9317d905d8615f9d0a57823,https://whoops-benchmark.s3.amazonaws.com/whoops_images/f80bd8b2cee0cb0163ecf0f8b832d559e9f667c2d9317d905d8615f9d0a57823.png,1024,1024,f80bd8b2cee0cb0163ecf0f8b832d559e9f667c2d9317d905d8615f9d0a57823,edc70f6cc77ea01d138ca3ca74e04805a6711cd6df4b19f630b571778c7e117c,CC BY 4.0 plus WHOOPS! Dataset License Agreement additional conditions,nlphuji/whoops,cca58d854ee35b6bfbedc14a9155483e89500ae9,5.0.1,12.3.0,sha256(big_endian_uint32(width) || big_endian_uint32(height) || RGB_pixel_bytes_row_major),f80bd8b2cee0cb0163ecf0f8b832d559e9f667c2d9317d905d8615f9d0a57823,working-tree:980.png,exact_decoded_match,,,,
981,data/raw_images/abnormal/981.png,f857e66966d6af4e41d68ad6aae6719b617ad3c1f0fd918eda634bce69ca3c0c,https://whoops-benchmark.s3.amazonaws.com/whoops_images/f857e66966d6af4e41d68ad6aae6719b617ad3c1f0fd918eda634bce69ca3c0c.png,1024,1024,f857e66966d6af4e41d68ad6aae6719b617ad3c1f0fd918eda634bce69ca3c0c,424c3a20ecb1fa84b580d879bb897ea9c6c951d1e787cbccfa43bc2308756498,CC BY 4.0 plus WHOOPS! Dataset License Agreement additional conditions,nlphuji/whoops,cca58d854ee35b6bfbedc14a9155483e89500ae9,5.0.1,12.3.0,sha256(big_endian_uint32(width) || big_endian_uint32(height) || RGB_pixel_bytes_row_major),f857e66966d6af4e41d68ad6aae6719b617ad3c1f0fd918eda634bce69ca3c0c,working-tree:981.png,exact_decoded_match,,,,
982,data/raw_images/abnormal/982.png,f8ee524ffcabdb241babc042489e913d4791f9a4b69b85d40cc69b08086f58ae,https://whoops-benchmark.s3.amazonaws.com/whoops_images/f8ee524ffcabdb241babc042489e913d4791f9a4b69b85d40cc69b08086f58ae.png,774,774,f8ee524ffcabdb241babc042489e913d4791f9a4b69b85d40cc69b08086f58ae,6d7ba4adf181b0dd279bf8e2a177026ecd820b143414df75a9f142b34a1b706f,CC BY 4.0 plus WHOOPS! Dataset License Agreement additional conditions,nlphuji/whoops,cca58d854ee35b6bfbedc14a9155483e89500ae9,5.0.1,12.3.0,sha256(big_endian_uint32(width) || big_endian_uint32(height) || RGB_pixel_bytes_row_major),f8ee524ffcabdb241babc042489e913d4791f9a4b69b85d40cc69b08086f58ae,working-tree:982.png,exact_decoded_match,,,,
983,data/raw_images/abnormal/983.png,f8f90da5701eb47f238130c0f4a181d5a9ba7528cf3bc24c5334238d13488797,https://whoops-benchmark.s3.amazonaws.com/whoops_images/f8f90da5701eb47f238130c0f4a181d5a9ba7528cf3bc24c5334238d13488797.png,1024,1024,f8f90da5701eb47f238130c0f4a181d5a9ba7528cf3bc24c5334238d13488797,cc67e3a0a00c652e5d53a3281cde8db78ffdeb4c443d3772c9ece0c652b4f797,CC BY 4.0 plus WHOOPS! Dataset License Agreement additional conditions,nlphuji/whoops,cca58d854ee35b6bfbedc14a9155483e89500ae9,5.0.1,12.3.0,sha256(big_endian_uint32(width) || big_endian_uint32(height) || RGB_pixel_bytes_row_major),f8f90da5701eb47f238130c0f4a181d5a9ba7528cf3bc24c5334238d13488797,working-tree:983.png,exact_decoded_match,,,,
984,data/raw_images/abnormal/984.png,f96a5dd4daf2d45358cd54f910766c2833b93d6c73939be0f9503349512a4fea,https://whoops-benchmark.s3.amazonaws.com/whoops_images/f96a5dd4daf2d45358cd54f910766c2833b93d6c73939be0f9503349512a4fea.png,1262,1262,f96a5dd4daf2d45358cd54f910766c2833b93d6c73939be0f9503349512a4fea,33132dc0b7b014d712cf1e6fbbb51497c2f041c78aa0ac9e3afe92c0889056b7,CC BY 4.0 plus WHOOPS! Dataset License Agreement additional conditions,nlphuji/whoops,cca58d854ee35b6bfbedc14a9155483e89500ae9,5.0.1,12.3.0,sha256(big_endian_uint32(width) || big_endian_uint32(height) || RGB_pixel_bytes_row_major),f96a5dd4daf2d45358cd54f910766c2833b93d6c73939be0f9503349512a4fea,working-tree:984.png,exact_decoded_match,,,,
985,data/raw_images/abnormal/985.png,f9a46b2ac0d8966d1c8a8a2c5fe71adad49f0dfc6caa949c76038d1a93977123,https://whoops-benchmark.s3.amazonaws.com/whoops_images/f9a46b2ac0d8966d1c8a8a2c5fe71adad49f0dfc6caa949c76038d1a93977123.png,1024,1024,f9a46b2ac0d8966d1c8a8a2c5fe71adad49f0dfc6caa949c76038d1a93977123,d74448d4d1b45daaab4ad072e8a79d1d4819dfda93479c87c18cd1e551a9bd28,CC BY 4.0 plus WHOOPS! Dataset License Agreement additional conditions,nlphuji/whoops,cca58d854ee35b6bfbedc14a9155483e89500ae9,5.0.1,12.3.0,sha256(big_endian_uint32(width) || big_endian_uint32(height) || RGB_pixel_bytes_row_major),f9a46b2ac0d8966d1c8a8a2c5fe71adad49f0dfc6caa949c76038d1a93977123,working-tree:985.png,exact_decoded_match,,,,
986,data/raw_images/abnormal/986.png,f9bebbf43a23d7cf12e14639e2f31bb21a76cc9450d7e9793670c312a193f121,https://whoops-benchmark.s3.amazonaws.com/whoops_images/f9bebbf43a23d7cf12e14639e2f31bb21a76cc9450d7e9793670c312a193f121.png,1024,1024,f9bebbf43a23d7cf12e14639e2f31bb21a76cc9450d7e9793670c312a193f121,f58bd82eb7ca6285688c679f01b061702742e8c9f13661eda53c438a9e1c3fca,CC BY 4.0 plus WHOOPS! Dataset License Agreement additional conditions,nlphuji/whoops,cca58d854ee35b6bfbedc14a9155483e89500ae9,5.0.1,12.3.0,sha256(big_endian_uint32(width) || big_endian_uint32(height) || RGB_pixel_bytes_row_major),f9bebbf43a23d7cf12e14639e2f31bb21a76cc9450d7e9793670c312a193f121,working-tree:986.png,exact_decoded_match,,,,
987,data/raw_images/abnormal/987.png,fa529d75e226e93fae6c463e7914c5de73408e9a8f02d39eca9b5dd28248300d,https://whoops-benchmark.s3.amazonaws.com/whoops_images/fa529d75e226e93fae6c463e7914c5de73408e9a8f02d39eca9b5dd28248300d.png,1024,1024,fa529d75e226e93fae6c463e7914c5de73408e9a8f02d39eca9b5dd28248300d,eb3fe107889744a56336c66af01f475ffbf79176e631fa49e19b9723f6a12122,CC BY 4.0 plus WHOOPS! Dataset License Agreement additional conditions,nlphuji/whoops,cca58d854ee35b6bfbedc14a9155483e89500ae9,5.0.1,12.3.0,sha256(big_endian_uint32(width) || big_endian_uint32(height) || RGB_pixel_bytes_row_major),fa529d75e226e93fae6c463e7914c5de73408e9a8f02d39eca9b5dd28248300d,working-tree:987.png,exact_decoded_match,,,,
988,data/raw_images/abnormal/988.png,fba53b7857ea9dba3a46009c7dd0e69e51dce24abe723b095c8d60ab6536b786,https://whoops-benchmark.s3.amazonaws.com/whoops_images/fba53b7857ea9dba3a46009c7dd0e69e51dce24abe723b095c8d60ab6536b786.png,1024,1024,fba53b7857ea9dba3a46009c7dd0e69e51dce24abe723b095c8d60ab6536b786,d105264dd4618f3be5de7a98bd4393e653c23cfeadcaf03d0ed831c049d05adf,CC BY 4.0 plus WHOOPS! Dataset License Agreement additional conditions,nlphuji/whoops,cca58d854ee35b6bfbedc14a9155483e89500ae9,5.0.1,12.3.0,sha256(big_endian_uint32(width) || big_endian_uint32(height) || RGB_pixel_bytes_row_major),fba53b7857ea9dba3a46009c7dd0e69e51dce24abe723b095c8d60ab6536b786,working-tree:988.png,exact_decoded_match,,,,
989,data/raw_images/abnormal/989.png,fbd0ad10218adade267fa829074e0eadfadf2d75d39d2561faa0032040df9120,https://whoops-benchmark.s3.amazonaws.com/whoops_images/fbd0ad10218adade267fa829074e0eadfadf2d75d39d2561faa0032040df9120.png,1024,1024,fbd0ad10218adade267fa829074e0eadfadf2d75d39d2561faa0032040df9120,6dcff48ecaea18fa815f2a2ca9244ac60f7149f92082deada5d7943efe6f9dd4,CC BY 4.0 plus WHOOPS! Dataset License Agreement additional conditions,nlphuji/whoops,cca58d854ee35b6bfbedc14a9155483e89500ae9,5.0.1,12.3.0,sha256(big_endian_uint32(width) || big_endian_uint32(height) || RGB_pixel_bytes_row_major),fbd0ad10218adade267fa829074e0eadfadf2d75d39d2561faa0032040df9120,working-tree:989.png,exact_decoded_match,,,,
990,data/raw_images/abnormal/990.png,fbe2d7c9f44da9a8fc0eb450ea2d0d83644685d50c86c8b1ec928d96cd83827b,https://whoops-benchmark.s3.amazonaws.com/whoops_images/fbe2d7c9f44da9a8fc0eb450ea2d0d83644685d50c86c8b1ec928d96cd83827b.png,1024,1024,fbe2d7c9f44da9a8fc0eb450ea2d0d83644685d50c86c8b1ec928d96cd83827b,b79b5bf871b80ac701c39da6bfcfc4eb8b37c42ffd803ed082c1c8d08c3ed8c5,CC BY 4.0 plus WHOOPS! Dataset License Agreement additional conditions,nlphuji/whoops,cca58d854ee35b6bfbedc14a9155483e89500ae9,5.0.1,12.3.0,sha256(big_endian_uint32(width) || big_endian_uint32(height) || RGB_pixel_bytes_row_major),fbe2d7c9f44da9a8fc0eb450ea2d0d83644685d50c86c8b1ec928d96cd83827b,working-tree:990.png,exact_decoded_match,,,,
991,data/raw_images/abnormal/991.png,fc59e71b8f34bafcae0fc084aba44eccc2b494963ccb7512df91af2b659ddbb1,https://whoops-benchmark.s3.amazonaws.com/whoops_images/fc59e71b8f34bafcae0fc084aba44eccc2b494963ccb7512df91af2b659ddbb1.png,1024,1024,fc59e71b8f34bafcae0fc084aba44eccc2b494963ccb7512df91af2b659ddbb1,5b594a046061811c37ed04bcf69426bb6beeae8b5e2681b581ee2b913cd36987,CC BY 4.0 plus WHOOPS! Dataset License Agreement additional conditions,nlphuji/whoops,cca58d854ee35b6bfbedc14a9155483e89500ae9,5.0.1,12.3.0,sha256(big_endian_uint32(width) || big_endian_uint32(height) || RGB_pixel_bytes_row_major),fc59e71b8f34bafcae0fc084aba44eccc2b494963ccb7512df91af2b659ddbb1,working-tree:991.png,exact_decoded_match,,,,
992,data/raw_images/abnormal/992.png,fc87d9b896b65c78ee482263eb53f750005ac9a555dac9af9ce054c7a816dc1d,https://whoops-benchmark.s3.amazonaws.com/whoops_images/fc87d9b896b65c78ee482263eb53f750005ac9a555dac9af9ce054c7a816dc1d.png,1228,1228,fc87d9b896b65c78ee482263eb53f750005ac9a555dac9af9ce054c7a816dc1d,26735c5fb8f87d29af141e5d1c5a39ee68afb80a5f690844f2f20dfcda5b5656,CC BY 4.0 plus WHOOPS! Dataset License Agreement additional conditions,nlphuji/whoops,cca58d854ee35b6bfbedc14a9155483e89500ae9,5.0.1,12.3.0,sha256(big_endian_uint32(width) || big_endian_uint32(height) || RGB_pixel_bytes_row_major),fc87d9b896b65c78ee482263eb53f750005ac9a555dac9af9ce054c7a816dc1d,working-tree:992.png,exact_decoded_match,,,,
993,data/raw_images/abnormal/993.png,fd68fdde609305125006790294efa49eb8913deac80009e9dcc6422b7873ab6d,https://whoops-benchmark.s3.amazonaws.com/whoops_images/fd68fdde609305125006790294efa49eb8913deac80009e9dcc6422b7873ab6d.png,1024,1024,fd68fdde609305125006790294efa49eb8913deac80009e9dcc6422b7873ab6d,abe10bf9f1f6e07d88512bec68f4f46ef7220a48e6b9bf74af83a95090deef1e,CC BY 4.0 plus WHOOPS! Dataset License Agreement additional conditions,nlphuji/whoops,cca58d854ee35b6bfbedc14a9155483e89500ae9,5.0.1,12.3.0,sha256(big_endian_uint32(width) || big_endian_uint32(height) || RGB_pixel_bytes_row_major),fd68fdde609305125006790294efa49eb8913deac80009e9dcc6422b7873ab6d,working-tree:993.png,exact_decoded_match,,,,
994,data/raw_images/abnormal/994.png,fe9d615502719245a6321e770f3e2df3721c5937e2372ea45b496f1135a3d76b,https://whoops-benchmark.s3.amazonaws.com/whoops_images/fe9d615502719245a6321e770f3e2df3721c5937e2372ea45b496f1135a3d76b.png,1024,1024,fe9d615502719245a6321e770f3e2df3721c5937e2372ea45b496f1135a3d76b,27fe856c5ae83a43d0591e05f93a09d03b4052936e2f1c3e2a60a8603d7da772,CC BY 4.0 plus WHOOPS! Dataset License Agreement additional conditions,nlphuji/whoops,cca58d854ee35b6bfbedc14a9155483e89500ae9,5.0.1,12.3.0,sha256(big_endian_uint32(width) || big_endian_uint32(height) || RGB_pixel_bytes_row_major),fe9d615502719245a6321e770f3e2df3721c5937e2372ea45b496f1135a3d76b,working-tree:994.png,exact_decoded_match,,,,
995,data/raw_images/abnormal/995.png,ff0dfee16981e1a641f13a1781cff67670ea39be40cb958f2b05c0d76557f2ad,https://whoops-benchmark.s3.amazonaws.com/whoops_images/ff0dfee16981e1a641f13a1781cff67670ea39be40cb958f2b05c0d76557f2ad.png,1024,1024,ff0dfee16981e1a641f13a1781cff67670ea39be40cb958f2b05c0d76557f2ad,30563201744c345aa196738d332a708703fb2161ca59000da063565961cf83e6,CC BY 4.0 plus WHOOPS! Dataset License Agreement additional conditions,nlphuji/whoops,cca58d854ee35b6bfbedc14a9155483e89500ae9,5.0.1,12.3.0,sha256(big_endian_uint32(width) || big_endian_uint32(height) || RGB_pixel_bytes_row_major),ff0dfee16981e1a641f13a1781cff67670ea39be40cb958f2b05c0d76557f2ad,working-tree:995.png,exact_decoded_match,,,,
996,data/raw_images/abnormal/996.png,ff0fd660fcaea253f4534d294bff7b3d3435d1341169e9cc478b78193f07fb91,https://whoops-benchmark.s3.amazonaws.com/whoops_images/ff0fd660fcaea253f4534d294bff7b3d3435d1341169e9cc478b78193f07fb91.png,1024,1024,ff0fd660fcaea253f4534d294bff7b3d3435d1341169e9cc478b78193f07fb91,a1bc164cef52d7ac10dcad62bb48d20d02cae138f00d857e0a24d1b3051742c7,CC BY 4.0 plus WHOOPS! Dataset License Agreement additional conditions,nlphuji/whoops,cca58d854ee35b6bfbedc14a9155483e89500ae9,5.0.1,12.3.0,sha256(big_endian_uint32(width) || big_endian_uint32(height) || RGB_pixel_bytes_row_major),ff0fd660fcaea253f4534d294bff7b3d3435d1341169e9cc478b78193f07fb91,working-tree:996.png,exact_decoded_match,,,,
997,data/raw_images/abnormal/997.png,ff29222410246aa40b6c9a03358f8628b3e8b4cb8ccda038ba1299bcc7444ed4,https://whoops-benchmark.s3.amazonaws.com/whoops_images/ff29222410246aa40b6c9a03358f8628b3e8b4cb8ccda038ba1299bcc7444ed4.png,1024,1024,ff29222410246aa40b6c9a03358f8628b3e8b4cb8ccda038ba1299bcc7444ed4,5e112665f16dfd8982fbf1f90012e945fa9fe876ab1415f5a8b15a719a6d998d,CC BY 4.0 plus WHOOPS! Dataset License Agreement additional conditions,nlphuji/whoops,cca58d854ee35b6bfbedc14a9155483e89500ae9,5.0.1,12.3.0,sha256(big_endian_uint32(width) || big_endian_uint32(height) || RGB_pixel_bytes_row_major),ff29222410246aa40b6c9a03358f8628b3e8b4cb8ccda038ba1299bcc7444ed4,working-tree:997.png,exact_decoded_match,,,,
998,data/raw_images/abnormal/998.png,ffad7c0deee280ce9578dd0f3094e517b0a1fa7d4ba47c09201c09d5c5eb8494,https://whoops-benchmark.s3.amazonaws.com/whoops_images/ffad7c0deee280ce9578dd0f3094e517b0a1fa7d4ba47c09201c09d5c5eb8494.png,1024,1024,ffad7c0deee280ce9578dd0f3094e517b0a1fa7d4ba47c09201c09d5c5eb8494,2b09beaa289b16ef1f0fa6b7680a64bc3a4e15ae320de31f94fe5241ed591415,CC BY 4.0 plus WHOOPS! Dataset License Agreement additional conditions,nlphuji/whoops,cca58d854ee35b6bfbedc14a9155483e89500ae9,5.0.1,12.3.0,sha256(big_endian_uint32(width) || big_endian_uint32(height) || RGB_pixel_bytes_row_major),ffad7c0deee280ce9578dd0f3094e517b0a1fa7d4ba47c09201c09d5c5eb8494,working-tree:998.png,exact_decoded_match,,,,
